"gender","age","hrs"
"M",28,2.145
"M",30,2.15888888888889
"M",27,2.16361111111111
"M",20,2.16833333333333
"M",30,2.17888888888889
"M",22,2.20055555555556
"M",26,2.2125
"M",34,2.21666666666667
"M",32,2.21777777777778
"M",40,2.24777777777778
"M",33,2.27138888888889
"M",36,2.2725
"M",31,2.27527777777778
"M",25,2.28472222222222
"M",28,2.31333333333333
"M",27,2.32277777777778
"M",31,2.33194444444444
"M",28,2.34861111111111
"M",42,2.36666666666667
"M",31,2.37083333333333
"M",28,2.39333333333333
"M",33,2.3975
"M",30,2.39833333333333
"M",41,2.40527777777778
"M",22,2.40638888888889
"M",43,2.41083333333333
"M",24,2.41277777777778
"M",32,2.42583333333333
"M",25,2.42666666666667
"M",24,2.43
"M",27,2.43638888888889
"M",33,2.44083333333333
"M",33,2.44916666666667
"M",25,2.45277777777778
"M",32,2.45361111111111
"M",30,2.46222222222222
"M",40,2.46388888888889
"M",23,2.46888888888889
"M",30,2.48055555555556
"M",27,2.48222222222222
"M",40,2.4825
"M",37,2.48472222222222
"M",25,2.485
"M",23,2.48555555555556
"M",33,2.49111111111111
"M",25,2.49111111111111
"M",29,2.49388888888889
"M",27,2.50222222222222
"M",27,2.5025
"M",28,2.50361111111111
"M",31,2.50638888888889
"M",30,2.50722222222222
"M",31,2.50805555555556
"M",35,2.51388888888889
"M",40,2.51555555555556
"M",39,2.5175
"M",31,2.51972222222222
"M",45,2.52416666666667
"M",37,2.52472222222222
"M",28,2.52833333333333
"M",41,2.52916666666667
"M",33,2.53166666666667
"M",29,2.53527777777778
"M",32,2.53611111111111
"F",32,2.53777777777778
"F",23,2.53805555555556
"F",30,2.54027777777778
"M",23,2.54166666666667
"M",25,2.54222222222222
"M",32,2.54305555555556
"M",29,2.54861111111111
"M",27,2.54888888888889
"M",30,2.55055555555556
"F",26,2.55222222222222
"M",30,2.55388888888889
"M",26,2.55527777777778
"F",32,2.55666666666667
"M",38,2.55722222222222
"M",27,2.5575
"M",29,2.55805555555556
"M",21,2.55972222222222
"M",32,2.56
"M",31,2.56055555555556
"M",24,2.56194444444444
"M",29,2.56444444444444
"M",30,2.56555555555556
"M",28,2.56694444444444
"M",24,2.57
"M",28,2.57111111111111
"M",27,2.57111111111111
"F",35,2.57222222222222
"M",27,2.57305555555556
"M",30,2.57472222222222
"M",20,2.57472222222222
"M",32,2.57583333333333
"M",31,2.5775
"M",26,2.57916666666667
"M",25,2.58055555555556
"M",24,2.58111111111111
"M",29,2.5825
"M",22,2.58694444444444
"M",38,2.58861111111111
"M",24,2.58916666666667
"M",24,2.59194444444444
"F",21,2.59277777777778
"F",45,2.59361111111111
"M",34,2.59472222222222
"M",26,2.59527777777778
"M",32,2.59583333333333
"M",30,2.59694444444444
"M",28,2.60083333333333
"M",31,2.60166666666667
"M",31,2.60333333333333
"M",43,2.60388888888889
"M",26,2.60527777777778
"F",26,2.60694444444444
"M",25,2.60722222222222
"M",22,2.60944444444444
"M",29,2.61166666666667
"M",23,2.6125
"M",40,2.61277777777778
"M",24,2.61361111111111
"F",40,2.61388888888889
"M",25,2.61444444444444
"M",33,2.61527777777778
"M",25,2.61694444444444
"M",42,2.61777777777778
"F",37,2.61777777777778
"M",22,2.61944444444444
"M",35,2.62
"M",34,2.62111111111111
"M",44,2.62416666666667
"M",29,2.62555555555556
"M",30,2.62805555555556
"M",28,2.62861111111111
"M",26,2.62916666666667
"M",33,2.62972222222222
"M",40,2.62972222222222
"M",41,2.63222222222222
"M",25,2.63222222222222
"M",43,2.63222222222222
"M",28,2.63305555555556
"M",24,2.63333333333333
"M",31,2.63472222222222
"M",21,2.63555555555556
"M",26,2.63583333333333
"M",44,2.63583333333333
"M",27,2.63666666666667
"M",35,2.63833333333333
"M",31,2.63972222222222
"M",28,2.64
"M",22,2.64
"M",26,2.64
"M",24,2.64083333333333
"M",29,2.64472222222222
"M",29,2.64527777777778
"M",25,2.64611111111111
"F",37,2.64722222222222
"M",29,2.65083333333333
"M",34,2.65111111111111
"M",47,2.65194444444444
"M",29,2.65305555555556
"M",31,2.65388888888889
"M",36,2.65527777777778
"M",34,2.65666666666667
"M",25,2.65694444444444
"M",28,2.65694444444444
"M",37,2.6575
"M",33,2.6575
"M",31,2.66194444444444
"M",37,2.66194444444444
"M",26,2.66222222222222
"M",35,2.66416666666667
"M",42,2.66472222222222
"M",33,2.66472222222222
"M",25,2.66472222222222
"M",25,2.66527777777778
"M",26,2.66777777777778
"M",28,2.66777777777778
"M",33,2.66777777777778
"M",27,2.66944444444444
"M",32,2.67
"M",35,2.67027777777778
"M",40,2.67555555555556
"M",33,2.67583333333333
"M",35,2.67611111111111
"M",30,2.67666666666667
"M",33,2.67861111111111
"M",35,2.67888888888889
"M",27,2.67972222222222
"M",41,2.67972222222222
"M",24,2.67972222222222
"M",26,2.68
"M",29,2.68
"M",38,2.68194444444444
"M",25,2.68194444444444
"M",34,2.68222222222222
"M",38,2.68305555555556
"M",26,2.68361111111111
"M",26,2.68361111111111
"M",34,2.95694444444444
"M",28,2.9575
"M",36,2.9575
"M",21,2.95777777777778
"M",21,2.95777777777778
"M",49,2.95777777777778
"F",37,2.95777777777778
"M",44,2.95777777777778
"M",40,2.95805555555556
"M",39,2.95805555555556
"M",26,2.95805555555556
"F",26,2.95861111111111
"M",39,2.95888888888889
"M",43,2.95916666666667
"M",44,2.95916666666667
"M",34,2.95944444444444
"M",45,2.95944444444444
"M",51,2.95944444444444
"M",47,2.95944444444444
"M",45,2.95944444444444
"M",32,2.95972222222222
"M",41,2.95972222222222
"M",30,2.95972222222222
"M",42,2.96
"M",37,2.96027777777778
"M",36,2.96027777777778
"M",34,2.96027777777778
"M",31,2.96055555555556
"M",36,2.96055555555556
"M",32,2.96111111111111
"M",42,2.96111111111111
"M",32,2.96111111111111
"M",29,2.96138888888889
"M",25,2.96166666666667
"M",52,2.96166666666667
"M",48,2.96166666666667
"M",24,2.96166666666667
"M",26,2.96194444444444
"M",22,2.96194444444444
"M",28,2.96194444444444
"M",35,2.96222222222222
"M",38,2.96222222222222
"M",29,2.96277777777778
"M",26,2.96277777777778
"M",31,2.96305555555556
"M",41,2.96305555555556
"M",27,2.96333333333333
"M",44,2.96361111111111
"M",43,2.96361111111111
"M",40,2.96388888888889
"M",37,2.96388888888889
"M",38,2.96388888888889
"M",38,2.96388888888889
"M",31,2.96388888888889
"M",35,2.96416666666667
"M",33,2.96416666666667
"M",38,2.96444444444444
"M",37,2.96444444444444
"M",29,2.96444444444444
"M",45,2.96472222222222
"M",42,2.96472222222222
"M",30,2.965
"M",37,2.965
"M",30,2.965
"M",22,2.96527777777778
"M",20,2.96555555555556
"M",29,2.96555555555556
"M",40,2.96583333333333
"M",28,2.96583333333333
"M",45,2.96583333333333
"M",43,2.96611111111111
"M",44,2.96611111111111
"F",39,2.96611111111111
"M",59,2.96611111111111
"M",42,2.96638888888889
"F",25,2.96638888888889
"M",32,2.96666666666667
"M",53,2.96666666666667
"M",27,2.96694444444444
"M",42,2.96694444444444
"M",42,2.96722222222222
"M",25,2.96722222222222
"M",40,2.9675
"M",54,2.9675
"M",39,2.9675
"M",28,2.9675
"M",41,2.96777777777778
"M",50,2.96833333333333
"M",38,2.96833333333333
"M",29,2.96861111111111
"M",30,2.96861111111111
"M",44,2.96861111111111
"M",40,2.96861111111111
"M",30,2.96888888888889
"M",34,2.96916666666667
"M",51,2.96916666666667
"M",21,2.96916666666667
"M",34,2.96916666666667
"M",41,2.96972222222222
"M",25,2.97027777777778
"M",35,3.65361111111111
"F",33,3.65388888888889
"F",55,3.65388888888889
"M",40,3.65388888888889
"F",38,3.65388888888889
"F",42,3.65388888888889
"M",42,3.65388888888889
"M",31,3.65416666666667
"M",37,3.65416666666667
"M",41,3.65416666666667
"F",27,3.65416666666667
"M",55,3.65416666666667
"M",39,3.65444444444444
"M",37,3.65444444444444
"F",25,3.65444444444444
"M",51,3.65444444444444
"M",45,3.65444444444444
"M",47,3.65444444444444
"F",29,3.65472222222222
"F",40,3.65472222222222
"F",40,3.65472222222222
"F",28,3.65472222222222
"F",40,3.65472222222222
"M",34,3.655
"F",33,3.655
"F",48,3.655
"M",53,3.655
"F",39,3.655
"F",36,3.655
"F",47,3.65527777777778
"F",25,3.65527777777778
"M",51,3.65527777777778
"M",40,3.65527777777778
"M",55,3.65527777777778
"M",47,3.65527777777778
"F",39,3.65527777777778
"M",48,3.65527777777778
"M",55,3.65555555555556
"M",55,3.65555555555556
"M",49,3.65555555555556
"M",45,3.65555555555556
"M",55,3.65583333333333
"M",49,3.65583333333333
"F",50,3.65583333333333
"F",38,3.65583333333333
"F",35,3.65583333333333
"M",33,3.65583333333333
"M",48,3.65583333333333
"M",36,3.65583333333333
"M",52,3.65583333333333
"M",33,3.65583333333333
"M",23,3.65611111111111
"F",47,3.65611111111111
"F",38,3.65611111111111
"M",50,3.65611111111111
"M",35,3.65611111111111
"F",34,3.65638888888889
"M",40,3.65638888888889
"F",26,3.65638888888889
"M",55,3.65638888888889
"F",43,3.65638888888889
"F",29,3.65638888888889
"M",29,3.65638888888889
"F",25,3.65638888888889
"F",26,3.65666666666667
"M",28,3.65666666666667
"M",33,3.65666666666667
"M",40,3.65666666666667
"M",51,3.65666666666667
"F",34,3.65694444444444
"M",52,3.65694444444444
"F",37,3.65694444444444
"M",47,3.65694444444444
"F",27,3.65694444444444
"F",28,3.65694444444444
"M",53,3.65694444444444
"F",29,3.65694444444444
"F",30,3.65722222222222
"F",20,3.65722222222222
"F",52,3.65722222222222
"F",30,3.65722222222222
"M",45,3.6575
"F",36,3.6575
"F",29,3.6575
"M",41,3.6575
"F",28,3.6575
"F",39,3.6575
"M",46,3.65777777777778
"M",46,3.65777777777778
"M",57,3.65777777777778
"M",49,3.65777777777778
"M",43,3.65777777777778
"M",50,3.65777777777778
"F",36,3.65805555555556
"M",57,3.65805555555556
"M",48,3.65805555555556
"F",27,3.65805555555556
"M",45,3.65805555555556
"F",34,3.65805555555556
"M",49,3.65833333333333
"M",56,3.65833333333333
"F",27,3.65833333333333
"F",40,3.65833333333333
"F",44,3.65861111111111
"M",39,3.65861111111111
"F",34,3.65888888888889
"F",51,3.65888888888889
"F",37,3.65888888888889
"F",26,3.65916666666667
"F",35,3.65916666666667
"M",52,3.65916666666667
"M",47,3.65916666666667
"F",27,3.65916666666667
"M",41,3.65916666666667
"F",28,3.65916666666667
"M",52,3.65944444444444
"M",47,3.65944444444444
"M",50,3.65944444444444
"M",40,3.65944444444444
"F",35,3.65944444444444
"F",41,3.65944444444444
"F",45,3.65944444444444
"F",25,3.65972222222222
"F",33,3.65972222222222
"M",42,3.65972222222222
"F",28,3.65972222222222
"F",25,3.65972222222222
"M",54,3.65972222222222
"M",43,3.65972222222222
"F",29,3.65972222222222
"M",49,3.65972222222222
"F",53,3.65972222222222
"M",42,3.65972222222222
"F",29,3.66
"F",47,3.66
"F",22,3.66
"M",42,3.66
"M",52,3.66
"F",51,3.66
"F",31,3.66
"F",30,3.66
"F",37,3.66
"M",30,3.66027777777778
"F",36,3.66027777777778
"F",42,3.66027777777778
"F",36,3.66055555555556
"F",48,3.66055555555556
"F",41,3.66055555555556
"F",46,3.66055555555556
"M",57,3.66083333333333
"M",48,3.66083333333333
"M",56,3.66083333333333
"M",49,3.66083333333333
"F",30,3.66083333333333
"F",46,3.66083333333333
"M",51,3.66083333333333
"M",58,3.66083333333333
"F",31,3.66111111111111
"F",25,3.66111111111111
"F",31,3.66111111111111
"M",41,3.66111111111111
"M",52,3.66111111111111
"F",35,3.66111111111111
"M",52,3.66111111111111
"F",41,3.66111111111111
"M",51,3.66111111111111
"M",62,3.66138888888889
"M",61,3.66138888888889
"F",36,3.66138888888889
"M",40,3.66166666666667
"M",44,3.66166666666667
"F",26,3.66194444444444
"F",41,3.66194444444444
"M",50,3.6625
"F",36,3.6625
"F",52,3.66277777777778
"M",55,3.66277777777778
"M",46,3.66277777777778
"M",52,3.66277777777778
"F",32,3.66277777777778
"M",40,3.66277777777778
"M",52,3.66277777777778
"F",26,3.66277777777778
"F",26,3.66277777777778
"M",28,3.66305555555556
"M",49,3.66305555555556
"M",57,3.66305555555556
"M",41,3.66305555555556
"M",45,3.66333333333333
"F",24,3.66333333333333
"F",37,3.66333333333333
"F",37,3.66333333333333
"F",35,3.66333333333333
"M",50,3.66333333333333
"M",47,3.66333333333333
"F",25,3.66333333333333
"F",45,3.66333333333333
"M",60,3.66333333333333
"M",32,3.66333333333333
"F",27,3.66361111111111
"F",43,3.66361111111111
"F",23,3.66361111111111
"F",42,3.66361111111111
"F",36,3.66361111111111
"M",24,3.66361111111111
"M",46,3.66361111111111
"M",45,3.66361111111111
"F",25,3.66388888888889
"F",44,3.66388888888889
"F",27,3.66388888888889
"M",40,3.66416666666667
"M",50,3.66416666666667
"F",41,3.66416666666667
"F",46,3.66416666666667
"M",48,3.66416666666667
"M",46,3.66444444444444
"M",51,3.66444444444444
"F",42,3.66444444444444
"F",28,3.66444444444444
"F",38,3.66444444444444
"F",32,3.66444444444444
"M",50,3.66444444444444
"M",57,3.66444444444444
"M",54,3.66444444444444
"M",45,3.66444444444444
"F",41,3.66444444444444
"M",48,3.66472222222222
"F",24,3.66472222222222
"F",30,3.66472222222222
"F",40,3.66472222222222
"F",34,3.66472222222222
"F",22,3.665
"F",40,3.665
"F",30,3.665
"F",37,3.665
"F",43,3.66527777777778
"F",29,3.66527777777778
"F",51,3.66527777777778
"M",55,3.66527777777778
"F",30,3.66527777777778
"F",44,3.66555555555556
"F",25,3.66555555555556
"M",27,3.66555555555556
"M",52,3.66583333333333
"M",60,3.66583333333333
"M",55,3.66583333333333
"F",29,3.66583333333333
"M",52,3.66583333333333
"M",39,3.66611111111111
"M",53,3.66611111111111
"F",36,3.66611111111111
"M",45,3.66611111111111
"F",27,3.66611111111111
"M",45,3.66611111111111
"M",40,3.66611111111111
"M",40,3.66611111111111
"F",28,3.66611111111111
"F",41,3.66611111111111
"M",52,3.66638888888889
"F",34,3.66638888888889
"F",35,3.66638888888889
"M",39,3.66666666666667
"M",69,3.66666666666667
"F",37,3.66666666666667
"F",27,3.66666666666667
"M",36,3.66666666666667
"F",53,3.66666666666667
"M",50,3.66666666666667
"F",32,3.66666666666667
"F",37,3.66694444444444
"M",50,3.66694444444444
"M",55,3.66694444444444
"F",31,3.66722222222222
"F",43,3.66722222222222
"M",54,3.6675
"M",24,3.6675
"M",48,3.6675
"M",39,3.66777777777778
"M",50,3.66777777777778
"M",51,3.66777777777778
"F",33,3.66777777777778
"M",57,3.66777777777778
"F",50,3.66777777777778
"M",23,3.66777777777778
"M",51,3.66805555555556
"F",27,3.66805555555556
"F",44,3.66833333333333
"F",50,3.66833333333333
"F",23,3.66833333333333
"M",49,3.66833333333333
"F",33,3.66833333333333
"M",59,3.66833333333333
"F",51,3.66861111111111
"F",25,3.66861111111111
"M",47,3.66861111111111
"F",34,3.66861111111111
"M",53,3.66861111111111
"M",52,3.66861111111111
"F",45,3.66861111111111
"F",29,3.66888888888889
"M",27,3.66888888888889
"M",39,3.66888888888889
"M",52,3.66888888888889
"F",39,3.66916666666667
"F",45,3.66916666666667
"F",45,3.66916666666667
"F",47,3.66916666666667
"F",22,3.66916666666667
"F",42,3.66944444444444
"M",46,3.66944444444444
"M",48,3.66972222222222
"M",33,3.66972222222222
"F",40,3.66972222222222
"F",42,3.66972222222222
"F",37,3.66972222222222
"M",49,3.67
"F",43,3.67
"M",47,3.67
"M",40,3.67
"M",41,3.67027777777778
"M",22,3.67027777777778
"M",39,3.67027777777778
"M",51,3.67027777777778
"M",52,3.67055555555556
"F",26,3.67083333333333
"F",47,3.67083333333333
"F",39,3.67111111111111
"F",52,3.67111111111111
"M",46,3.67111111111111
"F",35,3.67111111111111
"F",40,3.67111111111111
"M",57,3.67111111111111
"F",40,3.67138888888889
"F",41,3.67138888888889
"M",26,3.67138888888889
"F",50,3.67166666666667
"F",27,3.67166666666667
"F",28,3.67166666666667
"F",41,3.67194444444444
"F",25,3.67194444444444
"F",28,3.67194444444444
"F",34,3.67194444444444
"F",41,3.67194444444444
"F",34,3.67194444444444
"M",42,3.67222222222222
"F",47,3.67222222222222
"F",25,3.67222222222222
"F",43,3.67222222222222
"M",45,3.67222222222222
"F",38,3.67222222222222
"M",40,3.67222222222222
"F",36,3.67222222222222
"M",24,3.6725
"F",19,3.6725
"M",51,3.6725
"M",24,3.6725
"M",55,3.6725
"F",43,3.6725
"F",36,3.6725
"M",45,3.67277777777778
"M",64,3.67277777777778
"F",38,3.67277777777778
"F",44,3.67277777777778
"F",22,3.67277777777778
"F",50,3.67305555555556
"F",29,3.67305555555556
"F",31,3.67305555555556
"F",39,3.67305555555556
"F",37,3.67305555555556
"F",35,3.67305555555556
"F",41,3.67333333333333
"M",48,3.67333333333333
"F",44,3.67333333333333
"M",27,3.67333333333333
"M",41,3.67333333333333
"M",43,3.67333333333333
"M",55,3.67361111111111
"F",30,3.67361111111111
"F",33,3.67361111111111
"F",35,3.67361111111111
"M",57,3.67361111111111
"F",32,3.67361111111111
"M",54,3.67361111111111
"F",47,3.67388888888889
"M",50,3.67416666666667
"M",37,3.67416666666667
"F",32,3.67416666666667
"F",24,3.67416666666667
"M",36,3.67416666666667
"M",46,3.67416666666667
"F",40,3.67416666666667
"M",29,3.67416666666667
"F",23,3.67416666666667
"M",57,3.67444444444444
"F",30,3.67444444444444
"F",31,3.67444444444444
"M",44,3.67472222222222
"M",48,3.67472222222222
"F",27,3.67472222222222
"F",24,3.67472222222222
"F",38,3.67472222222222
"F",40,3.67472222222222
"M",47,3.67472222222222
"M",48,3.675
"M",46,3.675
"M",49,3.67527777777778
"F",38,3.67527777777778
"M",55,3.67527777777778
"M",50,3.67527777777778
"M",45,3.67527777777778
"M",45,3.67555555555556
"M",49,3.67555555555556
"F",31,3.67555555555556
"M",47,3.67555555555556
"M",44,3.67555555555556
"M",51,3.67583333333333
"M",47,3.67583333333333
"F",37,3.67583333333333
"M",48,3.67583333333333
"M",31,3.67583333333333
"F",26,3.67583333333333
"F",31,3.67611111111111
"F",36,3.67611111111111
"F",52,3.67611111111111
"F",26,3.67611111111111
"F",28,3.67611111111111
"M",45,3.67611111111111
"F",40,3.67638888888889
"M",42,3.67638888888889
"M",46,3.67638888888889
"M",47,3.67638888888889
"F",28,3.67666666666667
"M",46,3.67666666666667
"F",35,3.67666666666667
"M",21,3.67666666666667
"M",45,3.67666666666667
"F",41,3.67666666666667
"M",37,3.67694444444444
"F",33,3.67694444444444
"M",49,3.67694444444444
"F",34,3.67694444444444
"F",52,3.67694444444444
"M",55,3.67722222222222
"M",60,3.67722222222222
"M",57,3.67722222222222
"M",47,3.6775
"F",45,3.6775
"M",43,3.6775
"M",54,3.6775
"F",27,3.6775
"M",50,3.6775
"M",39,3.67777777777778
"M",59,3.67777777777778
"F",47,3.67777777777778
"F",32,3.67805555555556
"M",45,3.67805555555556
"F",26,3.67805555555556
"M",53,3.67833333333333
"F",40,3.67833333333333
"M",57,3.67833333333333
"F",32,3.67833333333333
"F",35,3.67888888888889
"F",28,3.67888888888889
"F",38,3.67888888888889
"M",53,3.67888888888889
"M",48,3.67888888888889
"F",37,3.67888888888889
"M",56,3.67888888888889
"M",48,3.67916666666667
"F",25,3.67916666666667
"M",49,3.67916666666667
"M",36,3.67916666666667
"M",47,3.67916666666667
"F",32,3.67916666666667
"M",52,3.67916666666667
"F",40,3.67916666666667
"M",54,3.67916666666667
"M",52,3.67944444444444
"M",46,3.67944444444444
"F",44,3.67944444444444
"F",47,3.67944444444444
"F",39,3.67972222222222
"M",29,3.67972222222222
"M",47,3.67972222222222
"F",48,3.67972222222222
"M",45,3.68
"M",45,3.68
"M",43,3.68
"F",42,3.68027777777778
"M",45,3.68027777777778
"F",35,3.68027777777778
"M",19,3.68027777777778
"F",25,3.68027777777778
"F",44,3.68027777777778
"M",57,3.68027777777778
"F",43,3.68027777777778
"M",52,3.68027777777778
"F",25,3.68055555555556
"M",67,3.68055555555556
"M",65,3.68055555555556
"M",46,3.68055555555556
"M",48,3.68055555555556
"M",38,3.68055555555556
"F",27,3.68083333333333
"M",49,3.68111111111111
"F",40,3.68111111111111
"M",56,3.68111111111111
"F",28,3.68111111111111
"F",37,3.68138888888889
"M",56,3.68138888888889
"M",47,3.68138888888889
"M",47,3.68138888888889
"M",45,3.68138888888889
"F",30,3.68138888888889
"F",38,3.68138888888889
"F",51,3.68138888888889
"F",40,3.68138888888889
"F",31,3.68138888888889
"F",44,3.68138888888889
"M",48,3.68138888888889
"M",30,3.68166666666667
"F",29,3.68166666666667
"F",23,3.68166666666667
"M",37,3.68194444444444
"M",55,3.68194444444444
"M",56,3.68194444444444
"F",33,3.68222222222222
"M",62,3.68222222222222
"F",41,3.68222222222222
"M",26,3.68222222222222
"M",32,3.68222222222222
"F",45,3.6825
"F",46,3.6825
"M",45,3.6825
"F",40,3.6825
"F",30,3.68277777777778
"F",29,3.68277777777778
"F",24,3.68277777777778
"M",54,3.68277777777778
"F",27,3.68305555555556
"F",47,3.68305555555556
"M",61,3.68305555555556
"F",25,3.68305555555556
"F",29,3.68305555555556
"F",39,3.68305555555556
"F",47,3.68305555555556
"M",57,3.68333333333333
"F",24,3.68333333333333
"F",27,3.68333333333333
"F",29,3.68333333333333
"F",43,3.68361111111111
"F",38,3.68361111111111
"M",45,3.68361111111111
"F",27,3.68361111111111
"F",38,3.68361111111111
"M",35,3.68361111111111
"M",56,3.68361111111111
"F",25,3.68361111111111
"M",38,3.68361111111111
"M",53,3.68388888888889
"F",26,3.68388888888889
"F",39,3.68416666666667
"M",43,3.68416666666667
"F",24,3.68416666666667
"F",40,3.68416666666667
"M",48,3.68416666666667
"F",32,3.68444444444444
"F",32,3.68444444444444
"M",39,3.68444444444444
"M",48,3.68444444444444
"M",43,3.68444444444444
"F",39,3.68444444444444
"F",40,3.68472222222222
"M",55,3.68472222222222
"F",44,3.68472222222222
"F",53,3.68472222222222
"F",27,3.68472222222222
"M",54,3.685
"M",55,3.685
"M",47,3.685
"F",34,3.685
"M",48,3.68527777777778
"F",33,3.68527777777778
"F",30,3.68527777777778
"M",56,3.68527777777778
"M",45,3.68527777777778
"M",55,3.68527777777778
"M",30,3.68527777777778
"M",40,3.68527777777778
"F",30,3.68527777777778
"F",27,3.68527777777778
"F",35,3.68555555555556
"F",40,3.68583333333333
"M",60,3.68583333333333
"F",32,3.68583333333333
"F",40,3.68583333333333
"F",34,3.68611111111111
"M",46,3.68611111111111
"M",42,3.68611111111111
"F",45,3.68611111111111
"M",44,3.68638888888889
"M",43,3.68638888888889
"F",37,3.68638888888889
"F",28,3.68638888888889
"M",43,3.68638888888889
"M",34,3.68638888888889
"M",58,3.68638888888889
"M",62,3.68638888888889
"M",41,3.68666666666667
"F",46,3.68666666666667
"M",33,3.68666666666667
"F",37,3.68666666666667
"M",45,3.68666666666667
"F",28,3.68694444444444
"F",35,3.68694444444444
"M",59,3.68694444444444
"M",47,3.68694444444444
"M",46,3.68694444444444
"M",50,3.68722222222222
"F",40,3.6875
"F",39,3.6875
"M",50,3.6875
"M",32,3.6875
"F",24,3.68777777777778
"F",27,3.68777777777778
"M",45,3.68777777777778
"M",46,3.68777777777778
"M",32,3.68777777777778
"M",41,3.68777777777778
"M",50,3.68777777777778
"F",39,3.68777777777778
"M",21,3.68777777777778
"M",54,3.68805555555556
"M",47,3.68805555555556
"F",32,3.68833333333333
"F",35,3.68833333333333
"M",52,3.68833333333333
"M",38,3.68833333333333
"M",55,3.68833333333333
"M",35,3.68833333333333
"F",38,3.68833333333333
"F",31,3.68861111111111
"F",36,3.68861111111111
"M",38,3.68861111111111
"M",46,3.68861111111111
"M",29,3.68861111111111
"M",50,3.68888888888889
"F",47,3.68888888888889
"F",35,3.68916666666667
"M",45,3.68916666666667
"M",63,3.68916666666667
"F",41,3.68916666666667
"F",27,3.68944444444444
"F",33,3.68944444444444
"M",54,3.68944444444444
"M",40,3.68944444444444
"M",48,3.68944444444444
"M",42,3.68944444444444
"M",59,3.68972222222222
"M",33,3.68972222222222
"M",46,3.68972222222222
"M",47,3.68972222222222
"M",49,3.69
"M",47,3.69
"M",35,3.69
"F",32,3.69
"M",56,3.69027777777778
"F",48,3.69027777777778
"F",40,3.69027777777778
"F",37,3.69027777777778
"F",23,3.69027777777778
"F",33,3.69027777777778
"F",25,3.69027777777778
"M",56,3.69027777777778
"F",25,3.69055555555556
"M",37,3.69083333333333
"M",55,3.69083333333333
"M",43,3.69083333333333
"M",24,3.69083333333333
"F",49,3.69083333333333
"F",32,3.69083333333333
"F",54,3.69083333333333
"M",41,3.69083333333333
"M",37,3.69083333333333
"F",37,3.69111111111111
"F",34,3.69111111111111
"M",55,3.69111111111111
"F",42,3.69138888888889
"M",37,3.69138888888889
"M",54,3.69138888888889
"M",57,3.69166666666667
"F",31,3.69166666666667
"M",62,3.69166666666667
"F",43,3.69166666666667
"M",52,3.69166666666667
"F",42,3.69194444444444
"M",47,3.69194444444444
"F",36,3.69194444444444
"M",49,3.69222222222222
"M",42,3.69222222222222
"M",56,3.69222222222222
"F",44,3.69222222222222
"F",29,3.69222222222222
"M",37,3.69222222222222
"F",30,3.69222222222222
"F",50,3.6925
"M",50,3.6925
"M",32,3.6925
"M",43,3.6925
"F",42,3.6925
"F",30,3.69277777777778
"M",45,3.69277777777778
"F",26,3.69277777777778
"F",37,3.69277777777778
"F",32,3.69277777777778
"M",50,3.69277777777778
"M",43,3.69277777777778
"M",41,3.69305555555556
"M",45,3.69305555555556
"F",41,3.69305555555556
"F",40,3.69305555555556
"F",25,3.69333333333333
"M",36,3.69333333333333
"M",32,3.69333333333333
"M",47,3.69333333333333
"M",58,3.69333333333333
"F",38,3.69333333333333
"M",57,3.69333333333333
"M",56,3.69333333333333
"F",33,3.69361111111111
"M",46,3.69361111111111
"M",64,3.69361111111111
"M",52,3.69361111111111
"F",43,3.69388888888889
"M",49,3.69388888888889
"M",39,3.69416666666667
"M",55,3.69416666666667
"F",40,3.69416666666667
"F",39,3.69444444444444
"F",44,3.69444444444444
"F",47,3.69444444444444
"M",46,3.69444444444444
"M",56,3.69472222222222
"M",43,3.69472222222222
"F",47,3.695
"M",42,3.695
"F",26,3.695
"M",44,3.695
"M",37,3.695
"F",21,3.695
"F",45,3.695
"M",46,3.69527777777778
"F",46,3.69527777777778
"F",28,3.69527777777778
"M",52,3.69527777777778
"F",28,3.69555555555556
"M",45,3.69555555555556
"M",57,3.69583333333333
"M",41,3.69583333333333
"M",56,3.69583333333333
"M",47,3.69583333333333
"M",48,3.69611111111111
"F",49,3.69611111111111
"F",49,3.69611111111111
"F",31,3.69638888888889
"M",47,3.69666666666667
"F",37,3.69666666666667
"F",38,3.69666666666667
"F",40,3.69694444444444
"F",40,3.69694444444444
"F",29,3.69694444444444
"F",48,3.69694444444444
"M",55,3.69694444444444
"F",41,3.69722222222222
"M",45,3.69722222222222
"M",53,3.69722222222222
"M",45,3.69722222222222
"M",54,3.69722222222222
"M",57,3.6975
"F",25,3.6975
"F",34,3.6975
"F",26,3.69777777777778
"M",32,3.69777777777778
"F",43,3.69805555555556
"M",54,3.69805555555556
"F",38,3.69805555555556
"M",58,3.69805555555556
"F",37,3.69833333333333
"F",37,3.69833333333333
"F",35,3.69833333333333
"F",42,3.69861111111111
"F",22,3.69861111111111
"M",52,3.69861111111111
"M",51,3.69861111111111
"F",33,3.69861111111111
"F",45,3.69861111111111
"F",38,3.69861111111111
"F",31,3.69861111111111
"M",40,3.69861111111111
"M",35,3.69888888888889
"M",45,3.69888888888889
"F",39,3.69888888888889
"M",45,3.69888888888889
"F",27,3.69916666666667
"M",54,3.69916666666667
"M",47,3.69916666666667
"F",42,3.69944444444444
"M",54,3.69944444444444
"M",50,3.69944444444444
"F",48,3.69972222222222
"M",57,3.7
"F",48,3.7
"M",55,3.7
"F",50,3.7
"F",36,3.7
"M",42,3.7
"F",40,3.70027777777778
"F",29,3.70055555555556
"M",42,3.70055555555556
"M",46,3.70083333333333
"M",51,3.70083333333333
"F",31,3.70083333333333
"F",31,3.70083333333333
"M",54,3.70083333333333
"F",41,3.70083333333333
"M",38,3.70083333333333
"M",60,3.70083333333333
"F",47,3.70083333333333
"M",61,3.70111111111111
"M",46,3.70111111111111
"F",42,3.70138888888889
"M",45,3.70138888888889
"F",27,3.70138888888889
"F",30,3.70138888888889
"M",60,3.70166666666667
"F",36,3.70166666666667
"F",40,3.70166666666667
"F",24,3.70166666666667
"M",46,3.70166666666667
"M",39,3.70166666666667
"F",30,3.70166666666667
"M",52,3.70194444444444
"M",52,3.70194444444444
"M",55,3.70222222222222
"M",52,3.70222222222222
"M",49,3.70222222222222
"F",39,3.7025
"F",44,3.7025
"F",33,3.7025
"M",54,3.7025
"F",33,3.7025
"M",50,3.7025
"M",42,3.7025
"F",41,3.70277777777778
"F",32,3.70277777777778
"F",31,3.70277777777778
"F",31,3.70277777777778
"F",45,3.70277777777778
"F",46,3.70277777777778
"F",38,3.70277777777778
"M",47,3.70305555555556
"F",40,3.70305555555556
"F",27,3.70305555555556
"F",28,3.70305555555556
"F",42,3.70305555555556
"M",52,3.70305555555556
"F",29,3.70333333333333
"M",49,3.70333333333333
"F",43,3.70333333333333
"F",28,3.70333333333333
"M",55,3.70333333333333
"M",42,3.70361111111111
"F",45,3.70361111111111
"M",52,3.70361111111111
"F",41,3.70361111111111
"F",45,3.70361111111111
"M",53,3.70361111111111
"M",61,3.70361111111111
"F",27,3.70361111111111
"F",40,3.70361111111111
"F",45,3.70388888888889
"M",51,3.70388888888889
"M",52,3.70388888888889
"M",22,3.70388888888889
"F",22,3.70416666666667
"M",36,3.70416666666667
"F",29,3.70416666666667
"M",40,3.70444444444444
"F",32,3.70444444444444
"F",27,3.70444444444444
"M",51,3.70444444444444
"M",53,3.70472222222222
"F",37,3.70472222222222
"F",33,3.70472222222222
"F",40,3.70472222222222
"F",27,3.705
"F",23,3.705
"F",29,3.705
"M",39,3.705
"M",44,3.70527777777778
"F",36,3.70527777777778
"F",40,3.70527777777778
"F",25,3.70555555555556
"F",29,3.70555555555556
"F",38,3.70555555555556
"M",22,3.70555555555556
"M",48,3.70555555555556
"M",46,3.70555555555556
"F",28,3.70555555555556
"M",48,3.70583333333333
"M",40,3.70583333333333
"M",25,3.70583333333333
"M",23,3.70583333333333
"F",39,3.70583333333333
"F",46,3.70611111111111
"F",45,3.70611111111111
"M",46,3.70611111111111
"F",37,3.70611111111111
"F",29,3.70611111111111
"M",55,3.70611111111111
"M",55,3.70611111111111
"F",44,3.70611111111111
"M",46,3.70611111111111
"F",27,3.70638888888889
"F",56,3.70638888888889
"F",35,3.70666666666667
"F",37,3.70666666666667
"F",28,3.70666666666667
"F",40,3.70666666666667
"F",37,3.70666666666667
"M",45,3.70666666666667
"M",56,3.70666666666667
"F",44,3.70666666666667
"M",40,3.70666666666667
"F",40,3.70694444444444
"M",43,3.70694444444444
"F",21,3.70694444444444
"F",36,3.70694444444444
"M",49,3.70722222222222
"F",22,3.70722222222222
"F",46,3.70722222222222
"F",34,3.70722222222222
"F",45,3.70722222222222
"M",39,3.7075
"F",42,3.7075
"M",56,3.7075
"M",58,3.7075
"M",54,3.7075
"F",24,3.7075
"M",39,3.70777777777778
"M",30,3.70777777777778
"M",40,3.70777777777778
"F",39,3.70777777777778
"F",26,3.70777777777778
"M",49,3.70777777777778
"M",53,3.70805555555556
"F",40,3.70805555555556
"F",25,3.70805555555556
"F",25,3.70805555555556
"M",44,3.70833333333333
"F",41,3.70833333333333
"M",56,3.70833333333333
"M",52,3.70833333333333
"F",34,3.70833333333333
"F",20,3.70833333333333
"F",52,3.70833333333333
"M",57,3.70833333333333
"F",28,3.70861111111111
"F",54,3.70861111111111
"M",49,3.70861111111111
"M",27,3.70861111111111
"F",38,3.70861111111111
"F",33,3.70888888888889
"M",45,3.70888888888889
"M",46,3.70888888888889
"M",47,3.70888888888889
"F",43,3.70888888888889
"M",42,3.70888888888889
"M",36,3.70916666666667
"F",44,3.70916666666667
"M",56,3.70916666666667
"F",39,3.70916666666667
"F",36,3.70916666666667
"F",32,3.70944444444444
"F",25,3.70944444444444
"F",39,3.70944444444444
"F",50,3.70944444444444
"F",38,3.70944444444444
"M",48,3.70972222222222
"F",47,3.70972222222222
"F",45,3.70972222222222
"F",39,3.70972222222222
"F",35,3.70972222222222
"M",37,3.70972222222222
"M",50,3.71
"F",45,3.71
"M",58,3.71
"M",51,3.71
"F",41,3.71027777777778
"F",45,3.71027777777778
"M",36,2.97027777777778
"M",44,2.97055555555556
"M",31,2.97055555555556
"M",23,2.97083333333333
"M",43,2.97083333333333
"M",36,2.97083333333333
"M",38,2.97083333333333
"M",34,2.97083333333333
"M",39,2.97111111111111
"M",37,2.97138888888889
"M",34,2.97138888888889
"M",34,2.97138888888889
"M",43,2.97166666666667
"M",32,2.97166666666667
"F",21,2.97194444444444
"M",29,2.97194444444444
"M",37,2.97194444444444
"F",33,2.97194444444444
"M",27,2.97222222222222
"M",48,2.97222222222222
"M",39,2.97222222222222
"M",32,2.97222222222222
"M",38,2.97222222222222
"M",40,2.9725
"M",45,2.97305555555556
"M",26,2.97305555555556
"M",53,2.97305555555556
"M",42,2.97333333333333
"M",29,2.97333333333333
"M",32,2.97361111111111
"M",28,2.97361111111111
"M",38,2.97388888888889
"M",43,2.97388888888889
"M",20,2.97388888888889
"M",48,2.97388888888889
"M",22,2.97416666666667
"M",43,2.97416666666667
"M",31,2.97444444444444
"M",30,2.97472222222222
"M",37,2.97472222222222
"M",38,2.97472222222222
"M",44,2.97472222222222
"M",36,2.97472222222222
"M",41,2.97527777777778
"M",20,2.97555555555556
"F",28,2.97583333333333
"M",45,2.97583333333333
"M",26,2.97611111111111
"M",46,2.97611111111111
"M",33,2.97611111111111
"M",43,2.97611111111111
"M",31,2.97638888888889
"M",31,2.97638888888889
"M",32,2.97638888888889
"M",23,2.97666666666667
"F",34,2.97666666666667
"M",37,2.97666666666667
"M",29,2.97694444444444
"M",39,2.97694444444444
"M",33,2.97694444444444
"M",34,2.97722222222222
"M",47,2.97722222222222
"M",34,2.97722222222222
"M",43,2.9775
"M",29,2.97805555555556
"M",34,2.97833333333333
"M",34,2.97833333333333
"M",37,2.97833333333333
"M",41,2.97833333333333
"M",29,2.97861111111111
"M",34,2.97861111111111
"M",40,2.97888888888889
"M",24,2.97888888888889
"M",23,2.97888888888889
"M",47,2.97916666666667
"M",44,2.97916666666667
"F",22,2.97944444444444
"F",22,2.97944444444444
"M",39,2.97972222222222
"M",37,2.97972222222222
"M",43,2.97972222222222
"M",41,2.98027777777778
"F",26,2.98027777777778
"M",43,2.98083333333333
"M",24,2.98083333333333
"M",32,2.98111111111111
"M",42,2.98111111111111
"M",43,2.98111111111111
"M",28,2.98138888888889
"M",33,2.98138888888889
"M",49,2.98138888888889
"M",37,2.98138888888889
"M",42,2.98166666666667
"M",40,2.98166666666667
"M",51,2.98166666666667
"M",35,2.98166666666667
"M",28,2.98166666666667
"M",27,2.98194444444444
"M",27,2.98194444444444
"M",34,2.98194444444444
"M",58,3.71027777777778
"M",50,3.71027777777778
"F",35,3.71027777777778
"F",35,3.71027777777778
"F",37,3.71027777777778
"M",56,3.71027777777778
"F",52,3.71027777777778
"M",45,3.71055555555556
"F",26,3.71055555555556
"F",28,3.71055555555556
"F",40,3.71083333333333
"M",47,3.71083333333333
"F",43,3.71083333333333
"M",41,3.71111111111111
"M",55,3.71111111111111
"F",41,3.71111111111111
"F",36,3.71111111111111
"M",46,3.71111111111111
"F",27,3.71138888888889
"M",43,3.71138888888889
"F",35,3.71138888888889
"M",55,3.71166666666667
"F",43,3.71166666666667
"F",24,3.71166666666667
"F",39,3.71166666666667
"M",57,3.71166666666667
"F",28,3.71166666666667
"F",35,3.71166666666667
"M",61,3.71166666666667
"M",50,3.71194444444444
"F",40,3.71194444444444
"M",37,3.71194444444444
"F",40,3.71222222222222
"F",42,3.71222222222222
"M",41,3.71222222222222
"M",56,3.71222222222222
"M",44,3.71222222222222
"F",41,3.71222222222222
"F",26,3.7125
"F",45,3.7125
"F",36,3.7125
"M",45,3.7125
"F",32,3.7125
"F",36,3.7125
"F",40,3.7125
"M",45,3.7125
"M",46,3.7125
"M",59,3.71277777777778
"M",52,3.71277777777778
"M",45,3.71277777777778
"M",51,3.71277777777778
"F",37,3.71277777777778
"F",32,3.71305555555556
"F",37,3.71305555555556
"F",44,3.71305555555556
"M",62,3.71305555555556
"F",34,3.71305555555556
"F",38,3.71305555555556
"F",23,3.71305555555556
"M",58,3.71333333333333
"M",46,3.71333333333333
"F",44,3.71333333333333
"F",44,3.71333333333333
"M",51,3.71361111111111
"M",53,3.71361111111111
"F",35,3.71361111111111
"M",53,3.71388888888889
"M",60,3.71388888888889
"M",49,3.71388888888889
"M",32,3.71388888888889
"F",36,3.71388888888889
"M",45,3.71388888888889
"F",44,3.71388888888889
"M",54,3.71388888888889
"M",50,3.71388888888889
"F",33,3.71416666666667
"M",55,3.71416666666667
"M",56,3.71416666666667
"M",44,3.71416666666667
"F",27,3.71444444444444
"F",34,3.71444444444444
"F",29,3.71444444444444
"M",50,3.71444444444444
"F",39,3.71472222222222
"M",33,3.71472222222222
"F",48,3.71472222222222
"F",36,3.71472222222222
"M",51,3.71472222222222
"M",41,3.71472222222222
"M",50,3.71472222222222
"F",43,3.715
"M",40,3.715
"M",57,3.715
"M",50,3.715
"F",38,3.715
"F",29,3.71527777777778
"F",25,3.71527777777778
"F",28,3.71527777777778
"M",55,3.71527777777778
"F",47,3.71527777777778
"F",33,3.71527777777778
"F",33,3.71527777777778
"M",32,3.71555555555556
"M",45,3.71555555555556
"M",35,3.71555555555556
"F",40,3.71555555555556
"M",47,3.71555555555556
"F",30,3.71555555555556
"F",42,3.71583333333333
"M",61,3.71583333333333
"M",42,3.71583333333333
"F",24,3.71583333333333
"M",45,3.71611111111111
"M",40,3.71611111111111
"F",27,3.71611111111111
"F",58,3.71638888888889
"F",48,3.71638888888889
"M",54,3.71638888888889
"F",61,3.71638888888889
"M",29,3.71638888888889
"F",22,3.71666666666667
"F",43,3.71666666666667
"M",50,3.71666666666667
"F",35,3.71666666666667
"F",28,3.71694444444444
"M",56,3.71694444444444
"F",52,3.71694444444444
"M",51,3.71694444444444
"M",49,3.71694444444444
"M",33,3.71722222222222
"F",26,3.71722222222222
"M",52,3.71722222222222
"M",55,3.71722222222222
"M",36,3.71722222222222
"M",63,3.71722222222222
"F",25,3.7175
"F",45,3.7175
"F",23,3.7175
"M",46,3.7175
"F",31,3.7175
"F",43,3.7175
"M",52,3.71777777777778
"M",48,3.71777777777778
"M",55,3.71777777777778
"M",46,3.71777777777778
"M",58,3.71777777777778
"M",55,3.71805555555556
"F",27,3.71805555555556
"F",26,3.71805555555556
"F",34,3.71833333333333
"F",27,3.71833333333333
"F",22,3.71833333333333
"M",27,3.71833333333333
"M",54,3.71833333333333
"F",41,3.71833333333333
"F",55,3.71861111111111
"M",48,3.71861111111111
"F",40,3.71861111111111
"F",36,3.71861111111111
"F",37,3.71861111111111
"M",56,3.71888888888889
"M",66,3.71888888888889
"M",58,3.71888888888889
"F",31,3.71888888888889
"M",49,3.71916666666667
"F",35,3.71916666666667
"F",25,3.71916666666667
"M",51,3.71916666666667
"M",38,3.71916666666667
"F",55,3.71944444444444
"M",62,3.71944444444444
"F",47,3.71944444444444
"F",39,3.71972222222222
"M",56,3.71972222222222
"M",46,3.72027777777778
"M",48,3.72027777777778
"M",55,3.72027777777778
"M",51,3.72027777777778
"M",50,3.72027777777778
"F",46,3.72027777777778
"M",59,3.72027777777778
"F",41,3.72027777777778
"M",48,3.72027777777778
"M",49,3.72055555555556
"M",52,3.72055555555556
"M",52,3.72055555555556
"F",35,3.72055555555556
"M",41,3.72055555555556
"M",53,3.72055555555556
"F",38,3.72055555555556
"M",54,3.72083333333333
"M",30,3.72083333333333
"M",43,3.72083333333333
"M",45,3.72111111111111
"M",52,3.72111111111111
"M",45,3.72111111111111
"F",36,3.72111111111111
"M",20,3.72111111111111
"F",33,3.72111111111111
"M",55,3.72138888888889
"F",44,3.72138888888889
"F",23,3.72138888888889
"M",52,3.72138888888889
"F",29,3.72138888888889
"M",45,3.72166666666667
"M",60,3.72166666666667
"M",57,3.72166666666667
"F",26,3.72166666666667
"F",31,3.72166666666667
"M",59,3.72194444444444
"F",48,3.72222222222222
"F",28,3.72222222222222
"M",34,3.72222222222222
"M",61,3.72222222222222
"F",35,3.72222222222222
"F",44,3.72222222222222
"M",48,3.72222222222222
"M",27,3.7225
"F",44,3.7225
"F",41,3.7225
"F",33,3.7225
"M",47,3.72277777777778
"F",40,3.72277777777778
"M",50,3.72277777777778
"F",44,3.72277777777778
"F",35,3.72277777777778
"F",35,3.72277777777778
"F",43,3.72277777777778
"F",41,3.72305555555556
"M",40,3.72305555555556
"F",30,3.72305555555556
"F",36,3.72305555555556
"F",39,3.72305555555556
"M",45,3.72305555555556
"M",36,3.72333333333333
"F",40,3.72333333333333
"M",50,3.72333333333333
"M",45,3.72333333333333
"F",30,3.72361111111111
"M",47,3.72361111111111
"M",35,3.72361111111111
"M",50,3.72361111111111
"M",38,3.72361111111111
"M",45,3.72361111111111
"F",30,3.72388888888889
"M",61,3.72388888888889
"M",55,3.72388888888889
"F",43,3.72388888888889
"F",31,3.72388888888889
"F",47,3.72416666666667
"F",52,3.72416666666667
"M",35,3.72416666666667
"F",37,3.72444444444444
"M",33,3.72444444444444
"F",40,3.72444444444444
"M",53,3.72472222222222
"M",51,3.72472222222222
"F",23,3.725
"M",51,3.725
"M",57,3.725
"F",28,3.725
"M",43,3.725
"F",46,3.725
"F",41,3.725
"M",45,3.72527777777778
"F",40,3.72527777777778
"M",45,3.72555555555556
"F",32,3.72555555555556
"F",42,3.72583333333333
"M",36,3.72583333333333
"F",39,3.72611111111111
"M",46,3.72611111111111
"M",38,3.72611111111111
"F",45,3.72611111111111
"M",62,3.72638888888889
"M",45,3.72638888888889
"M",55,3.72638888888889
"M",48,3.72638888888889
"M",42,3.72638888888889
"F",37,3.72638888888889
"F",41,3.72638888888889
"F",28,3.72666666666667
"F",32,3.72666666666667
"F",42,3.72666666666667
"F",45,3.72666666666667
"M",56,3.72666666666667
"F",48,3.72666666666667
"F",35,3.72666666666667
"F",34,3.72666666666667
"M",57,3.72694444444444
"F",31,3.72694444444444
"M",39,3.72694444444444
"M",37,3.72694444444444
"F",38,3.72694444444444
"M",41,3.72694444444444
"M",42,3.72722222222222
"F",53,3.72722222222222
"M",29,3.72722222222222
"M",43,3.72722222222222
"M",41,3.72722222222222
"M",52,3.7275
"M",53,3.7275
"M",43,3.7275
"M",41,3.7275
"M",35,3.72777777777778
"F",47,3.72777777777778
"M",48,3.72777777777778
"F",63,3.72777777777778
"M",41,3.72805555555556
"F",40,3.72805555555556
"F",31,3.72833333333333
"F",49,3.72833333333333
"F",21,3.72833333333333
"M",55,3.72833333333333
"F",38,3.72833333333333
"F",30,3.72833333333333
"F",41,3.72833333333333
"F",41,3.72833333333333
"M",50,3.72833333333333
"M",47,3.72861111111111
"M",51,3.72861111111111
"M",33,3.72861111111111
"M",50,3.72888888888889
"M",42,3.72888888888889
"F",36,3.72888888888889
"F",39,3.72888888888889
"F",21,3.72888888888889
"M",38,3.72916666666667
"M",43,3.72916666666667
"M",46,3.72916666666667
"M",46,3.72916666666667
"F",38,3.72916666666667
"F",40,3.72916666666667
"M",48,3.72916666666667
"M",47,3.72916666666667
"F",43,3.72916666666667
"F",24,3.72944444444444
"M",26,3.72944444444444
"M",49,3.72972222222222
"F",33,3.72972222222222
"F",37,3.73
"F",48,3.73
"F",24,3.73
"F",40,3.73
"F",48,3.73
"M",40,3.73
"F",42,3.73027777777778
"F",47,3.73027777777778
"F",37,3.73055555555556
"F",49,3.73055555555556
"M",52,3.73083333333333
"M",52,3.73083333333333
"M",57,3.73083333333333
"M",51,3.73083333333333
"M",41,3.73083333333333
"M",50,3.73083333333333
"F",29,3.73111111111111
"M",38,3.73111111111111
"F",30,3.73111111111111
"F",29,3.73111111111111
"F",50,3.73111111111111
"M",38,3.73111111111111
"F",44,3.73138888888889
"F",36,3.73138888888889
"F",36,3.73138888888889
"M",54,3.73138888888889
"M",50,3.73166666666667
"M",52,3.73166666666667
"F",55,3.73166666666667
"F",25,3.73166666666667
"F",48,3.73166666666667
"M",38,3.73194444444444
"F",36,3.73194444444444
"F",40,3.73194444444444
"M",37,3.73222222222222
"M",61,3.73222222222222
"M",29,3.73222222222222
"F",42,3.73222222222222
"M",60,3.73222222222222
"M",50,3.73222222222222
"F",24,3.7325
"F",37,3.7325
"M",59,3.73277777777778
"M",45,3.73277777777778
"M",47,3.73277777777778
"F",32,3.73277777777778
"F",20,3.73305555555556
"M",60,3.73305555555556
"F",42,3.73305555555556
"M",52,3.73305555555556
"F",42,3.73305555555556
"F",42,3.73305555555556
"F",49,3.73305555555556
"M",53,3.73305555555556
"M",30,3.73333333333333
"F",29,3.73333333333333
"F",42,3.73333333333333
"F",34,3.73333333333333
"M",40,3.73333333333333
"F",46,3.73361111111111
"F",42,3.73361111111111
"M",28,3.73361111111111
"F",27,3.73388888888889
"M",34,3.73388888888889
"F",61,3.73388888888889
"M",58,3.73388888888889
"F",38,3.73416666666667
"F",40,3.73416666666667
"M",49,3.73416666666667
"F",31,3.73416666666667
"M",56,3.73444444444444
"M",55,3.73444444444444
"M",57,3.73444444444444
"F",41,3.73444444444444
"F",41,3.73444444444444
"M",45,3.73444444444444
"M",54,3.73444444444444
"F",39,3.73472222222222
"F",40,3.73472222222222
"F",43,3.73472222222222
"F",25,3.73472222222222
"M",57,3.73472222222222
"M",48,3.73472222222222
"M",51,3.73472222222222
"M",55,3.73472222222222
"F",29,3.73472222222222
"F",51,3.73472222222222
"M",40,3.735
"M",50,3.73527777777778
"M",49,3.73527777777778
"F",39,3.73527777777778
"F",48,3.73527777777778
"F",42,3.73555555555556
"M",46,3.73555555555556
"M",59,3.73583333333333
"M",58,3.73583333333333
"M",40,3.73583333333333
"F",31,3.73583333333333
"M",37,3.73583333333333
"M",46,3.73583333333333
"F",45,3.73583333333333
"F",42,3.73583333333333
"F",37,3.73611111111111
"F",38,3.73611111111111
"M",35,3.73611111111111
"M",50,3.73638888888889
"F",45,3.73638888888889
"F",50,3.73666666666667
"M",22,3.73666666666667
"M",48,3.73666666666667
"M",37,3.73666666666667
"M",50,3.73694444444444
"M",30,3.73694444444444
"M",43,3.73694444444444
"M",37,3.73694444444444
"F",35,3.73722222222222
"F",28,3.7375
"M",57,3.7375
"M",48,3.7375
"F",30,3.7375
"F",37,3.7375
"M",38,3.7375
"F",50,3.7375
"F",43,3.7375
"M",52,3.73777777777778
"F",36,3.73777777777778
"M",34,3.73777777777778
"M",45,3.73777777777778
"F",29,3.73805555555556
"F",45,3.73805555555556
"F",38,3.73805555555556
"M",52,3.73805555555556
"F",27,3.73805555555556
"M",36,3.73805555555556
"F",26,3.73805555555556
"M",55,3.73805555555556
"M",56,3.73833333333333
"F",28,3.73833333333333
"M",45,3.73833333333333
"M",49,3.73833333333333
"M",55,3.73833333333333
"F",47,3.73833333333333
"F",35,3.73833333333333
"M",49,3.73861111111111
"F",42,3.73861111111111
"M",59,3.73861111111111
"F",41,3.73861111111111
"F",37,3.73861111111111
"F",25,3.73861111111111
"M",27,3.73888888888889
"F",34,3.73888888888889
"M",43,3.73916666666667
"F",41,3.73916666666667
"M",47,3.73916666666667
"F",36,3.73916666666667
"F",34,3.73944444444444
"F",25,3.73944444444444
"F",32,3.73944444444444
"M",41,3.73972222222222
"F",37,3.73972222222222
"F",45,3.73972222222222
"M",48,3.73972222222222
"F",39,3.74
"M",58,3.74
"M",50,3.74027777777778
"M",40,3.74027777777778
"F",39,3.74027777777778
"M",43,3.74055555555556
"F",43,3.74055555555556
"M",51,3.74055555555556
"M",39,3.74055555555556
"F",38,3.74055555555556
"F",47,3.74055555555556
"M",38,3.74083333333333
"F",45,3.74083333333333
"M",54,3.74083333333333
"F",29,3.74083333333333
"F",29,3.74083333333333
"M",50,3.74083333333333
"F",21,3.74083333333333
"M",43,3.74083333333333
"F",40,3.74083333333333
"F",29,3.74111111111111
"F",45,3.74111111111111
"M",39,3.74111111111111
"F",28,3.74111111111111
"M",67,3.74111111111111
"M",27,3.74138888888889
"M",29,3.74138888888889
"M",23,3.74166666666667
"F",30,3.74166666666667
"F",27,3.74194444444444
"M",33,3.74194444444444
"M",41,3.74194444444444
"M",46,3.74194444444444
"F",41,3.74222222222222
"F",47,3.74222222222222
"F",44,3.74222222222222
"F",32,3.74222222222222
"F",35,3.74222222222222
"M",63,3.74222222222222
"M",56,3.74222222222222
"F",40,3.7425
"M",43,3.7425
"M",56,3.7425
"F",49,3.7425
"M",52,3.7425
"F",23,3.74277777777778
"F",35,3.74277777777778
"F",42,3.74277777777778
"F",34,3.74277777777778
"F",38,3.74305555555556
"M",56,3.74305555555556
"F",20,3.74305555555556
"M",54,3.74333333333333
"M",26,3.74361111111111
"M",56,3.74361111111111
"F",24,3.74361111111111
"F",36,3.74361111111111
"F",43,3.74361111111111
"M",58,3.74361111111111
"F",25,3.74361111111111
"M",47,3.74388888888889
"M",40,3.74388888888889
"F",48,3.74388888888889
"F",41,3.74416666666667
"M",55,3.74416666666667
"M",65,3.74416666666667
"F",35,3.74416666666667
"F",37,3.74444444444444
"F",35,3.74444444444444
"M",45,3.74444444444444
"M",38,3.74444444444444
"F",38,3.74472222222222
"M",48,3.74472222222222
"M",47,3.74472222222222
"F",30,3.745
"M",28,3.745
"M",28,3.745
"F",35,3.745
"M",28,3.745
"F",40,3.745
"F",29,3.745
"M",58,3.745
"F",38,3.74527777777778
"M",53,3.74527777777778
"F",32,3.74527777777778
"F",36,3.74527777777778
"F",31,3.74527777777778
"F",46,3.74527777777778
"M",45,3.74527777777778
"F",38,3.74555555555556
"F",51,3.74555555555556
"F",39,3.74555555555556
"M",51,3.74555555555556
"F",38,3.74555555555556
"F",32,3.74555555555556
"F",47,3.74555555555556
"F",31,3.74555555555556
"M",32,3.74583333333333
"F",28,3.74583333333333
"F",39,3.74583333333333
"M",46,3.74583333333333
"F",29,3.74611111111111
"M",64,3.74611111111111
"F",27,3.74638888888889
"M",54,3.74666666666667
"F",31,3.74666666666667
"F",24,3.74666666666667
"F",41,3.74666666666667
"F",28,3.74666666666667
"F",38,3.74666666666667
"F",38,3.74666666666667
"F",40,3.74666666666667
"F",40,3.74666666666667
"F",48,3.74666666666667
"M",45,3.74694444444444
"M",49,3.74694444444444
"F",26,3.74694444444444
"F",44,3.74722222222222
"M",56,3.7475
"M",40,3.7475
"F",38,3.7475
"F",35,3.74777777777778
"F",25,3.74777777777778
"F",39,3.74777777777778
"F",40,3.74777777777778
"F",26,3.74777777777778
"M",61,3.74805555555556
"M",48,3.74805555555556
"M",45,3.74805555555556
"F",49,3.74833333333333
"F",29,3.74833333333333
"F",42,3.74833333333333
"F",36,3.74833333333333
"F",55,3.74833333333333
"F",47,3.74833333333333
"F",23,3.74861111111111
"F",32,3.74861111111111
"F",28,3.74861111111111
"F",46,3.74861111111111
"F",24,3.74861111111111
"M",30,3.74861111111111
"M",26,3.74861111111111
"F",39,3.74861111111111
"M",51,3.74861111111111
"M",52,3.74888888888889
"F",58,3.74888888888889
"F",49,3.74888888888889
"M",37,3.74888888888889
"M",57,3.74888888888889
"F",35,3.74916666666667
"M",50,3.74916666666667
"F",25,3.74916666666667
"F",27,3.74944444444444
"M",40,3.74944444444444
"F",41,3.74944444444444
"F",46,3.74944444444444
"F",43,3.74944444444444
"F",45,3.74944444444444
"M",53,3.74972222222222
"M",48,3.74972222222222
"F",27,3.74972222222222
"F",35,3.75
"M",39,3.75
"M",40,3.75
"M",54,3.75
"F",36,3.75
"F",30,3.75
"M",56,3.75
"F",43,3.75
"M",51,3.75027777777778
"F",36,3.75027777777778
"F",40,3.75027777777778
"F",51,3.75027777777778
"F",21,3.75055555555556
"F",46,3.75055555555556
"M",49,3.75055555555556
"F",34,3.75055555555556
"M",54,3.75083333333333
"F",42,3.75083333333333
"F",35,3.75111111111111
"M",62,3.75111111111111
"M",57,3.75111111111111
"F",43,3.75111111111111
"M",65,3.75111111111111
"M",47,3.75138888888889
"F",42,3.75138888888889
"M",56,3.75138888888889
"M",26,3.75138888888889
"F",28,3.75166666666667
"M",18,3.75166666666667
"F",31,3.75166666666667
"F",46,3.75194444444444
"F",44,3.75194444444444
"F",34,3.75194444444444
"F",48,3.75194444444444
"M",64,3.75222222222222
"M",45,3.75222222222222
"F",42,3.75222222222222
"M",60,3.75222222222222
"M",53,3.75222222222222
"M",59,3.75222222222222
"M",57,3.7525
"F",44,3.7525
"F",26,3.7525
"M",46,3.7525
"M",45,3.75277777777778
"M",52,3.75277777777778
"M",53,3.75277777777778
"M",28,3.75277777777778
"F",37,3.75305555555556
"M",55,3.75305555555556
"M",56,3.75305555555556
"F",49,3.75305555555556
"M",34,3.75305555555556
"F",39,3.75305555555556
"F",25,3.75305555555556
"F",41,3.75333333333333
"M",51,3.75333333333333
"M",45,3.75333333333333
"M",46,3.75333333333333
"F",30,3.75361111111111
"F",40,3.75361111111111
"M",46,3.75361111111111
"F",31,3.75361111111111
"F",43,3.75388888888889
"F",39,3.75388888888889
"M",41,3.75416666666667
"F",39,3.75416666666667
"F",50,3.75416666666667
"F",45,3.75416666666667
"M",39,3.75416666666667
"F",39,3.75416666666667
"M",50,3.75416666666667
"F",41,3.75416666666667
"M",46,3.75444444444444
"F",25,3.75444444444444
"F",25,3.75444444444444
"M",42,3.75444444444444
"M",47,3.75444444444444
"M",34,3.75444444444444
"M",29,3.75444444444444
"F",31,3.75444444444444
"M",52,3.75472222222222
"M",38,3.75472222222222
"M",53,3.75472222222222
"F",46,3.755
"M",40,3.755
"M",63,3.755
"M",66,3.755
"M",52,3.75527777777778
"M",56,3.75527777777778
"F",41,3.75527777777778
"F",33,3.75555555555556
"M",44,3.75555555555556
"F",27,3.75555555555556
"F",42,3.75555555555556
"F",42,3.75555555555556
"F",45,3.75583333333333
"M",55,3.75583333333333
"F",45,3.75583333333333
"F",42,3.75583333333333
"M",46,3.75611111111111
"F",44,3.75611111111111
"F",37,3.75611111111111
"F",41,3.75638888888889
"F",34,3.75638888888889
"M",51,3.75638888888889
"M",58,3.75638888888889
"F",40,3.75638888888889
"M",49,3.75666666666667
"M",45,3.75666666666667
"M",24,3.75666666666667
"M",61,3.75666666666667
"F",24,3.75666666666667
"F",39,3.75666666666667
"M",47,3.75694444444444
"F",28,3.75694444444444
"M",54,3.75694444444444
"M",45,3.75694444444444
"M",57,3.75694444444444
"M",43,3.75722222222222
"M",58,3.75722222222222
"M",29,3.75722222222222
"F",46,3.75722222222222
"M",57,3.75722222222222
"M",52,3.75722222222222
"F",25,3.75722222222222
"M",43,3.75722222222222
"F",44,3.75722222222222
"F",34,3.75722222222222
"M",67,3.7575
"M",58,3.7575
"F",38,3.7575
"F",44,3.7575
"M",49,3.7575
"F",52,3.7575
"F",27,3.7575
"M",51,3.75777777777778
"F",45,3.75777777777778
"F",34,3.75777777777778
"M",39,3.75777777777778
"F",36,3.75777777777778
"M",60,3.75805555555556
"F",20,3.75805555555556
"F",41,3.75805555555556
"M",39,3.75805555555556
"F",30,3.75805555555556
"M",47,3.75805555555556
"M",54,3.75833333333333
"F",37,3.75833333333333
"M",31,3.75833333333333
"F",37,3.75833333333333
"M",40,3.75833333333333
"M",51,3.75833333333333
"M",67,3.75833333333333
"M",39,3.75833333333333
"F",28,3.75861111111111
"M",36,3.75861111111111
"M",56,3.75861111111111
"F",29,3.75861111111111
"M",37,3.75861111111111
"F",44,3.75861111111111
"F",28,3.75888888888889
"M",47,3.75888888888889
"M",52,3.75888888888889
"M",40,3.75888888888889
"F",51,3.75888888888889
"F",32,3.75888888888889
"F",23,3.75888888888889
"F",42,3.75916666666667
"M",48,3.75916666666667
"M",45,3.75916666666667
"M",56,3.75916666666667
"M",75,3.75916666666667
"F",66,3.75916666666667
"F",38,3.75916666666667
"M",52,3.75916666666667
"M",47,3.75916666666667
"F",33,3.75944444444444
"M",56,3.75944444444444
"F",50,3.75944444444444
"M",58,3.75944444444444
"F",38,3.75944444444444
"F",45,3.75944444444444
"F",38,3.75972222222222
"F",56,3.75972222222222
"M",49,3.75972222222222
"M",40,3.75972222222222
"F",34,3.75972222222222
"F",22,3.75972222222222
"F",39,3.75972222222222
"F",37,3.75972222222222
"F",38,3.75972222222222
"M",39,3.75972222222222
"M",46,3.75972222222222
"M",40,3.75972222222222
"M",49,3.76
"M",57,3.76
"F",48,3.76
"M",57,3.76
"M",36,3.76
"F",34,3.76027777777778
"M",47,3.76027777777778
"M",50,3.76055555555556
"M",49,3.76055555555556
"M",48,3.76055555555556
"F",41,3.76055555555556
"F",24,3.76083333333333
"F",29,3.76083333333333
"M",62,3.76083333333333
"F",29,3.76083333333333
"F",29,3.76083333333333
"F",31,3.76083333333333
"F",30,3.76083333333333
"M",52,3.76111111111111
"M",40,3.76111111111111
"F",32,3.76111111111111
"M",37,3.76111111111111
"F",39,3.76111111111111
"F",33,3.76111111111111
"M",58,3.76138888888889
"F",47,3.76138888888889
"M",51,3.76138888888889
"F",27,3.76166666666667
"F",46,3.76166666666667
"M",50,3.76166666666667
"F",31,3.76194444444444
"M",29,3.76194444444444
"M",41,3.76222222222222
"M",45,3.76222222222222
"F",49,3.76222222222222
"M",53,3.7625
"M",58,3.7625
"M",45,3.76277777777778
"F",23,3.76277777777778
"F",43,3.76305555555556
"F",26,3.76305555555556
"M",56,3.76305555555556
"F",34,3.76305555555556
"F",50,3.76333333333333
"F",26,3.76333333333333
"F",56,3.76361111111111
"M",45,3.76361111111111
"M",56,3.76361111111111
"M",43,3.76361111111111
"M",35,3.76361111111111
"M",44,3.76388888888889
"M",24,3.76388888888889
"M",48,3.76388888888889
"F",30,3.76416666666667
"M",34,3.76416666666667
"F",39,3.76444444444444
"M",64,3.76444444444444
"F",27,3.76444444444444
"M",58,3.76444444444444
"M",53,3.76444444444444
"F",34,3.76444444444444
"F",43,3.76472222222222
"F",43,3.76472222222222
"F",40,3.76472222222222
"F",48,3.76472222222222
"M",38,3.76472222222222
"F",49,3.76472222222222
"M",47,3.76472222222222
"F",33,3.765
"F",44,3.765
"M",63,3.76527777777778
"F",43,3.76527777777778
"M",49,3.76527777777778
"M",56,3.76527777777778
"F",39,3.76527777777778
"M",46,3.76527777777778
"M",34,3.76555555555556
"F",22,3.76555555555556
"F",34,3.76555555555556
"M",32,3.76583333333333
"F",42,3.76583333333333
"M",47,3.76583333333333
"F",29,3.76583333333333
"F",28,3.76583333333333
"F",39,3.76583333333333
"F",25,3.76583333333333
"M",47,3.76611111111111
"F",46,3.76611111111111
"M",27,3.76611111111111
"F",28,3.76611111111111
"M",50,3.76611111111111
"F",27,3.76638888888889
"F",41,3.76638888888889
"F",41,3.76666666666667
"M",27,3.76666666666667
"F",39,3.76666666666667
"F",21,3.76666666666667
"F",49,3.76666666666667
"M",50,3.76666666666667
"F",45,3.76694444444444
"F",48,3.76694444444444
"M",57,3.76694444444444
"M",55,3.76694444444444
"F",47,3.76694444444444
"M",59,3.76694444444444
"F",27,3.76694444444444
"F",37,3.76722222222222
"M",46,3.76722222222222
"F",42,3.76722222222222
"F",47,3.76722222222222
"F",42,3.76722222222222
"M",28,3.76722222222222
"F",32,3.76722222222222
"M",46,3.7675
"M",49,3.7675
"M",53,3.7675
"F",35,3.7675
"F",30,3.7675
"F",27,3.76777777777778
"F",50,3.76777777777778
"M",54,3.76777777777778
"M",51,3.76777777777778
"M",56,3.76777777777778
"M",53,3.76805555555556
"M",29,3.76805555555556
"M",55,3.76805555555556
"F",37,3.76805555555556
"M",53,3.76833333333333
"M",63,3.76833333333333
"F",31,3.76833333333333
"M",48,3.76833333333333
"F",46,3.76861111111111
"M",61,3.76861111111111
"F",43,3.76861111111111
"M",52,3.76888888888889
"F",28,3.76888888888889
"M",52,3.76888888888889
"F",30,3.76888888888889
"F",37,3.76888888888889
"F",30,3.76888888888889
"F",35,3.76888888888889
"F",36,3.76916666666667
"M",46,2.98222222222222
"M",37,2.9825
"M",46,2.9825
"M",40,2.9825
"M",23,2.9825
"M",37,2.9825
"M",47,2.9825
"M",48,2.9825
"M",37,2.98277777777778
"M",32,2.98277777777778
"M",31,2.98305555555556
"M",34,2.98333333333333
"M",47,2.98361111111111
"M",30,2.98361111111111
"M",35,2.98361111111111
"M",28,2.98416666666667
"M",20,2.98416666666667
"M",28,2.98416666666667
"M",44,2.98416666666667
"M",39,2.98416666666667
"M",39,2.98416666666667
"M",34,2.98444444444444
"M",53,2.98472222222222
"F",25,2.98472222222222
"M",32,2.98472222222222
"M",36,2.985
"M",26,2.985
"M",29,2.985
"M",29,2.985
"M",33,2.98527777777778
"M",36,2.98527777777778
"M",27,2.98527777777778
"M",33,2.98527777777778
"F",44,2.98555555555556
"F",40,2.98555555555556
"M",31,2.98583333333333
"M",50,2.98583333333333
"M",32,2.98583333333333
"M",33,2.98611111111111
"M",43,2.98638888888889
"M",38,2.98638888888889
"M",40,2.98638888888889
"M",22,2.98666666666667
"M",41,2.98722222222222
"M",37,2.98722222222222
"M",35,2.9875
"M",37,2.9875
"F",29,2.98777777777778
"M",46,2.98777777777778
"M",21,2.98777777777778
"M",29,2.98805555555556
"M",37,2.98805555555556
"M",45,2.98805555555556
"M",50,2.98833333333333
"M",25,2.98833333333333
"F",23,2.98861111111111
"M",34,2.98861111111111
"M",47,2.98888888888889
"M",27,2.98888888888889
"M",33,2.98944444444444
"M",26,2.98944444444444
"M",40,2.98972222222222
"M",21,2.98972222222222
"M",38,2.99
"M",26,2.99
"M",47,2.99027777777778
"M",31,2.99055555555556
"M",41,2.99055555555556
"M",30,2.99055555555556
"M",38,2.99055555555556
"M",30,2.99055555555556
"M",26,2.99083333333333
"M",36,2.99083333333333
"M",40,2.99083333333333
"M",22,2.99111111111111
"M",36,2.99111111111111
"M",26,2.99111111111111
"M",40,2.99138888888889
"M",35,2.99138888888889
"M",48,2.99166666666667
"M",23,2.99166666666667
"M",26,2.99166666666667
"F",30,2.99166666666667
"M",35,2.99194444444444
"M",40,2.99194444444444
"M",30,2.99222222222222
"M",43,2.9925
"M",33,2.9925
"M",24,2.9925
"M",42,2.9925
"M",33,2.99277777777778
"M",26,2.99277777777778
"M",32,2.99277777777778
"M",32,2.99277777777778
"M",40,2.99305555555556
"M",41,2.99305555555556
"M",36,2.99333333333333
"F",29,2.99333333333333
"M",43,2.99388888888889
"M",47,2.99388888888889
"F",35,3.76916666666667
"M",55,3.76916666666667
"M",55,3.76916666666667
"M",49,3.76916666666667
"F",46,3.76916666666667
"F",39,3.76916666666667
"F",47,3.76944444444444
"F",37,3.76944444444444
"F",23,3.76944444444444
"M",50,3.76944444444444
"F",47,3.76944444444444
"F",45,3.76944444444444
"M",37,3.76944444444444
"F",43,3.76944444444444
"F",23,3.76972222222222
"F",24,3.76972222222222
"M",55,3.76972222222222
"F",35,3.76972222222222
"F",47,3.76972222222222
"F",46,3.77
"M",53,3.77
"M",45,3.77
"F",34,3.77
"F",50,3.77
"M",53,3.77
"M",48,3.77
"F",44,3.77027777777778
"F",49,3.77027777777778
"F",25,3.77027777777778
"F",34,3.77027777777778
"M",28,3.77027777777778
"M",39,3.77055555555556
"M",43,3.77055555555556
"M",53,3.77083333333333
"M",45,3.77083333333333
"M",52,3.77083333333333
"F",34,3.77083333333333
"F",29,3.77111111111111
"F",27,3.77111111111111
"F",41,3.77111111111111
"M",58,3.77111111111111
"M",59,3.77111111111111
"M",53,3.77111111111111
"M",29,3.77138888888889
"M",71,3.77138888888889
"F",43,3.77138888888889
"M",46,3.77138888888889
"M",48,3.77138888888889
"F",41,3.77138888888889
"M",54,3.77138888888889
"F",37,3.77138888888889
"M",55,3.77166666666667
"M",41,3.77166666666667
"F",38,3.77166666666667
"F",31,3.77166666666667
"F",44,3.77166666666667
"F",31,3.77194444444444
"F",41,3.77194444444444
"F",27,3.77194444444444
"M",45,3.77194444444444
"F",47,3.77194444444444
"F",37,3.77222222222222
"M",58,3.77222222222222
"M",52,3.7725
"M",50,3.7725
"F",32,3.7725
"F",40,3.77277777777778
"M",56,3.77277777777778
"M",59,3.77277777777778
"M",66,3.77277777777778
"F",39,3.77333333333333
"F",51,3.77333333333333
"M",45,3.77333333333333
"M",21,3.77333333333333
"M",35,3.77333333333333
"F",41,3.77361111111111
"M",52,3.77361111111111
"F",50,3.77361111111111
"M",43,3.77361111111111
"M",26,3.77361111111111
"F",26,3.77388888888889
"F",40,3.77388888888889
"F",46,3.77388888888889
"M",56,3.77388888888889
"F",42,3.77416666666667
"F",47,3.77416666666667
"F",47,3.77416666666667
"F",25,3.77416666666667
"M",58,3.77416666666667
"F",30,3.77416666666667
"M",52,3.77416666666667
"M",46,3.77416666666667
"F",30,3.77444444444444
"M",42,3.77444444444444
"M",47,3.77444444444444
"M",42,3.77444444444444
"F",45,3.77444444444444
"F",37,3.77444444444444
"M",45,3.77472222222222
"M",49,3.77472222222222
"M",62,3.77472222222222
"F",27,3.775
"M",54,3.775
"M",61,3.775
"F",35,3.775
"F",45,3.77527777777778
"F",30,3.77527777777778
"M",59,3.77527777777778
"F",41,3.77527777777778
"M",48,3.77527777777778
"M",51,3.77555555555556
"M",58,3.77555555555556
"F",47,3.77555555555556
"F",42,3.77555555555556
"F",37,3.77555555555556
"F",23,3.77555555555556
"F",34,3.77555555555556
"F",36,3.77555555555556
"F",30,3.77583333333333
"M",48,3.77583333333333
"M",45,3.77583333333333
"F",30,3.77583333333333
"F",43,3.77583333333333
"M",59,3.77611111111111
"F",27,3.77611111111111
"F",47,3.77611111111111
"M",51,3.77611111111111
"M",51,3.77611111111111
"F",30,3.77611111111111
"F",41,3.77611111111111
"F",45,3.77611111111111
"F",41,3.77611111111111
"F",41,3.77611111111111
"M",58,3.77638888888889
"F",39,3.77638888888889
"F",43,3.77638888888889
"F",31,3.77666666666667
"F",33,3.77666666666667
"M",53,3.77666666666667
"F",20,3.77666666666667
"F",43,3.77666666666667
"M",55,3.77694444444444
"M",62,3.77694444444444
"F",39,3.77722222222222
"F",50,3.77722222222222
"F",38,3.77722222222222
"M",46,3.77722222222222
"M",42,3.77722222222222
"M",34,3.7775
"F",39,3.7775
"F",26,3.7775
"M",40,3.7775
"M",51,3.7775
"F",42,3.7775
"M",32,3.7775
"F",36,3.7775
"F",36,3.7775
"M",34,3.77777777777778
"F",44,3.77777777777778
"M",48,3.77777777777778
"M",52,3.77805555555556
"F",24,3.77805555555556
"F",25,3.77805555555556
"M",49,3.77805555555556
"M",35,3.77805555555556
"M",45,3.77805555555556
"F",43,3.77833333333333
"F",39,3.77833333333333
"M",50,3.77833333333333
"M",50,3.77833333333333
"M",55,3.77833333333333
"M",21,3.77833333333333
"F",43,3.77833333333333
"F",43,3.77833333333333
"M",50,3.77861111111111
"F",35,3.77861111111111
"M",49,3.77861111111111
"F",48,3.77888888888889
"M",57,3.77888888888889
"M",47,3.77888888888889
"M",27,3.77888888888889
"F",31,3.77888888888889
"F",25,3.77916666666667
"F",32,3.77916666666667
"M",41,3.77916666666667
"F",38,3.77916666666667
"F",38,3.77916666666667
"F",32,3.77916666666667
"F",27,3.77916666666667
"M",50,3.77944444444444
"F",43,3.77944444444444
"M",51,3.77944444444444
"F",33,3.77944444444444
"M",57,3.77944444444444
"M",47,3.77944444444444
"M",32,3.77944444444444
"M",46,3.77972222222222
"M",45,3.77972222222222
"M",28,3.77972222222222
"M",33,3.77972222222222
"F",41,3.78
"F",43,3.78
"F",47,3.78
"F",27,3.78
"F",58,3.78027777777778
"M",55,3.78027777777778
"F",46,3.78027777777778
"M",26,3.78027777777778
"F",25,3.78027777777778
"F",54,3.78027777777778
"F",35,3.78055555555556
"F",30,3.78055555555556
"M",53,3.78055555555556
"F",34,3.78055555555556
"F",54,3.78055555555556
"F",37,3.78083333333333
"F",42,3.78083333333333
"M",50,3.78083333333333
"M",50,3.78083333333333
"M",31,3.78083333333333
"F",40,3.78083333333333
"F",46,3.78083333333333
"M",46,3.78083333333333
"F",31,3.78111111111111
"M",29,3.78111111111111
"F",30,3.78111111111111
"F",29,3.78138888888889
"F",40,3.78138888888889
"M",36,3.78138888888889
"F",45,3.78138888888889
"M",56,3.78166666666667
"F",35,3.78166666666667
"M",59,3.78166666666667
"F",45,3.78166666666667
"M",42,3.78194444444444
"M",46,3.78194444444444
"M",48,3.78194444444444
"F",45,3.78222222222222
"F",35,3.78222222222222
"M",35,3.78222222222222
"M",52,3.78222222222222
"F",40,3.78222222222222
"M",45,3.78222222222222
"M",56,3.7825
"F",28,3.7825
"F",50,3.7825
"F",32,3.7825
"M",55,3.7825
"F",47,3.78277777777778
"F",42,3.78277777777778
"F",51,3.78277777777778
"F",40,3.78277777777778
"F",32,3.78277777777778
"F",35,3.78277777777778
"F",27,3.78305555555556
"F",49,3.78305555555556
"F",28,3.78305555555556
"M",28,3.78305555555556
"F",23,3.78305555555556
"F",27,3.78305555555556
"M",44,3.78305555555556
"F",38,3.78305555555556
"F",29,3.78305555555556
"M",56,3.78305555555556
"M",45,3.78333333333333
"F",42,3.78333333333333
"M",45,3.78361111111111
"F",35,3.78361111111111
"M",50,3.78361111111111
"M",57,3.78361111111111
"F",26,3.78388888888889
"F",28,3.78388888888889
"F",29,3.78388888888889
"F",32,3.78388888888889
"F",48,3.78388888888889
"F",50,3.78388888888889
"F",45,3.78416666666667
"M",57,3.78416666666667
"F",26,3.78416666666667
"F",40,3.78416666666667
"F",40,3.78416666666667
"M",34,3.78416666666667
"F",35,3.78416666666667
"M",30,3.78444444444444
"M",29,3.78444444444444
"F",23,3.78444444444444
"F",46,3.78444444444444
"M",42,3.78444444444444
"F",43,3.78444444444444
"F",40,3.78444444444444
"F",33,3.78444444444444
"M",40,3.78472222222222
"F",36,3.785
"F",52,3.785
"F",38,3.785
"F",45,3.785
"F",41,3.785
"M",26,3.785
"F",30,3.78527777777778
"F",41,3.78527777777778
"F",45,3.78555555555556
"F",48,3.78583333333333
"F",44,3.78583333333333
"M",31,3.78583333333333
"M",56,3.78583333333333
"F",29,3.78611111111111
"F",46,3.78611111111111
"F",40,3.78611111111111
"F",26,3.78611111111111
"M",58,3.78611111111111
"F",39,3.78611111111111
"M",49,3.78611111111111
"M",45,3.78611111111111
"F",31,3.78611111111111
"F",27,3.78638888888889
"F",43,3.78638888888889
"M",32,3.78638888888889
"M",48,3.78666666666667
"M",31,3.78666666666667
"M",58,3.78666666666667
"F",45,3.78666666666667
"M",40,3.78666666666667
"M",41,3.78666666666667
"M",62,3.78666666666667
"F",41,3.78666666666667
"F",36,3.78666666666667
"F",29,3.78666666666667
"M",35,3.78694444444444
"F",33,3.78694444444444
"M",63,3.78694444444444
"M",45,3.78694444444444
"F",35,3.78694444444444
"F",41,3.78722222222222
"F",48,3.78722222222222
"F",36,3.7875
"M",45,3.7875
"F",31,3.7875
"M",53,3.7875
"F",37,3.78777777777778
"M",40,3.78777777777778
"M",40,3.78777777777778
"F",38,3.78777777777778
"F",40,3.78777777777778
"M",53,3.78777777777778
"F",38,3.78777777777778
"F",48,3.78805555555556
"F",40,3.78805555555556
"M",50,3.78805555555556
"F",45,3.78805555555556
"M",53,3.78805555555556
"F",43,3.78805555555556
"F",38,3.78805555555556
"F",44,3.78805555555556
"F",25,3.78833333333333
"F",38,3.78833333333333
"F",39,3.78833333333333
"M",48,3.78833333333333
"M",61,3.78861111111111
"F",30,3.78861111111111
"M",28,3.78861111111111
"M",48,3.78861111111111
"M",62,3.78861111111111
"F",32,3.78888888888889
"F",45,3.78888888888889
"F",46,3.78888888888889
"M",47,3.78888888888889
"M",39,3.78888888888889
"F",42,3.78888888888889
"F",27,3.78916666666667
"M",35,3.78916666666667
"F",37,3.78916666666667
"F",24,3.78916666666667
"F",38,3.78944444444444
"M",63,3.78944444444444
"F",43,3.78944444444444
"M",35,3.78944444444444
"F",27,3.78944444444444
"M",53,3.78972222222222
"F",27,3.78972222222222
"F",29,3.78972222222222
"F",41,3.78972222222222
"F",41,3.78972222222222
"F",41,3.78972222222222
"M",60,3.79
"F",37,3.79027777777778
"F",42,3.79027777777778
"M",45,3.79055555555556
"M",34,3.79055555555556
"M",52,3.79055555555556
"F",42,3.79055555555556
"M",39,3.79055555555556
"M",40,3.79055555555556
"M",51,3.79055555555556
"M",33,3.79055555555556
"F",38,3.79083333333333
"F",43,3.79083333333333
"F",25,3.79083333333333
"F",32,3.79083333333333
"F",43,3.79083333333333
"F",42,3.79083333333333
"M",21,3.79111111111111
"F",33,3.79111111111111
"F",47,3.79111111111111
"F",42,3.79138888888889
"F",42,3.79138888888889
"F",42,3.79138888888889
"F",39,3.79138888888889
"M",38,3.79138888888889
"F",38,3.79138888888889
"M",44,3.79138888888889
"M",61,3.79138888888889
"F",48,3.79138888888889
"F",28,3.79166666666667
"M",56,3.79166666666667
"M",53,3.79194444444444
"F",35,3.79194444444444
"F",37,3.79194444444444
"M",60,3.79194444444444
"M",32,3.79194444444444
"F",42,3.79222222222222
"F",28,3.79222222222222
"M",54,3.79222222222222
"F",40,3.79222222222222
"M",55,3.79222222222222
"M",45,3.7925
"M",44,3.7925
"M",28,3.7925
"M",50,3.7925
"F",30,3.7925
"M",46,3.79277777777778
"F",28,3.79277777777778
"F",46,3.79277777777778
"F",37,3.79277777777778
"F",42,3.79277777777778
"M",46,3.79305555555556
"M",61,3.79305555555556
"F",26,3.79305555555556
"M",48,3.79333333333333
"F",41,3.79333333333333
"F",45,3.79333333333333
"M",48,3.79361111111111
"F",40,3.79361111111111
"M",60,3.79361111111111
"M",38,3.79361111111111
"M",30,3.79388888888889
"F",44,3.79388888888889
"M",45,3.79388888888889
"F",41,3.79388888888889
"F",26,3.79388888888889
"M",51,3.79388888888889
"F",29,3.79416666666667
"M",38,3.79416666666667
"F",38,3.79416666666667
"F",25,3.79416666666667
"F",46,3.79416666666667
"M",58,3.79416666666667
"F",28,3.79416666666667
"F",22,3.79416666666667
"F",30,3.79416666666667
"M",60,3.79444444444444
"F",40,3.79444444444444
"M",57,3.79444444444444
"M",47,3.79444444444444
"F",47,3.79472222222222
"F",32,3.79472222222222
"M",45,3.79472222222222
"F",27,3.79472222222222
"F",46,3.79472222222222
"F",25,3.795
"F",47,3.795
"M",36,3.795
"F",43,3.795
"M",44,3.795
"F",48,3.79527777777778
"M",26,3.79555555555556
"M",33,3.79555555555556
"M",42,3.79555555555556
"F",25,3.79555555555556
"F",41,3.79583333333333
"F",23,3.79583333333333
"M",52,3.79583333333333
"F",25,3.79611111111111
"F",24,3.79611111111111
"F",26,3.79611111111111
"M",50,3.79611111111111
"F",29,3.79638888888889
"M",55,3.79638888888889
"F",43,3.79638888888889
"F",44,3.79666666666667
"F",41,3.79666666666667
"M",48,3.79666666666667
"M",39,3.79666666666667
"F",46,3.79666666666667
"F",31,3.79694444444444
"M",52,3.79694444444444
"M",52,3.79694444444444
"F",23,3.79694444444444
"F",32,3.79722222222222
"M",23,3.79722222222222
"M",40,3.79722222222222
"M",47,3.7975
"F",40,3.79805555555556
"F",23,3.79805555555556
"F",36,3.79805555555556
"F",42,3.79805555555556
"F",26,3.79805555555556
"M",46,3.79805555555556
"F",21,3.79833333333333
"M",55,3.79833333333333
"M",19,3.79861111111111
"M",59,3.79861111111111
"F",24,3.79888888888889
"M",34,3.79888888888889
"M",40,3.79888888888889
"F",23,3.79888888888889
"M",52,3.79888888888889
"M",46,3.79888888888889
"M",40,3.79888888888889
"F",40,3.79888888888889
"F",44,3.79916666666667
"F",37,3.79916666666667
"M",22,3.79944444444444
"F",47,3.79944444444444
"F",48,3.79944444444444
"F",47,3.79944444444444
"F",40,3.79944444444444
"F",37,3.79972222222222
"F",48,3.79972222222222
"F",40,3.79972222222222
"M",51,3.79972222222222
"F",42,3.79972222222222
"F",34,3.79972222222222
"M",52,3.8
"M",60,3.8
"M",40,3.8
"F",55,3.8
"M",49,3.8
"M",54,3.8
"F",29,3.8
"M",47,3.80027777777778
"M",51,3.80027777777778
"F",27,3.80027777777778
"F",42,3.80027777777778
"M",72,3.80027777777778
"F",45,3.80027777777778
"F",46,3.80027777777778
"M",48,3.80055555555556
"M",37,3.80055555555556
"F",34,3.80055555555556
"F",29,3.80055555555556
"M",28,3.80055555555556
"M",51,3.80055555555556
"F",34,3.80055555555556
"F",29,3.80055555555556
"M",60,3.80083333333333
"M",58,3.80083333333333
"M",53,3.80083333333333
"F",43,3.80111111111111
"M",58,3.80111111111111
"M",34,3.80111111111111
"M",50,3.80111111111111
"M",46,3.80111111111111
"F",45,3.80138888888889
"F",34,3.80138888888889
"M",49,3.80138888888889
"M",47,3.80138888888889
"F",46,3.80166666666667
"F",36,3.80166666666667
"F",34,3.80166666666667
"F",46,3.80166666666667
"F",47,3.80166666666667
"M",48,3.80166666666667
"F",31,3.80194444444444
"M",46,3.80194444444444
"F",39,3.80194444444444
"F",48,3.80194444444444
"M",35,3.80194444444444
"F",44,3.80222222222222
"F",42,3.80222222222222
"F",35,3.80222222222222
"F",31,3.80222222222222
"F",46,3.80222222222222
"M",43,3.80222222222222
"M",44,3.80222222222222
"M",44,3.8025
"M",43,3.8025
"M",34,3.8025
"F",43,3.8025
"M",32,3.8025
"F",45,3.80277777777778
"F",24,3.80277777777778
"M",59,3.80305555555556
"F",36,3.80305555555556
"F",27,3.80305555555556
"M",53,3.80305555555556
"F",37,3.80305555555556
"M",62,3.80305555555556
"M",40,3.80305555555556
"F",48,3.80305555555556
"F",46,3.80305555555556
"M",50,3.80305555555556
"M",45,3.80305555555556
"F",29,3.80333333333333
"F",43,3.80333333333333
"M",43,3.80333333333333
"F",31,3.80361111111111
"M",46,3.80361111111111
"F",50,3.80361111111111
"M",52,3.80361111111111
"M",38,3.80388888888889
"M",62,3.80388888888889
"M",33,3.80388888888889
"F",42,3.80388888888889
"F",44,3.80388888888889
"M",29,3.80416666666667
"F",51,3.80416666666667
"F",48,3.80416666666667
"F",38,3.80416666666667
"F",50,3.80416666666667
"F",42,3.80416666666667
"F",29,3.80416666666667
"M",48,3.80416666666667
"M",54,3.80416666666667
"M",59,3.80444444444444
"M",57,3.80444444444444
"F",36,3.80444444444444
"F",44,3.80444444444444
"F",40,3.80444444444444
"M",38,3.80444444444444
"M",54,3.80472222222222
"M",55,3.80472222222222
"M",56,3.805
"F",47,3.805
"F",49,3.805
"M",38,3.805
"F",24,3.805
"F",31,3.80527777777778
"F",32,3.80527777777778
"M",53,3.80527777777778
"F",28,3.80527777777778
"F",25,3.80527777777778
"F",49,3.80527777777778
"M",25,3.80527777777778
"F",36,3.80527777777778
"M",42,3.80555555555556
"F",43,3.80555555555556
"M",50,3.80555555555556
"M",49,3.80555555555556
"F",24,3.80555555555556
"M",52,3.80555555555556
"F",61,3.80583333333333
"F",52,3.80583333333333
"M",37,3.80583333333333
"F",40,3.80583333333333
"M",40,3.80583333333333
"F",23,3.80583333333333
"F",40,3.80611111111111
"F",46,3.80611111111111
"F",38,3.80611111111111
"F",29,3.80611111111111
"M",35,3.80611111111111
"M",54,3.80638888888889
"M",50,3.80638888888889
"M",24,3.80638888888889
"F",45,3.80638888888889
"F",35,3.80638888888889
"F",42,3.80666666666667
"F",22,3.80666666666667
"F",40,3.80666666666667
"F",34,3.80666666666667
"F",48,3.80694444444444
"F",28,3.80694444444444
"F",32,3.80694444444444
"M",59,3.80694444444444
"M",52,3.80694444444444
"M",60,3.80694444444444
"M",24,3.80722222222222
"M",52,3.80722222222222
"F",43,3.80722222222222
"F",23,3.80722222222222
"M",50,3.8075
"M",55,3.8075
"M",47,3.8075
"F",36,3.80777777777778
"F",44,3.80777777777778
"M",33,3.80777777777778
"M",45,3.80777777777778
"M",43,3.80805555555556
"M",47,3.80805555555556
"M",43,3.80833333333333
"M",45,3.80833333333333
"F",42,3.80833333333333
"M",33,3.80861111111111
"F",47,3.80861111111111
"M",32,3.80861111111111
"M",59,3.80861111111111
"M",50,3.80861111111111
"M",54,3.80861111111111
"F",44,3.80861111111111
"F",23,3.80861111111111
"F",47,3.80888888888889
"F",42,3.80888888888889
"M",26,3.80888888888889
"M",32,3.80888888888889
"F",31,3.80888888888889
"M",58,3.80916666666667
"M",45,3.80916666666667
"F",40,3.80916666666667
"M",33,3.80944444444444
"F",28,3.80944444444444
"M",52,3.80972222222222
"F",30,3.80972222222222
"F",49,3.80972222222222
"M",32,3.80972222222222
"M",40,3.81
"F",42,3.81
"M",40,3.81
"F",31,3.81
"F",44,3.81
"M",41,3.81
"M",50,3.81027777777778
"F",40,3.81027777777778
"M",45,3.81027777777778
"F",47,3.81055555555556
"F",38,3.81055555555556
"M",58,3.81055555555556
"M",54,3.81055555555556
"F",35,3.81055555555556
"F",46,3.81055555555556
"M",55,3.81055555555556
"F",39,3.81055555555556
"F",42,3.81055555555556
"M",53,3.81055555555556
"F",40,3.81055555555556
"F",29,3.81083333333333
"F",47,3.81083333333333
"F",48,3.81083333333333
"F",31,3.81111111111111
"M",56,3.81111111111111
"M",50,3.81111111111111
"F",30,3.81111111111111
"F",58,3.81111111111111
"F",46,3.81111111111111
"F",38,3.81111111111111
"M",37,3.81138888888889
"M",50,3.81138888888889
"F",24,3.81138888888889
"M",45,3.81138888888889
"M",43,3.81138888888889
"M",38,3.81138888888889
"F",45,3.81166666666667
"F",38,3.81166666666667
"F",26,3.81166666666667
"F",48,3.81194444444444
"F",50,3.81194444444444
"M",37,3.81194444444444
"M",36,3.81194444444444
"M",46,3.81222222222222
"F",31,3.81222222222222
"F",26,3.81222222222222
"M",55,3.81222222222222
"F",32,3.81222222222222
"F",46,3.81222222222222
"M",61,3.8125
"F",27,3.8125
"F",26,3.8125
"M",60,3.8125
"M",27,3.8125
"M",41,3.81277777777778
"F",47,3.81277777777778
"M",57,3.81277777777778
"F",42,3.81277777777778
"M",54,3.81277777777778
"M",57,3.81305555555556
"M",66,3.81305555555556
"M",61,3.81305555555556
"F",40,3.81305555555556
"M",54,3.81305555555556
"F",40,3.81333333333333
"F",38,3.81333333333333
"F",35,3.81361111111111
"F",37,3.81361111111111
"F",45,3.81388888888889
"F",37,3.81388888888889
"M",20,3.81388888888889
"F",40,3.81388888888889
"F",43,3.81388888888889
"F",30,3.81388888888889
"M",50,3.81416666666667
"M",42,3.81416666666667
"M",60,3.81444444444444
"F",46,3.81444444444444
"F",37,3.81472222222222
"F",37,3.81472222222222
"F",42,3.815
"F",41,3.815
"F",41,3.815
"F",24,3.815
"M",40,3.815
"F",44,3.81527777777778
"M",54,3.81527777777778
"M",56,3.81527777777778
"M",62,3.81527777777778
"M",40,3.81527777777778
"F",22,3.81527777777778
"M",57,3.81555555555556
"M",40,3.81555555555556
"M",41,3.81555555555556
"M",42,3.81583333333333
"F",41,3.81583333333333
"M",40,3.81583333333333
"F",30,3.81583333333333
"F",42,3.81611111111111
"F",36,3.81611111111111
"F",37,3.81611111111111
"F",30,3.81611111111111
"M",50,3.81611111111111
"F",32,3.81611111111111
"M",50,3.81611111111111
"F",25,3.81638888888889
"M",55,3.81666666666667
"M",34,3.81666666666667
"M",52,3.81666666666667
"M",51,3.81666666666667
"F",52,3.81666666666667
"M",57,3.81694444444444
"F",43,3.81694444444444
"M",41,3.81694444444444
"F",40,3.81694444444444
"M",46,3.81694444444444
"M",38,3.81722222222222
"F",33,3.81722222222222
"F",32,3.81722222222222
"F",39,3.81722222222222
"F",47,3.81722222222222
"F",50,3.81722222222222
"M",30,3.8175
"M",47,3.8175
"F",45,3.8175
"F",44,3.81777777777778
"F",41,3.81777777777778
"M",49,3.81777777777778
"F",24,3.81777777777778
"F",38,3.81777777777778
"M",35,3.81805555555556
"F",29,3.81805555555556
"M",44,3.81805555555556
"M",54,3.81805555555556
"F",26,3.81805555555556
"M",37,3.81833333333333
"M",61,3.81833333333333
"M",31,3.81833333333333
"M",61,3.81833333333333
"F",38,3.81833333333333
"F",27,3.81833333333333
"M",32,3.81861111111111
"F",38,3.81861111111111
"M",46,3.81861111111111
"F",44,3.81888888888889
"M",50,3.81888888888889
"M",57,3.81888888888889
"F",26,3.81888888888889
"M",40,3.81888888888889
"M",49,3.81888888888889
"M",46,3.81888888888889
"M",44,3.81888888888889
"M",50,3.81888888888889
"F",30,3.81916666666667
"F",40,3.81916666666667
"M",29,3.81916666666667
"M",46,3.81972222222222
"F",33,3.81972222222222
"F",40,3.81972222222222
"F",43,3.81972222222222
"M",44,3.81972222222222
"M",51,3.81972222222222
"M",42,3.82
"F",37,3.82
"F",33,3.82
"M",37,3.82
"F",35,3.82
"M",59,3.82
"M",50,3.82027777777778
"M",57,3.82027777777778
"M",55,3.82027777777778
"F",27,3.82027777777778
"F",46,3.82055555555556
"F",23,3.82055555555556
"M",51,3.82055555555556
"M",55,3.82055555555556
"M",38,3.82055555555556
"F",35,3.82055555555556
"M",36,3.82055555555556
"F",56,3.82055555555556
"M",43,3.82055555555556
"M",26,3.82083333333333
"F",22,3.82083333333333
"F",38,3.82083333333333
"F",33,3.82083333333333
"F",43,3.82083333333333
"F",33,3.82111111111111
"M",51,3.82111111111111
"M",46,3.82111111111111
"M",47,3.82138888888889
"F",48,3.82138888888889
"F",42,3.82138888888889
"M",47,3.82138888888889
"F",47,3.82138888888889
"F",26,3.82166666666667
"F",46,3.82166666666667
"F",47,3.82166666666667
"F",41,3.82166666666667
"M",38,3.82194444444444
"M",48,3.82222222222222
"M",59,3.82277777777778
"F",27,3.82277777777778
"F",22,3.82277777777778
"F",25,3.82277777777778
"F",25,3.82277777777778
"M",56,3.82305555555556
"M",50,3.82305555555556
"M",56,3.82305555555556
"F",46,3.82305555555556
"F",31,3.82333333333333
"M",41,3.82333333333333
"M",30,3.82333333333333
"M",49,3.82333333333333
"F",40,3.82361111111111
"F",36,3.82361111111111
"M",50,3.82388888888889
"M",47,3.82388888888889
"F",28,3.82388888888889
"F",38,3.82388888888889
"F",24,3.82388888888889
"M",51,3.82388888888889
"F",47,3.82416666666667
"M",52,3.82416666666667
"F",23,3.82416666666667
"M",50,3.82416666666667
"F",46,3.82416666666667
"F",37,3.82416666666667
"M",50,3.82416666666667
"M",47,3.82416666666667
"M",40,3.82444444444444
"F",48,3.82444444444444
"M",40,3.82444444444444
"F",34,3.82444444444444
"F",50,3.82444444444444
"M",47,3.82472222222222
"M",36,3.82472222222222
"F",29,3.82472222222222
"M",47,3.825
"F",24,3.825
"F",29,3.825
"M",60,3.825
"F",39,3.82527777777778
"F",28,3.82555555555556
"F",34,3.82555555555556
"F",20,3.82555555555556
"M",58,3.82555555555556
"F",42,3.82583333333333
"F",46,3.82583333333333
"F",39,3.82583333333333
"F",26,3.82583333333333
"F",34,3.82611111111111
"F",24,3.82611111111111
"M",61,3.82611111111111
"F",44,3.82611111111111
"F",43,3.82638888888889
"M",33,3.82638888888889
"F",43,3.82638888888889
"F",40,3.82638888888889
"F",44,3.82638888888889
"M",55,3.82638888888889
"M",65,3.82638888888889
"M",51,3.82638888888889
"F",41,3.82638888888889
"F",39,3.82666666666667
"F",48,3.82666666666667
"F",39,3.82666666666667
"F",43,3.82666666666667
"F",43,3.82666666666667
"M",24,3.82694444444444
"F",39,3.82694444444444
"F",54,3.82694444444444
"M",55,3.82694444444444
"M",51,3.82694444444444
"F",23,3.82694444444444
"F",33,3.82694444444444
"M",43,3.82722222222222
"M",49,3.82722222222222
"F",32,3.8275
"M",48,3.8275
"M",57,3.8275
"M",42,3.82777777777778
"M",44,3.82777777777778
"F",41,3.82777777777778
"F",22,3.82777777777778
"F",28,3.82777777777778
"F",29,3.82777777777778
"M",35,2.99416666666667
"M",29,2.99416666666667
"F",40,2.99444444444444
"M",36,2.99444444444444
"M",24,2.99472222222222
"M",50,2.99472222222222
"M",20,2.99472222222222
"M",48,2.99472222222222
"M",42,2.99472222222222
"M",42,2.995
"M",37,2.99527777777778
"M",30,2.99527777777778
"M",37,2.99527777777778
"M",27,2.99527777777778
"M",36,2.99527777777778
"M",28,2.99527777777778
"M",35,2.99583333333333
"M",28,2.99583333333333
"M",42,2.99583333333333
"M",43,2.99666666666667
"M",25,2.99694444444444
"M",36,2.99722222222222
"M",30,2.99777777777778
"M",41,2.99777777777778
"M",47,2.99777777777778
"M",21,2.99777777777778
"M",28,2.99805555555556
"M",41,2.99805555555556
"M",48,2.99833333333333
"M",27,2.99833333333333
"M",34,2.99833333333333
"M",52,2.99833333333333
"M",38,2.99833333333333
"F",39,2.99833333333333
"M",45,2.99833333333333
"M",35,2.99861111111111
"M",25,2.99916666666667
"M",40,2.99916666666667
"M",45,2.99916666666667
"M",41,2.99944444444444
"M",29,2.99972222222222
"M",34,3.00027777777778
"M",33,3.00055555555556
"M",31,3.00083333333333
"M",45,3.00083333333333
"M",22,3.00111111111111
"M",46,3.00138888888889
"M",47,3.00138888888889
"M",51,3.00138888888889
"M",37,3.00166666666667
"M",33,3.00166666666667
"M",45,3.00194444444444
"M",39,3.00222222222222
"M",27,3.00277777777778
"M",26,3.00305555555556
"M",26,3.00333333333333
"M",52,3.00361111111111
"M",34,3.00361111111111
"M",39,3.00388888888889
"M",32,3.00416666666667
"M",53,3.00444444444444
"M",38,3.00444444444444
"M",22,3.005
"M",31,3.005
"M",37,3.005
"M",31,3.00527777777778
"M",34,3.00527777777778
"M",36,3.00555555555556
"M",38,3.00583333333333
"M",39,3.00583333333333
"M",42,3.00583333333333
"M",31,3.00583333333333
"M",53,3.00638888888889
"M",35,3.00638888888889
"M",36,3.00666666666667
"M",33,3.00694444444444
"M",25,3.00694444444444
"M",34,3.00694444444444
"F",32,3.00694444444444
"M",36,3.00694444444444
"M",29,3.00694444444444
"M",30,3.00722222222222
"F",33,3.0075
"M",34,3.0075
"M",51,3.0075
"M",48,3.00861111111111
"M",24,3.00861111111111
"M",18,3.00888888888889
"M",34,3.00916666666667
"M",50,3.00916666666667
"M",39,3.00944444444444
"M",44,3.00944444444444
"M",34,3.00944444444444
"M",39,3.00972222222222
"M",34,3.01
"M",41,3.01027777777778
"M",40,3.01055555555556
"M",26,3.01055555555556
"F",24,3.01055555555556
"M",34,3.01055555555556
"F",44,3.82777777777778
"F",36,3.82777777777778
"M",53,3.82805555555556
"F",34,3.82805555555556
"M",42,3.82805555555556
"M",52,3.82805555555556
"F",53,3.82833333333333
"M",62,3.82833333333333
"F",37,3.82833333333333
"F",49,3.82833333333333
"M",44,3.82833333333333
"F",40,3.82833333333333
"F",35,3.82861111111111
"M",27,3.82861111111111
"F",29,3.82888888888889
"F",40,3.82888888888889
"F",48,3.82888888888889
"F",24,3.82888888888889
"F",47,3.82888888888889
"M",52,3.82888888888889
"M",51,3.82916666666667
"F",41,3.82944444444444
"F",25,3.82944444444444
"M",49,3.82944444444444
"M",55,3.82944444444444
"M",37,3.82944444444444
"M",34,3.82972222222222
"M",37,3.82972222222222
"M",62,3.82972222222222
"F",28,3.82972222222222
"M",45,3.82972222222222
"M",50,3.83
"F",44,3.83
"M",48,3.83
"M",25,3.83
"M",62,3.83027777777778
"M",33,3.83027777777778
"F",43,3.83027777777778
"F",51,3.83027777777778
"F",29,3.83027777777778
"M",49,3.83027777777778
"F",52,3.83055555555556
"F",48,3.83055555555556
"M",53,3.83055555555556
"F",50,3.83055555555556
"M",51,3.83083333333333
"M",48,3.83083333333333
"M",36,3.83083333333333
"F",45,3.83083333333333
"F",44,3.83083333333333
"M",58,3.83111111111111
"F",49,3.83111111111111
"F",46,3.83111111111111
"M",42,3.83138888888889
"F",42,3.83138888888889
"M",53,3.83138888888889
"F",26,3.83138888888889
"F",24,3.83166666666667
"M",24,3.83166666666667
"F",30,3.83166666666667
"F",43,3.83194444444444
"F",45,3.83194444444444
"F",40,3.83222222222222
"F",41,3.83222222222222
"F",31,3.8325
"F",41,3.8325
"M",52,3.8325
"M",48,3.8325
"F",46,3.8325
"M",49,3.83277777777778
"F",44,3.83277777777778
"M",37,3.83277777777778
"F",32,3.83305555555556
"M",51,3.83305555555556
"F",39,3.83333333333333
"F",36,3.83333333333333
"F",40,3.83333333333333
"F",46,3.83333333333333
"F",43,3.83333333333333
"F",46,3.83333333333333
"M",45,3.83361111111111
"M",60,3.83361111111111
"F",34,3.83361111111111
"M",55,3.83361111111111
"F",46,3.83388888888889
"F",38,3.83388888888889
"F",38,3.83388888888889
"M",60,3.83416666666667
"F",28,3.83416666666667
"F",40,3.83444444444444
"F",48,3.83444444444444
"F",45,3.83444444444444
"M",42,3.83472222222222
"F",40,3.83472222222222
"M",61,3.83472222222222
"M",38,3.83472222222222
"F",30,3.83472222222222
"F",36,3.835
"M",42,3.835
"M",41,3.835
"F",30,3.835
"F",36,3.835
"M",48,3.835
"M",49,3.835
"M",51,3.835
"M",49,3.835
"M",40,3.83527777777778
"F",45,3.83555555555556
"F",34,3.83555555555556
"F",28,3.83555555555556
"M",39,3.83583333333333
"F",44,3.83583333333333
"F",31,3.83583333333333
"M",57,3.83611111111111
"M",60,3.83611111111111
"M",48,3.83611111111111
"F",47,3.83638888888889
"F",51,3.83638888888889
"F",39,3.83638888888889
"M",49,3.83638888888889
"F",41,3.83638888888889
"F",30,3.83666666666667
"F",38,3.83666666666667
"M",34,3.83666666666667
"M",46,3.83666666666667
"M",45,3.83666666666667
"F",27,3.83694444444444
"M",42,3.83694444444444
"F",36,3.83694444444444
"F",41,3.83694444444444
"M",61,3.83694444444444
"F",24,3.83694444444444
"M",51,3.83694444444444
"F",34,3.83722222222222
"F",27,3.83722222222222
"F",34,3.83722222222222
"F",47,3.83722222222222
"F",38,3.83722222222222
"F",36,3.8375
"F",40,3.8375
"M",52,3.8375
"M",58,3.83777777777778
"M",52,3.83777777777778
"M",54,3.83777777777778
"F",21,3.83777777777778
"F",38,3.83777777777778
"F",40,3.83805555555556
"F",46,3.83805555555556
"F",39,3.83805555555556
"F",51,3.83833333333333
"F",41,3.83833333333333
"M",43,3.83833333333333
"F",36,3.83833333333333
"F",41,3.83861111111111
"F",27,3.83861111111111
"M",48,3.83861111111111
"M",55,3.83861111111111
"M",49,3.83861111111111
"F",29,3.83888888888889
"M",41,3.83916666666667
"F",36,3.83916666666667
"M",47,3.83916666666667
"F",23,3.83916666666667
"M",47,3.83916666666667
"F",51,3.83944444444444
"M",47,3.83944444444444
"M",59,3.83944444444444
"F",31,3.83944444444444
"M",52,3.83944444444444
"M",56,3.83972222222222
"F",49,3.83972222222222
"M",44,3.83972222222222
"M",35,3.83972222222222
"F",45,3.84
"M",60,3.84
"F",40,3.84
"F",51,3.84027777777778
"M",50,3.84027777777778
"F",47,3.84027777777778
"M",45,3.84027777777778
"M",57,3.84027777777778
"M",61,3.84055555555556
"M",39,3.84055555555556
"M",45,3.84055555555556
"M",57,3.84083333333333
"M",52,3.84083333333333
"F",41,3.84083333333333
"F",47,3.84083333333333
"M",31,3.84083333333333
"F",41,3.84111111111111
"F",39,3.84111111111111
"M",43,3.84111111111111
"F",45,3.84111111111111
"F",38,3.84138888888889
"M",50,3.84166666666667
"F",22,3.84166666666667
"M",32,3.84166666666667
"F",37,3.84194444444444
"F",36,3.84194444444444
"F",33,3.84222222222222
"F",47,3.84222222222222
"M",60,3.84222222222222
"M",50,3.8425
"M",31,3.8425
"F",39,3.8425
"M",53,3.8425
"M",45,3.8425
"F",36,3.8425
"M",39,3.8425
"M",48,3.8425
"F",23,3.8425
"M",49,3.8425
"F",28,3.84277777777778
"M",31,3.84277777777778
"M",45,3.84277777777778
"M",60,3.84305555555556
"M",30,3.84305555555556
"M",60,3.84305555555556
"M",51,3.84305555555556
"M",47,3.84333333333333
"F",40,3.84333333333333
"F",44,3.84333333333333
"F",28,3.84388888888889
"F",36,3.84388888888889
"M",40,3.84388888888889
"F",36,3.84388888888889
"F",48,3.84416666666667
"F",31,3.84416666666667
"M",56,3.84416666666667
"F",37,3.84416666666667
"M",51,3.84416666666667
"M",45,3.84416666666667
"M",49,3.84444444444444
"F",51,3.84444444444444
"F",25,3.84444444444444
"M",47,3.84472222222222
"M",41,3.84472222222222
"M",32,3.84472222222222
"F",26,3.84472222222222
"F",38,3.84472222222222
"F",31,3.845
"F",34,3.845
"M",24,3.845
"F",39,3.845
"F",21,3.845
"F",55,3.845
"M",50,3.84527777777778
"M",29,3.84527777777778
"F",32,3.84555555555556
"M",47,3.84555555555556
"F",37,3.84555555555556
"F",46,3.84611111111111
"M",64,3.84611111111111
"F",38,3.84611111111111
"F",41,3.84611111111111
"M",61,3.84611111111111
"M",59,3.84611111111111
"F",38,3.84611111111111
"F",46,3.84611111111111
"M",51,3.84611111111111
"F",38,3.84611111111111
"F",31,3.84611111111111
"M",47,3.84638888888889
"M",61,3.84638888888889
"M",32,3.84638888888889
"M",35,3.84638888888889
"F",37,3.84638888888889
"M",25,3.84638888888889
"M",51,3.84666666666667
"F",48,3.84666666666667
"M",56,3.84666666666667
"M",44,3.84666666666667
"M",56,3.84666666666667
"F",46,3.84694444444444
"F",38,3.84694444444444
"M",52,3.84694444444444
"F",50,3.84694444444444
"F",44,3.84722222222222
"F",21,3.84722222222222
"F",33,3.84722222222222
"F",43,3.84722222222222
"M",51,3.84722222222222
"F",38,3.8475
"M",52,3.8475
"F",41,3.8475
"F",27,3.8475
"F",45,3.8475
"F",51,3.84777777777778
"F",31,3.84777777777778
"M",36,3.84777777777778
"F",47,3.84777777777778
"F",45,3.84777777777778
"M",22,3.84777777777778
"F",47,3.84805555555556
"M",46,3.84805555555556
"M",56,3.84805555555556
"M",55,3.84805555555556
"M",53,3.84805555555556
"M",35,3.84805555555556
"M",42,3.84805555555556
"F",45,3.84805555555556
"M",51,3.84805555555556
"F",47,3.84833333333333
"M",46,3.84833333333333
"F",45,3.84833333333333
"M",59,3.84861111111111
"M",49,3.84888888888889
"F",40,3.84888888888889
"F",42,3.84916666666667
"M",58,3.84916666666667
"F",27,3.84916666666667
"M",53,3.84944444444444
"M",53,3.84972222222222
"F",29,3.84972222222222
"M",40,3.84972222222222
"F",38,3.84972222222222
"F",25,3.84972222222222
"F",45,3.84972222222222
"F",40,3.84972222222222
"F",41,3.84972222222222
"M",55,3.85
"F",56,3.85
"M",23,3.85
"M",52,3.85
"M",53,3.85
"M",55,3.85
"M",37,3.85027777777778
"F",37,3.85027777777778
"M",58,3.85027777777778
"M",56,3.85027777777778
"M",58,3.85027777777778
"F",30,3.85027777777778
"F",56,3.85055555555556
"M",44,3.85055555555556
"M",60,3.85055555555556
"F",28,3.85083333333333
"F",50,3.85083333333333
"F",35,3.85083333333333
"F",34,3.85083333333333
"F",41,3.85083333333333
"F",25,3.85111111111111
"M",33,3.85111111111111
"F",39,3.85111111111111
"F",39,3.85111111111111
"F",26,3.85138888888889
"M",25,3.85138888888889
"F",51,3.85138888888889
"M",47,3.85138888888889
"F",36,3.85138888888889
"M",49,3.85138888888889
"M",49,3.85138888888889
"M",45,3.85138888888889
"M",56,3.85138888888889
"M",39,3.85166666666667
"F",36,3.85166666666667
"F",32,3.85166666666667
"M",52,3.85166666666667
"F",32,3.85194444444444
"F",58,3.85194444444444
"F",37,3.85194444444444
"F",25,3.85222222222222
"M",21,3.85222222222222
"M",22,3.85222222222222
"F",48,3.85222222222222
"F",51,3.85222222222222
"F",52,3.85222222222222
"M",45,3.85222222222222
"F",31,3.8525
"F",46,3.8525
"F",36,3.8525
"F",33,3.8525
"F",40,3.8525
"F",27,3.8525
"M",51,3.8525
"F",26,3.85277777777778
"M",44,3.85277777777778
"F",50,3.85277777777778
"M",52,3.85277777777778
"F",40,3.85277777777778
"F",41,3.85277777777778
"M",45,3.85277777777778
"M",41,3.85277777777778
"F",39,3.85305555555556
"M",57,3.85305555555556
"F",45,3.85305555555556
"F",36,3.85305555555556
"F",38,3.85333333333333
"M",31,3.85333333333333
"M",51,3.85333333333333
"M",52,3.85333333333333
"F",53,3.85333333333333
"F",37,3.85333333333333
"F",24,3.85361111111111
"F",45,3.85361111111111
"M",49,3.85361111111111
"M",57,3.85388888888889
"M",46,3.85388888888889
"M",44,3.85388888888889
"M",41,3.85388888888889
"M",53,3.85416666666667
"F",28,3.85416666666667
"F",35,3.85416666666667
"M",32,3.85416666666667
"F",40,3.85416666666667
"F",32,3.85416666666667
"F",32,3.85444444444444
"F",44,3.85444444444444
"F",49,3.85444444444444
"F",25,3.85444444444444
"M",48,3.85444444444444
"F",25,3.85444444444444
"M",47,3.85444444444444
"M",56,3.85472222222222
"F",29,3.85472222222222
"M",35,3.85472222222222
"F",34,3.855
"F",42,3.855
"M",55,3.855
"F",30,3.855
"M",67,3.85527777777778
"F",36,3.85555555555556
"F",37,3.85583333333333
"F",39,3.85583333333333
"F",43,3.85583333333333
"M",41,3.85611111111111
"M",44,3.85611111111111
"F",43,3.85611111111111
"F",35,3.85611111111111
"M",44,3.85638888888889
"F",37,3.85638888888889
"M",49,3.85638888888889
"M",49,3.85638888888889
"F",33,3.85638888888889
"M",51,3.85638888888889
"M",60,3.85638888888889
"F",53,3.85666666666667
"M",24,3.85666666666667
"F",49,3.85666666666667
"F",40,3.85694444444444
"F",38,3.85694444444444
"M",51,3.85694444444444
"M",53,3.85722222222222
"F",41,3.85722222222222
"F",45,3.85722222222222
"M",49,3.85722222222222
"M",50,3.85722222222222
"F",24,3.8575
"F",46,3.8575
"M",47,3.8575
"M",46,3.8575
"F",55,3.8575
"F",37,3.85777777777778
"F",42,3.85777777777778
"M",29,3.85777777777778
"M",52,3.85833333333333
"M",40,3.85833333333333
"M",45,3.85833333333333
"F",39,3.85833333333333
"F",45,3.85861111111111
"M",46,3.85861111111111
"M",46,3.85861111111111
"F",29,3.85861111111111
"M",50,3.85861111111111
"F",46,3.85861111111111
"F",37,3.85861111111111
"M",55,3.85888888888889
"M",57,3.85916666666667
"F",46,3.85916666666667
"M",59,3.85916666666667
"M",46,3.85916666666667
"F",50,3.85916666666667
"M",40,3.85944444444444
"M",50,3.85944444444444
"F",31,3.85944444444444
"F",47,3.85944444444444
"F",44,3.85944444444444
"M",56,3.85972222222222
"M",46,3.85972222222222
"F",36,3.85972222222222
"F",36,3.85972222222222
"F",29,3.86
"M",66,3.86
"M",33,3.86
"F",46,3.86
"M",50,3.86027777777778
"F",48,3.86027777777778
"M",48,3.86027777777778
"F",27,3.86027777777778
"F",29,3.86055555555556
"F",40,3.86055555555556
"F",27,3.86055555555556
"M",52,3.86055555555556
"M",45,3.86055555555556
"M",48,3.86083333333333
"M",31,3.86083333333333
"M",38,3.86083333333333
"M",41,3.86083333333333
"F",25,3.86166666666667
"F",24,3.86166666666667
"M",43,3.86166666666667
"F",56,3.86194444444444
"M",21,3.86194444444444
"M",54,3.86194444444444
"F",46,3.86222222222222
"F",44,3.86222222222222
"F",28,3.86222222222222
"F",25,3.8625
"F",50,3.8625
"F",43,3.8625
"M",61,3.8625
"F",41,3.8625
"M",55,3.8625
"F",46,3.8625
"F",27,3.8625
"M",47,3.8625
"F",42,3.86277777777778
"F",50,3.86277777777778
"F",33,3.86277777777778
"M",32,3.86305555555556
"F",29,3.86305555555556
"M",35,3.86305555555556
"M",53,3.86305555555556
"F",25,3.86333333333333
"F",39,3.86333333333333
"M",51,3.86333333333333
"F",33,3.86333333333333
"M",44,3.86361111111111
"M",36,3.86361111111111
"M",49,3.86361111111111
"F",45,3.86361111111111
"F",46,3.86361111111111
"M",49,3.86361111111111
"F",42,3.86361111111111
"F",40,3.86388888888889
"M",62,3.86388888888889
"F",40,3.86388888888889
"M",31,3.86416666666667
"M",49,3.86416666666667
"F",43,3.86416666666667
"F",50,3.86416666666667
"F",46,3.86416666666667
"F",38,3.86416666666667
"M",60,3.86444444444444
"F",40,3.86444444444444
"F",41,3.86444444444444
"M",51,3.86444444444444
"F",30,3.86444444444444
"M",52,3.86444444444444
"F",29,3.86444444444444
"F",37,3.86472222222222
"F",47,3.86472222222222
"F",40,3.86472222222222
"M",42,3.86472222222222
"F",51,3.865
"F",40,3.865
"M",26,3.865
"F",30,3.865
"F",42,3.865
"F",41,3.865
"M",33,3.86527777777778
"F",45,3.86527777777778
"M",54,3.86527777777778
"F",46,3.86527777777778
"M",61,3.86527777777778
"F",28,3.86555555555556
"M",38,3.86555555555556
"M",62,3.86555555555556
"F",42,3.86583333333333
"F",39,3.86583333333333
"F",37,3.86583333333333
"F",43,3.86583333333333
"M",24,3.86583333333333
"M",35,3.86583333333333
"M",52,3.86611111111111
"M",49,3.86611111111111
"M",53,3.86611111111111
"M",38,3.86611111111111
"F",25,3.86638888888889
"F",36,3.86638888888889
"F",42,3.86638888888889
"F",61,3.86638888888889
"M",63,3.86666666666667
"F",33,3.86666666666667
"M",63,3.86666666666667
"F",45,3.86694444444444
"F",27,3.86694444444444
"F",44,3.86694444444444
"M",56,3.86694444444444
"F",31,3.86722222222222
"M",50,3.86722222222222
"M",60,3.86722222222222
"M",43,3.86722222222222
"F",38,3.86722222222222
"F",37,3.86722222222222
"F",50,3.8675
"M",55,3.8675
"M",46,3.8675
"M",33,3.86777777777778
"F",43,3.86777777777778
"M",53,3.86777777777778
"F",40,3.86777777777778
"M",48,3.86777777777778
"M",48,3.86805555555556
"F",39,3.86805555555556
"F",41,3.86805555555556
"M",45,3.86805555555556
"M",62,3.86805555555556
"M",55,3.86805555555556
"F",27,3.86805555555556
"M",58,3.86833333333333
"M",28,3.86833333333333
"M",52,3.86833333333333
"F",47,3.86833333333333
"M",38,3.86833333333333
"F",23,3.86861111111111
"F",27,3.86861111111111
"F",25,3.86861111111111
"F",38,3.86888888888889
"F",42,3.86888888888889
"F",49,3.86888888888889
"M",32,3.86888888888889
"F",40,3.86916666666667
"M",62,3.86916666666667
"M",58,3.86916666666667
"M",56,3.86916666666667
"F",43,3.86944444444444
"M",54,3.86944444444444
"M",37,3.86972222222222
"M",52,3.86972222222222
"M",46,3.86972222222222
"M",34,3.86972222222222
"M",43,3.86972222222222
"F",40,3.86972222222222
"M",38,3.87
"F",28,3.87
"F",43,3.87027777777778
"F",44,3.87027777777778
"M",28,3.87055555555556
"M",48,3.87055555555556
"M",56,3.87055555555556
"M",30,3.87055555555556
"M",38,3.87055555555556
"F",42,3.87055555555556
"F",20,3.87055555555556
"F",36,3.87083333333333
"M",31,3.87083333333333
"M",56,3.87083333333333
"M",36,3.87083333333333
"F",47,3.87111111111111
"M",61,3.87111111111111
"F",40,3.87111111111111
"M",45,3.87111111111111
"F",37,3.87111111111111
"F",37,3.87138888888889
"M",57,3.87138888888889
"F",29,3.87138888888889
"M",31,3.87138888888889
"F",30,3.87138888888889
"M",36,3.87138888888889
"F",22,3.87138888888889
"F",39,3.87166666666667
"F",45,3.87166666666667
"M",50,3.87166666666667
"F",30,3.87166666666667
"M",47,3.87166666666667
"F",51,3.87194444444444
"M",40,3.87194444444444
"M",50,3.87194444444444
"F",22,3.8725
"F",36,3.8725
"M",43,3.8725
"M",63,3.87277777777778
"M",40,3.87277777777778
"F",37,3.87277777777778
"F",41,3.87333333333333
"M",48,3.87333333333333
"F",53,3.87333333333333
"F",45,3.87361111111111
"F",45,3.87361111111111
"M",39,3.87361111111111
"F",31,3.87361111111111
"F",42,3.87361111111111
"M",33,3.87388888888889
"M",36,3.87388888888889
"F",26,3.87388888888889
"F",47,3.87388888888889
"M",22,3.87388888888889
"F",42,3.87388888888889
"M",40,3.87388888888889
"M",53,3.87388888888889
"F",44,3.87416666666667
"M",46,3.87416666666667
"F",54,3.87444444444444
"M",60,3.87472222222222
"M",58,3.87472222222222
"M",46,3.87472222222222
"M",64,3.875
"M",50,3.875
"M",41,3.875
"M",69,3.87527777777778
"M",40,3.87527777777778
"M",46,3.87555555555556
"F",45,3.87555555555556
"M",30,3.87555555555556
"F",43,3.87583333333333
"M",61,3.87583333333333
"M",21,3.87611111111111
"F",29,3.87611111111111
"F",50,3.87611111111111
"M",57,3.87611111111111
"F",48,3.87611111111111
"M",30,3.87611111111111
"F",28,3.87638888888889
"F",42,3.87638888888889
"F",44,3.87638888888889
"M",53,3.87638888888889
"F",41,3.87638888888889
"F",57,3.87638888888889
"F",40,3.87666666666667
"M",45,3.87666666666667
"F",42,3.87666666666667
"M",48,3.87666666666667
"M",53,3.87666666666667
"F",46,3.87666666666667
"M",22,3.87666666666667
"F",46,3.87666666666667
"F",25,3.87694444444444
"F",32,3.87694444444444
"F",25,3.87694444444444
"F",39,3.87694444444444
"F",49,3.87722222222222
"M",49,3.87722222222222
"M",35,3.87722222222222
"F",29,3.8775
"F",45,3.87777777777778
"F",47,3.87777777777778
"F",46,3.87777777777778
"M",49,3.87777777777778
"F",29,3.87777777777778
"F",45,3.87777777777778
"F",50,3.87805555555556
"F",46,3.87805555555556
"F",34,3.87805555555556
"F",44,3.87805555555556
"M",53,3.87805555555556
"F",35,3.87805555555556
"F",45,3.87805555555556
"M",61,3.87833333333333
"F",39,3.87861111111111
"F",25,3.87861111111111
"F",41,3.87861111111111
"F",50,3.87861111111111
"F",39,3.87888888888889
"M",56,3.87888888888889
"M",26,3.87888888888889
"M",60,3.87888888888889
"M",22,3.87888888888889
"F",36,3.87888888888889
"F",40,3.87916666666667
"M",47,3.87944444444444
"M",60,3.87944444444444
"M",43,3.87944444444444
"F",47,3.87944444444444
"M",29,3.87944444444444
"F",41,3.87944444444444
"M",40,3.87972222222222
"F",48,3.87972222222222
"F",28,3.87972222222222
"M",48,3.87972222222222
"F",26,3.87972222222222
"M",53,3.88027777777778
"M",55,3.88027777777778
"F",40,3.88027777777778
"F",35,3.88027777777778
"F",26,3.88027777777778
"M",65,3.88055555555556
"M",47,3.88055555555556
"F",51,3.88055555555556
"M",54,3.88055555555556
"F",41,3.88055555555556
"F",37,3.88055555555556
"F",26,3.88055555555556
"F",49,3.88055555555556
"F",37,3.88083333333333
"M",31,3.88083333333333
"M",54,3.88111111111111
"F",40,3.88111111111111
"F",45,3.88166666666667
"M",58,3.88166666666667
"F",37,3.88166666666667
"F",30,3.88166666666667
"M",55,3.88194444444444
"M",34,3.88194444444444
"M",45,3.88194444444444
"M",59,3.88194444444444
"F",41,3.88222222222222
"M",36,3.88222222222222
"M",26,3.88222222222222
"F",48,3.8825
"M",57,3.8825
"M",22,3.8825
"F",28,3.8825
"F",40,3.88277777777778
"F",42,3.88305555555556
"F",24,3.88305555555556
"F",31,3.88305555555556
"F",33,3.88305555555556
"M",55,3.88305555555556
"F",42,3.88305555555556
"F",43,3.88333333333333
"F",47,3.88333333333333
"F",43,3.88333333333333
"F",48,3.88333333333333
"M",38,3.88333333333333
"M",51,3.88333333333333
"F",39,3.88333333333333
"F",39,3.88333333333333
"M",50,3.88361111111111
"F",47,3.88361111111111
"M",58,3.88361111111111
"F",62,3.88361111111111
"F",48,3.88361111111111
"M",50,3.88361111111111
"F",44,3.88388888888889
"F",47,3.88388888888889
"F",36,3.88388888888889
"F",46,3.88388888888889
"F",49,3.88388888888889
"M",54,3.88416666666667
"F",47,3.88416666666667
"F",30,3.88416666666667
"F",38,3.88416666666667
"F",40,3.88416666666667
"F",53,3.88444444444444
"F",49,3.88444444444444
"F",42,3.88472222222222
"F",31,3.88472222222222
"F",37,3.88472222222222
"F",30,3.88472222222222
"M",52,3.885
"F",35,3.885
"F",45,3.88527777777778
"M",49,3.88527777777778
"F",31,3.88527777777778
"M",39,3.88527777777778
"F",43,3.88527777777778
"F",48,3.88555555555556
"M",56,3.88555555555556
"F",51,3.88555555555556
"M",53,3.88555555555556
"F",54,3.88555555555556
"M",47,3.88583333333333
"F",32,3.88583333333333
"F",24,3.88611111111111
"F",40,3.88611111111111
"F",32,3.88611111111111
"F",23,3.88638888888889
"M",46,3.88638888888889
"F",30,3.88638888888889
"F",55,3.88638888888889
"M",60,3.88638888888889
"F",32,3.88666666666667
"M",47,3.88666666666667
"F",33,3.88666666666667
"F",47,3.88666666666667
"F",43,3.88666666666667
"F",36,3.88694444444444
"M",52,3.88694444444444
"F",37,3.88694444444444
"M",61,3.88694444444444
"M",56,3.88694444444444
"F",35,3.88722222222222
"F",41,3.88722222222222
"F",53,3.88722222222222
"M",59,3.88722222222222
"F",25,3.88722222222222
"M",37,3.88722222222222
"M",41,3.88722222222222
"M",46,3.88722222222222
"M",25,3.88722222222222
"M",36,3.88722222222222
"F",40,3.88722222222222
"F",39,3.88722222222222
"M",53,3.88722222222222
"F",44,3.8875
"M",41,3.8875
"M",52,3.8875
"M",26,3.88777777777778
"F",46,3.88777777777778
"M",57,3.88805555555556
"F",46,3.88805555555556
"F",46,3.88805555555556
"F",39,3.88805555555556
"F",35,3.88805555555556
"M",73,3.88805555555556
"M",48,3.88805555555556
"M",22,3.88805555555556
"F",27,3.88833333333333
"F",49,3.88833333333333
"M",65,3.88833333333333
"F",42,3.88833333333333
"M",55,3.88861111111111
"M",46,3.88888888888889
"F",46,3.88888888888889
"F",30,3.88916666666667
"M",41,3.88916666666667
"F",48,3.88916666666667
"M",61,3.88916666666667
"M",56,3.88916666666667
"M",33,3.88944444444444
"F",54,3.88944444444444
"F",38,3.88944444444444
"F",41,3.88944444444444
"F",57,3.88944444444444
"M",30,3.88972222222222
"M",42,3.88972222222222
"M",47,3.88972222222222
"M",45,3.88972222222222
"F",29,3.89
"F",21,3.89
"M",45,3.89
"F",51,3.89
"F",31,3.89
"F",34,3.89027777777778
"F",48,3.89027777777778
"M",47,3.89055555555556
"M",49,3.89055555555556
"M",55,3.89055555555556
"M",55,3.89055555555556
"F",25,3.89055555555556
"F",50,3.89055555555556
"F",48,3.89055555555556
"M",42,3.89055555555556
"F",54,3.89083333333333
"M",62,3.89083333333333
"F",42,3.89083333333333
"M",64,3.89083333333333
"F",44,3.89111111111111
"F",58,3.89111111111111
"F",35,3.89111111111111
"F",37,3.89138888888889
"M",47,3.89138888888889
"M",46,3.89138888888889
"M",41,3.89138888888889
"F",23,3.89166666666667
"M",60,3.89166666666667
"F",40,3.89166666666667
"F",43,3.89166666666667
"F",34,3.89166666666667
"F",57,3.89194444444444
"M",49,3.89194444444444
"F",42,3.89194444444444
"M",45,3.89194444444444
"M",56,3.89194444444444
"F",40,3.89194444444444
"M",40,3.89194444444444
"F",46,3.89222222222222
"M",59,3.89222222222222
"M",65,3.89222222222222
"F",38,3.89222222222222
"F",37,3.89222222222222
"F",26,3.89222222222222
"M",52,3.89222222222222
"F",29,3.89222222222222
"M",66,3.89222222222222
"F",45,3.8925
"F",29,3.8925
"M",34,3.8925
"M",40,3.89277777777778
"F",40,3.89277777777778
"M",34,3.89277777777778
"F",51,3.89277777777778
"F",46,3.89305555555556
"M",65,3.89305555555556
"F",33,3.89333333333333
"M",57,3.89333333333333
"M",55,3.89333333333333
"M",58,3.89333333333333
"F",34,3.89361111111111
"M",42,3.89361111111111
"M",59,3.89388888888889
"M",56,3.89388888888889
"F",47,3.89388888888889
"F",48,3.89416666666667
"F",26,3.89416666666667
"M",61,3.89416666666667
"F",32,3.89416666666667
"M",57,3.89444444444444
"F",45,3.89444444444444
"F",37,3.89472222222222
"F",43,3.89472222222222
"F",40,3.89472222222222
"F",52,3.89472222222222
"F",46,3.89472222222222
"M",49,3.895
"F",54,3.895
"M",48,3.895
"F",32,3.895
"F",26,3.895
"M",53,3.895
"M",42,3.01055555555556
"M",25,3.01055555555556
"M",44,3.01083333333333
"M",29,3.01083333333333
"M",37,3.01111111111111
"M",43,3.01138888888889
"M",24,3.01138888888889
"M",25,3.01166666666667
"M",42,3.01166666666667
"M",41,3.01166666666667
"M",36,3.01166666666667
"M",35,3.01222222222222
"M",26,3.01222222222222
"M",36,3.01222222222222
"M",53,3.01222222222222
"M",34,3.0125
"M",42,3.0125
"M",34,3.01277777777778
"M",25,3.01305555555556
"M",38,3.01305555555556
"F",28,3.01361111111111
"M",39,3.01361111111111
"M",25,3.01388888888889
"M",31,3.01416666666667
"M",51,3.01416666666667
"M",34,3.01444444444444
"F",46,3.01472222222222
"M",27,3.01472222222222
"M",29,3.01472222222222
"M",38,3.01472222222222
"M",31,3.01472222222222
"F",30,3.015
"M",52,3.01555555555556
"F",45,3.01583333333333
"M",31,3.01611111111111
"M",54,3.01694444444444
"M",31,3.01694444444444
"M",51,3.01722222222222
"M",36,3.01777777777778
"M",27,3.01805555555556
"M",52,3.01805555555556
"M",43,3.01833333333333
"M",28,3.01833333333333
"M",36,3.01833333333333
"M",33,3.01861111111111
"M",41,3.01861111111111
"F",34,3.01861111111111
"M",31,3.01888888888889
"M",50,3.01888888888889
"M",33,3.01916666666667
"M",32,3.01916666666667
"M",32,3.01944444444444
"M",46,3.02
"M",43,3.02
"M",43,3.02027777777778
"M",40,3.02083333333333
"M",44,3.02083333333333
"M",39,3.02083333333333
"M",50,3.02166666666667
"M",32,3.02166666666667
"M",23,3.02194444444444
"M",37,3.02222222222222
"M",26,3.02222222222222
"M",24,3.02222222222222
"M",43,3.02222222222222
"M",31,3.0225
"M",25,3.0225
"M",53,3.0225
"M",22,3.0225
"M",27,3.02277777777778
"M",44,3.02305555555556
"M",38,3.02305555555556
"M",41,3.02333333333333
"M",28,3.02361111111111
"M",38,3.02361111111111
"M",43,3.02361111111111
"M",36,3.02361111111111
"M",29,3.02388888888889
"M",50,3.02388888888889
"M",24,3.02388888888889
"F",25,3.02416666666667
"M",31,3.02416666666667
"M",47,3.02444444444444
"M",24,3.02444444444444
"M",52,3.02472222222222
"M",35,3.02472222222222
"M",32,3.02472222222222
"M",27,3.02472222222222
"M",33,3.02472222222222
"M",53,3.025
"M",50,3.025
"M",34,3.02527777777778
"M",24,3.02527777777778
"M",40,3.02611111111111
"M",30,3.02611111111111
"M",53,3.02611111111111
"M",44,3.02611111111111
"M",47,3.02638888888889
"M",31,3.02638888888889
"M",44,3.02694444444444
"F",49,3.895
"F",35,3.89527777777778
"M",60,3.89527777777778
"F",28,3.89527777777778
"F",46,3.89527777777778
"F",39,3.89527777777778
"M",26,3.89555555555556
"F",34,3.89555555555556
"F",51,3.89555555555556
"F",41,3.89555555555556
"F",47,3.89583333333333
"M",65,3.89583333333333
"F",38,3.89583333333333
"F",32,3.89611111111111
"F",46,3.89611111111111
"M",56,3.89638888888889
"M",55,3.89638888888889
"M",36,3.89638888888889
"F",30,3.89666666666667
"F",36,3.89666666666667
"F",28,3.89666666666667
"F",42,3.89666666666667
"M",43,3.89666666666667
"F",54,3.89694444444444
"F",57,3.89694444444444
"M",32,3.89694444444444
"M",56,3.89694444444444
"F",35,3.89694444444444
"F",35,3.89694444444444
"F",21,3.89722222222222
"F",45,3.89722222222222
"F",49,3.89722222222222
"M",61,3.8975
"M",50,3.8975
"M",47,3.8975
"M",45,3.8975
"F",31,3.89777777777778
"F",37,3.89777777777778
"M",36,3.89777777777778
"F",26,3.89777777777778
"F",30,3.89777777777778
"F",30,3.89805555555556
"F",40,3.89833333333333
"M",53,3.89833333333333
"F",36,3.89833333333333
"M",32,3.89833333333333
"M",49,3.89833333333333
"M",59,3.89833333333333
"F",45,3.89861111111111
"F",44,3.89861111111111
"F",45,3.89861111111111
"F",45,3.89861111111111
"F",24,3.89888888888889
"M",33,3.89888888888889
"F",41,3.89888888888889
"F",32,3.89916666666667
"M",53,3.89916666666667
"M",39,3.89916666666667
"F",40,3.89916666666667
"M",61,3.89972222222222
"F",47,3.89972222222222
"M",64,3.89972222222222
"F",55,3.89972222222222
"F",40,3.89972222222222
"M",36,3.9
"M",60,3.9
"F",31,3.9
"M",56,3.90027777777778
"M",29,3.90027777777778
"F",58,3.90027777777778
"F",23,3.90027777777778
"M",57,3.90027777777778
"M",61,3.90027777777778
"F",44,3.90055555555556
"M",64,3.90055555555556
"M",41,3.90055555555556
"M",61,3.90055555555556
"M",44,3.90083333333333
"M",32,3.90083333333333
"F",29,3.90083333333333
"M",50,3.90083333333333
"M",45,3.90083333333333
"F",45,3.90111111111111
"M",52,3.90111111111111
"F",42,3.90138888888889
"F",37,3.90138888888889
"F",29,3.90138888888889
"F",52,3.90138888888889
"F",47,3.90166666666667
"M",35,3.90166666666667
"F",39,3.90166666666667
"F",39,3.90166666666667
"M",32,3.90166666666667
"F",34,3.90166666666667
"F",45,3.90166666666667
"F",46,3.90166666666667
"F",45,3.90166666666667
"F",54,3.90194444444444
"M",33,3.90194444444444
"F",41,3.90194444444444
"M",62,3.90194444444444
"F",56,3.90194444444444
"M",47,3.90194444444444
"M",44,3.90222222222222
"F",48,3.90222222222222
"F",49,3.90222222222222
"M",56,3.9025
"M",45,3.9025
"M",33,3.9025
"M",27,3.90277777777778
"F",27,3.90277777777778
"F",39,3.90277777777778
"F",23,3.90277777777778
"F",27,3.90305555555556
"M",52,3.90305555555556
"M",50,3.90305555555556
"M",26,3.90305555555556
"F",50,3.90333333333333
"M",20,3.90333333333333
"M",60,3.90333333333333
"M",46,3.90333333333333
"F",34,3.90361111111111
"F",31,3.90361111111111
"F",28,3.90361111111111
"F",44,3.90388888888889
"F",43,3.90388888888889
"F",34,3.90388888888889
"F",48,3.90416666666667
"F",43,3.90416666666667
"F",28,3.90416666666667
"F",50,3.90444444444444
"F",37,3.90444444444444
"M",51,3.90444444444444
"M",60,3.90444444444444
"M",40,3.90472222222222
"F",28,3.90472222222222
"F",40,3.90472222222222
"M",70,3.90472222222222
"M",63,3.905
"F",38,3.905
"M",57,3.90527777777778
"M",43,3.90555555555556
"F",42,3.90555555555556
"F",46,3.90555555555556
"F",28,3.90583333333333
"F",37,3.90583333333333
"F",34,3.90583333333333
"F",44,3.90583333333333
"M",30,3.90583333333333
"F",46,3.90583333333333
"F",40,3.90583333333333
"M",20,3.90583333333333
"F",45,3.90583333333333
"F",26,3.90611111111111
"F",43,3.90611111111111
"M",60,3.90611111111111
"M",33,3.90611111111111
"M",52,3.90638888888889
"M",42,3.90638888888889
"F",37,3.90638888888889
"F",34,3.90638888888889
"F",31,3.90666666666667
"F",42,3.90666666666667
"M",48,3.90666666666667
"F",47,3.90694444444444
"F",45,3.90694444444444
"M",55,3.90722222222222
"F",33,3.90722222222222
"F",50,3.90722222222222
"M",48,3.90722222222222
"M",33,3.90722222222222
"F",49,3.90722222222222
"M",42,3.90722222222222
"M",60,3.90722222222222
"F",45,3.90722222222222
"F",41,3.90722222222222
"F",41,3.90722222222222
"M",54,3.9075
"F",46,3.9075
"F",38,3.9075
"M",45,3.9075
"F",39,3.9075
"M",55,3.9075
"M",25,3.90777777777778
"F",25,3.90777777777778
"M",58,3.90777777777778
"F",21,3.90777777777778
"F",42,3.90777777777778
"F",40,3.90805555555556
"M",27,3.90805555555556
"M",40,3.90805555555556
"M",54,3.90805555555556
"M",48,3.90833333333333
"M",33,3.90861111111111
"F",40,3.90861111111111
"M",45,3.90861111111111
"F",44,3.90861111111111
"F",27,3.90861111111111
"M",45,3.90861111111111
"M",57,3.90861111111111
"M",52,3.90888888888889
"M",35,3.90888888888889
"F",47,3.90888888888889
"M",55,3.90916666666667
"F",38,3.90916666666667
"M",56,3.90916666666667
"F",43,3.90916666666667
"M",43,3.90916666666667
"M",39,3.90916666666667
"M",45,3.90916666666667
"M",62,3.90944444444444
"F",20,3.90944444444444
"M",54,3.90944444444444
"M",31,3.90944444444444
"F",48,3.90972222222222
"F",37,3.90972222222222
"F",47,3.90972222222222
"F",40,3.91
"M",48,3.91
"M",60,3.91
"F",21,3.91
"M",23,3.91
"F",42,3.91
"M",24,3.91
"M",51,3.91
"F",30,3.91
"F",47,3.91027777777778
"M",30,3.91027777777778
"M",28,3.91027777777778
"F",25,3.91027777777778
"F",39,3.91027777777778
"M",59,3.91027777777778
"F",25,3.91027777777778
"M",60,3.91055555555556
"F",41,3.91055555555556
"M",61,3.91083333333333
"F",41,3.91083333333333
"F",43,3.91083333333333
"F",27,3.91083333333333
"M",62,3.91111111111111
"F",46,3.91111111111111
"M",51,3.91111111111111
"F",31,3.91111111111111
"M",61,3.91111111111111
"F",42,3.91138888888889
"M",40,3.91138888888889
"F",45,3.91138888888889
"F",24,3.91138888888889
"F",46,3.91138888888889
"M",59,3.91138888888889
"M",34,3.91166666666667
"M",43,3.91166666666667
"F",53,3.91166666666667
"M",45,3.91166666666667
"M",45,3.91194444444444
"M",38,3.91194444444444
"M",37,3.91222222222222
"M",47,3.9125
"M",60,3.9125
"M",46,3.9125
"M",46,3.9125
"F",48,3.9125
"F",35,3.9125
"M",36,3.9125
"F",45,3.91277777777778
"F",36,3.91277777777778
"F",29,3.91277777777778
"F",48,3.91305555555556
"M",51,3.91305555555556
"M",58,3.91305555555556
"M",64,3.91305555555556
"F",44,3.91333333333333
"F",40,3.91333333333333
"F",41,3.91333333333333
"M",60,3.91333333333333
"F",39,3.91333333333333
"M",52,3.91333333333333
"M",52,3.91361111111111
"M",50,3.91361111111111
"F",24,3.91361111111111
"F",40,3.91388888888889
"F",47,3.91388888888889
"M",35,3.91388888888889
"M",24,3.91388888888889
"F",49,3.91416666666667
"F",41,3.91416666666667
"M",56,3.91444444444444
"F",42,3.91444444444444
"F",42,3.91444444444444
"F",53,3.91472222222222
"M",53,3.91472222222222
"F",45,3.91472222222222
"M",52,3.91472222222222
"F",36,3.91472222222222
"F",35,3.91472222222222
"M",46,3.91472222222222
"M",50,3.91472222222222
"F",38,3.915
"F",22,3.915
"M",57,3.915
"F",30,3.915
"M",29,3.91527777777778
"F",58,3.91555555555556
"M",63,3.91555555555556
"F",31,3.91555555555556
"M",41,3.91555555555556
"F",26,3.91555555555556
"F",46,3.91583333333333
"M",22,3.91583333333333
"M",43,3.91611111111111
"M",45,3.91611111111111
"F",27,3.91638888888889
"F",31,3.91638888888889
"M",35,3.91638888888889
"F",43,3.91638888888889
"M",57,3.91666666666667
"M",48,3.91666666666667
"F",39,3.91666666666667
"M",53,3.91694444444444
"M",61,3.91694444444444
"M",49,3.91694444444444
"M",55,3.91722222222222
"F",43,3.91722222222222
"M",64,3.91722222222222
"F",36,3.91722222222222
"F",38,3.91722222222222
"F",48,3.91722222222222
"F",39,3.91722222222222
"F",41,3.9175
"F",39,3.9175
"F",24,3.9175
"F",48,3.9175
"F",23,3.9175
"M",49,3.9175
"F",47,3.91777777777778
"M",30,3.91777777777778
"F",46,3.91777777777778
"F",26,3.91777777777778
"M",51,3.91777777777778
"M",41,3.91777777777778
"M",54,3.91777777777778
"F",49,3.91805555555556
"M",64,3.91805555555556
"F",37,3.91805555555556
"F",27,3.91805555555556
"M",45,3.91805555555556
"F",31,3.91805555555556
"M",60,3.91805555555556
"M",41,3.91805555555556
"M",40,3.91833333333333
"F",38,3.91833333333333
"F",43,3.91833333333333
"F",38,3.91833333333333
"F",37,3.91833333333333
"F",34,3.91833333333333
"F",51,3.91833333333333
"M",32,3.91861111111111
"F",26,3.91861111111111
"F",37,3.91861111111111
"F",53,3.91888888888889
"F",25,3.91888888888889
"M",50,3.91888888888889
"F",24,3.91916666666667
"M",55,3.91916666666667
"F",25,3.91916666666667
"F",25,3.91916666666667
"F",48,3.91916666666667
"F",33,3.91916666666667
"M",34,3.91916666666667
"F",36,3.91916666666667
"F",49,3.91944444444444
"M",51,3.91944444444444
"M",46,3.91944444444444
"F",48,3.91944444444444
"M",60,3.91944444444444
"M",48,3.91972222222222
"F",51,3.91972222222222
"M",50,3.91972222222222
"F",19,3.92
"M",57,3.92
"F",47,3.92027777777778
"M",43,3.92027777777778
"M",50,3.92027777777778
"F",48,3.92027777777778
"M",56,3.92027777777778
"F",25,3.92055555555556
"M",52,3.92055555555556
"M",52,3.92055555555556
"F",51,3.92055555555556
"F",28,3.92083333333333
"F",25,3.92083333333333
"F",47,3.92083333333333
"F",29,3.92083333333333
"M",56,3.92083333333333
"F",32,3.92083333333333
"F",45,3.92083333333333
"F",32,3.92111111111111
"M",52,3.92111111111111
"F",44,3.92111111111111
"M",31,3.92111111111111
"M",30,3.92138888888889
"M",34,3.92138888888889
"F",31,3.92138888888889
"M",57,3.92138888888889
"F",38,3.92138888888889
"F",24,3.92166666666667
"F",46,3.92166666666667
"F",27,3.92166666666667
"F",37,3.92166666666667
"F",24,3.92194444444444
"M",51,3.92194444444444
"F",43,3.92194444444444
"M",62,3.92194444444444
"M",50,3.92194444444444
"M",45,3.92222222222222
"M",40,3.9225
"M",58,3.9225
"M",46,3.9225
"M",43,3.9225
"F",40,3.92277777777778
"M",49,3.92277777777778
"M",29,3.92277777777778
"M",55,3.92305555555556
"M",42,3.92305555555556
"M",50,3.92305555555556
"F",51,3.92333333333333
"M",51,3.92333333333333
"M",60,3.92333333333333
"F",41,3.92333333333333
"F",55,3.92361111111111
"M",27,3.92361111111111
"M",39,3.92361111111111
"M",38,3.92361111111111
"F",22,3.92388888888889
"F",26,3.92388888888889
"F",42,3.92388888888889
"F",42,3.92388888888889
"F",26,3.92388888888889
"M",37,3.92388888888889
"F",53,3.92388888888889
"F",40,3.92388888888889
"F",42,3.92388888888889
"F",43,3.92416666666667
"M",48,3.92416666666667
"F",46,3.92416666666667
"F",28,3.92416666666667
"M",47,3.92416666666667
"F",44,3.92416666666667
"F",35,3.92416666666667
"M",29,3.92416666666667
"F",50,3.92416666666667
"M",37,3.92444444444444
"M",41,3.92444444444444
"M",57,3.92444444444444
"F",38,3.92444444444444
"M",59,3.92472222222222
"F",50,3.92472222222222
"M",48,3.92472222222222
"F",38,3.92472222222222
"F",28,3.925
"F",42,3.925
"M",54,3.925
"M",61,3.925
"M",38,3.925
"F",43,3.925
"F",51,3.92527777777778
"F",48,3.92555555555556
"F",51,3.92555555555556
"M",42,3.92555555555556
"F",31,3.92555555555556
"F",38,3.92555555555556
"F",45,3.92555555555556
"M",55,3.92555555555556
"F",47,3.92555555555556
"M",30,3.92555555555556
"F",46,3.92555555555556
"M",46,3.92583333333333
"F",49,3.92583333333333
"F",42,3.92583333333333
"F",40,3.92583333333333
"F",42,3.92583333333333
"F",49,3.92611111111111
"M",62,3.92611111111111
"F",40,3.92611111111111
"F",23,3.92611111111111
"M",55,3.92611111111111
"F",40,3.92611111111111
"M",62,3.92611111111111
"M",60,3.92611111111111
"M",54,3.92638888888889
"F",54,3.92638888888889
"M",60,3.92638888888889
"F",26,3.92638888888889
"F",43,3.92638888888889
"M",47,3.92666666666667
"M",48,3.92666666666667
"F",31,3.92666666666667
"M",45,3.92666666666667
"M",58,3.92694444444444
"M",51,3.92694444444444
"F",43,3.92694444444444
"M",57,3.92722222222222
"M",55,3.92722222222222
"F",51,3.92722222222222
"M",51,3.92722222222222
"F",30,3.9275
"F",43,3.9275
"F",44,3.9275
"M",41,3.92777777777778
"F",41,3.92777777777778
"M",50,3.92777777777778
"M",45,3.92777777777778
"F",50,3.92777777777778
"F",45,3.92777777777778
"M",48,3.92805555555556
"M",39,3.92805555555556
"M",53,3.92805555555556
"F",49,3.92805555555556
"F",41,3.92833333333333
"F",32,3.92833333333333
"F",40,3.92833333333333
"M",63,3.92833333333333
"F",55,3.92833333333333
"F",35,3.92833333333333
"M",50,3.92861111111111
"M",59,3.92861111111111
"M",51,3.92861111111111
"F",50,3.92861111111111
"F",30,3.92888888888889
"F",31,3.92888888888889
"F",38,3.92888888888889
"M",40,3.92888888888889
"F",55,3.92888888888889
"F",40,3.92888888888889
"F",29,3.92888888888889
"M",51,3.92916666666667
"M",51,3.92916666666667
"M",45,3.92916666666667
"M",68,3.92944444444444
"F",45,3.92944444444444
"M",54,3.92944444444444
"M",38,3.92944444444444
"F",25,3.92944444444444
"M",48,3.92972222222222
"F",41,3.92972222222222
"M",43,3.92972222222222
"M",53,3.92972222222222
"F",46,3.93
"M",40,3.93
"F",41,3.93
"M",53,3.93
"M",60,3.93
"M",54,3.93
"F",28,3.93
"M",56,3.93027777777778
"F",44,3.93027777777778
"M",51,3.93027777777778
"F",41,3.93027777777778
"M",47,3.93083333333333
"F",47,3.93083333333333
"F",44,3.93083333333333
"M",47,3.93083333333333
"F",48,3.93083333333333
"M",60,3.93111111111111
"M",47,3.93111111111111
"M",60,3.93111111111111
"M",53,3.93111111111111
"M",49,3.93111111111111
"M",45,3.93111111111111
"F",44,3.93138888888889
"M",50,3.93138888888889
"F",56,3.93138888888889
"F",32,3.93138888888889
"F",31,3.93138888888889
"F",42,3.93138888888889
"F",40,3.93166666666667
"M",47,3.93166666666667
"M",28,3.93166666666667
"M",51,3.93194444444444
"M",49,3.93194444444444
"M",54,3.93222222222222
"F",56,3.93222222222222
"F",39,3.93222222222222
"M",60,3.93222222222222
"M",47,3.9325
"F",42,3.9325
"F",33,3.9325
"M",43,3.9325
"F",40,3.93277777777778
"F",43,3.93277777777778
"F",40,3.93277777777778
"M",46,3.93305555555556
"F",54,3.93305555555556
"M",40,3.93305555555556
"F",31,3.93305555555556
"M",57,3.93305555555556
"M",38,3.93333333333333
"F",46,3.93333333333333
"F",41,3.93361111111111
"F",40,3.93361111111111
"M",61,3.93361111111111
"F",43,3.93361111111111
"F",32,3.93361111111111
"F",31,3.93361111111111
"M",49,3.93388888888889
"M",53,3.93388888888889
"F",42,3.93388888888889
"M",33,3.93416666666667
"F",29,3.93416666666667
"F",35,3.93416666666667
"M",24,3.93444444444444
"M",50,3.93444444444444
"F",49,3.93444444444444
"F",34,3.93444444444444
"M",42,3.93444444444444
"F",42,3.93472222222222
"F",36,3.93472222222222
"M",50,3.93472222222222
"M",60,3.935
"M",63,3.935
"F",44,3.935
"F",48,3.935
"M",40,3.93527777777778
"F",27,3.93527777777778
"M",29,3.93527777777778
"M",51,3.93527777777778
"M",61,3.93555555555556
"F",45,3.93555555555556
"M",47,3.93555555555556
"F",48,3.93555555555556
"M",64,3.93555555555556
"M",45,3.93583333333333
"M",58,3.93583333333333
"F",52,3.93611111111111
"M",53,3.93611111111111
"F",25,3.93611111111111
"M",57,3.93611111111111
"F",42,3.93611111111111
"F",38,3.93638888888889
"M",55,3.93638888888889
"M",44,3.93638888888889
"M",57,3.93666666666667
"F",45,3.93666666666667
"F",34,3.93666666666667
"F",29,3.93666666666667
"F",30,3.93666666666667
"M",54,3.93666666666667
"M",58,3.93694444444444
"M",29,3.93694444444444
"M",62,3.93694444444444
"M",32,3.93694444444444
"M",40,3.93694444444444
"F",47,3.93722222222222
"M",25,3.93722222222222
"F",20,3.93722222222222
"M",35,3.93722222222222
"M",51,3.93722222222222
"F",26,3.93722222222222
"F",52,3.9375
"F",37,3.9375
"F",47,3.9375
"M",45,3.9375
"F",49,3.9375
"F",26,3.9375
"F",46,3.9375
"F",28,3.93777777777778
"F",28,3.93777777777778
"F",49,3.93777777777778
"F",30,3.93805555555556
"F",35,3.93805555555556
"F",47,3.93805555555556
"M",59,3.93805555555556
"F",39,3.93805555555556
"F",42,3.93805555555556
"F",45,3.93805555555556
"M",53,3.93805555555556
"M",58,3.93805555555556
"M",54,3.93833333333333
"F",45,3.93833333333333
"F",38,3.93833333333333
"F",39,3.93861111111111
"F",47,3.93861111111111
"F",27,3.93888888888889
"M",22,3.93888888888889
"M",58,3.93888888888889
"F",34,3.93916666666667
"M",52,3.93916666666667
"M",50,3.93916666666667
"M",62,3.93916666666667
"M",39,3.93916666666667
"F",39,3.93916666666667
"F",46,3.93916666666667
"F",42,3.93916666666667
"F",32,3.93944444444444
"F",40,3.93944444444444
"M",44,3.93944444444444
"F",26,3.93972222222222
"F",25,3.93972222222222
"M",49,3.93972222222222
"F",23,3.93972222222222
"M",46,3.93972222222222
"F",33,3.93972222222222
"M",57,3.93972222222222
"M",53,3.94
"F",44,3.94
"F",25,3.94
"M",25,3.94
"F",45,3.94
"M",32,3.94
"F",29,3.94027777777778
"M",51,3.94027777777778
"F",30,3.94027777777778
"M",49,3.94027777777778
"F",56,3.94055555555556
"M",61,3.94055555555556
"M",55,3.94055555555556
"F",49,3.94083333333333
"M",39,3.94083333333333
"F",40,3.94083333333333
"F",42,3.94083333333333
"F",31,3.94083333333333
"F",47,3.94111111111111
"F",25,3.94111111111111
"M",20,3.94138888888889
"F",36,3.94138888888889
"F",43,3.94166666666667
"M",50,3.94166666666667
"F",30,3.94166666666667
"F",32,3.94166666666667
"F",41,3.94166666666667
"F",41,3.94194444444444
"F",36,3.94194444444444
"F",35,3.94194444444444
"M",55,3.94194444444444
"F",28,3.94194444444444
"M",59,3.94194444444444
"F",40,3.94194444444444
"M",50,3.94194444444444
"F",48,3.94194444444444
"M",61,3.94194444444444
"F",26,3.94222222222222
"F",38,3.94222222222222
"F",39,3.94222222222222
"F",54,3.94222222222222
"M",62,3.94222222222222
"F",37,3.94222222222222
"F",45,3.9425
"M",64,3.9425
"F",33,3.9425
"F",33,3.9425
"M",49,3.9425
"F",44,3.9425
"F",30,3.9425
"M",51,3.94277777777778
"F",52,3.94277777777778
"F",43,3.94277777777778
"M",28,3.94277777777778
"F",50,3.94277777777778
"M",46,3.94305555555556
"M",50,3.94305555555556
"M",51,3.94305555555556
"F",44,3.94305555555556
"F",40,3.94305555555556
"F",32,3.94305555555556
"F",36,3.94333333333333
"F",48,3.94333333333333
"M",51,3.94333333333333
"F",42,3.94361111111111
"M",57,3.94361111111111
"F",34,3.94361111111111
"F",34,3.94361111111111
"M",62,3.94361111111111
"M",57,3.94361111111111
"M",42,3.94388888888889
"M",45,3.94388888888889
"F",28,3.94388888888889
"M",28,3.94388888888889
"M",55,3.94416666666667
"F",47,3.94416666666667
"M",62,3.94416666666667
"M",27,3.94472222222222
"F",29,3.94472222222222
"M",51,3.94472222222222
"M",59,3.94472222222222
"M",34,3.94472222222222
"F",25,3.94472222222222
"F",44,3.94472222222222
"M",50,3.94472222222222
"M",55,3.94472222222222
"F",40,3.945
"M",43,3.945
"M",37,3.945
"F",38,3.94527777777778
"M",60,3.94527777777778
"F",44,3.94527777777778
"M",56,3.94555555555556
"F",47,3.94555555555556
"M",39,3.94555555555556
"F",39,3.94555555555556
"F",51,3.94583333333333
"F",42,3.94583333333333
"F",29,3.94583333333333
"F",44,3.94611111111111
"M",66,3.94611111111111
"M",53,3.94638888888889
"F",50,3.94638888888889
"F",38,3.94638888888889
"F",34,3.94638888888889
"M",42,3.94666666666667
"F",36,3.94666666666667
"F",51,3.94666666666667
"F",24,3.94666666666667
"F",26,3.94666666666667
"M",50,3.94666666666667
"F",47,3.94694444444444
"M",46,3.94694444444444
"M",52,3.94694444444444
"F",42,3.94694444444444
"F",26,3.94694444444444
"F",40,3.94694444444444
"M",52,3.94722222222222
"M",45,3.94722222222222
"F",44,3.94722222222222
"M",57,3.9475
"F",26,3.9475
"F",38,3.9475
"F",45,3.9475
"M",55,3.9475
"F",35,3.9475
"M",42,3.94777777777778
"F",32,3.94777777777778
"M",57,3.94777777777778
"F",21,3.94805555555556
"M",26,3.94805555555556
"F",30,3.94805555555556
"M",53,3.94833333333333
"F",33,3.94833333333333
"M",52,3.94833333333333
"M",50,3.94833333333333
"F",24,3.94833333333333
"F",48,3.94833333333333
"F",40,3.94833333333333
"F",45,3.94861111111111
"M",45,3.94861111111111
"F",44,3.94861111111111
"F",26,3.94861111111111
"F",47,3.94861111111111
"F",44,3.94888888888889
"F",46,3.94888888888889
"F",44,3.94888888888889
"F",43,3.94888888888889
"F",30,3.94888888888889
"F",38,3.94888888888889
"M",18,3.94888888888889
"M",55,3.94888888888889
"F",33,3.94916666666667
"F",31,3.94916666666667
"F",34,3.94916666666667
"F",51,3.94916666666667
"M",60,3.94916666666667
"M",41,3.94916666666667
"F",44,3.94944444444444
"F",28,3.94944444444444
"F",41,3.94944444444444
"M",49,3.94944444444444
"M",24,3.94972222222222
"M",55,3.94972222222222
"F",51,3.94972222222222
"M",54,3.95
"F",34,3.95
"F",67,3.95
"F",50,3.95
"M",45,3.95027777777778
"F",52,3.95027777777778
"F",41,3.95027777777778
"M",56,3.95027777777778
"F",43,3.95027777777778
"F",40,3.95027777777778
"F",40,3.95055555555556
"F",52,3.95055555555556
"F",50,3.95055555555556
"F",50,3.95055555555556
"F",26,3.95083333333333
"M",53,3.95083333333333
"F",39,3.95083333333333
"M",40,3.95111111111111
"F",28,3.95138888888889
"F",27,3.95138888888889
"F",42,3.95138888888889
"F",44,3.95138888888889
"F",41,3.95166666666667
"F",33,3.95166666666667
"M",22,3.95166666666667
"M",33,3.95166666666667
"M",44,3.95166666666667
"F",44,3.95194444444444
"F",53,3.95194444444444
"F",23,3.95194444444444
"F",36,3.95194444444444
"M",44,3.95194444444444
"M",52,3.95222222222222
"F",25,3.95222222222222
"M",50,3.95222222222222
"F",34,3.95222222222222
"F",45,3.95222222222222
"M",59,3.95222222222222
"F",49,3.95222222222222
"F",45,3.95222222222222
"F",48,3.9525
"M",19,3.95277777777778
"M",57,3.95277777777778
"F",42,3.95277777777778
"M",45,3.95277777777778
"M",49,3.95305555555556
"F",40,3.95305555555556
"F",36,3.95305555555556
"M",57,3.95305555555556
"F",32,3.95305555555556
"M",21,3.95305555555556
"F",19,3.95333333333333
"M",30,3.95333333333333
"F",40,3.95333333333333
"M",55,3.95333333333333
"F",51,3.95361111111111
"F",36,3.95361111111111
"M",58,3.95361111111111
"F",40,3.95388888888889
"F",28,3.95388888888889
"F",31,3.95416666666667
"M",64,3.95416666666667
"F",50,3.95416666666667
"M",32,3.95444444444444
"F",43,3.95444444444444
"F",48,3.95472222222222
"M",60,3.95472222222222
"F",35,3.95472222222222
"F",26,3.95472222222222
"M",49,3.955
"M",60,3.955
"F",37,3.955
"F",46,3.955
"M",46,3.955
"M",52,3.955
"M",39,3.955
"M",48,3.955
"M",59,3.95527777777778
"F",43,3.95527777777778
"F",24,3.95527777777778
"F",43,3.95527777777778
"M",40,3.95555555555556
"F",25,3.95555555555556
"M",61,3.95555555555556
"F",38,3.95555555555556
"M",25,3.95583333333333
"M",46,3.95583333333333
"F",37,3.95583333333333
"F",37,3.95583333333333
"F",46,3.95583333333333
"M",60,3.95583333333333
"F",26,3.95583333333333
"F",46,3.95611111111111
"F",41,3.95611111111111
"M",60,3.95611111111111
"M",43,3.95611111111111
"M",48,3.95611111111111
"M",56,3.95611111111111
"M",33,3.95611111111111
"M",61,3.95638888888889
"M",52,3.95638888888889
"F",27,3.95638888888889
"F",28,3.95638888888889
"F",34,3.95638888888889
"F",37,3.95638888888889
"F",35,3.95638888888889
"F",41,3.95666666666667
"F",46,3.95666666666667
"M",50,3.95666666666667
"M",52,3.95666666666667
"M",62,3.95666666666667
"F",35,3.95666666666667
"M",25,3.95666666666667
"M",42,3.95666666666667
"F",27,3.95694444444444
"F",37,3.95694444444444
"F",30,3.95694444444444
"M",33,3.95694444444444
"M",50,3.95694444444444
"M",51,3.95722222222222
"F",45,3.95722222222222
"M",55,3.95722222222222
"F",41,3.95722222222222
"M",24,3.95722222222222
"M",52,3.9575
"F",47,3.9575
"M",30,3.9575
"M",41,3.9575
"F",44,3.9575
"M",50,3.9575
"F",41,3.9575
"M",51,3.95777777777778
"M",56,3.02694444444444
"M",36,3.02694444444444
"M",46,3.02694444444444
"M",29,3.02722222222222
"M",31,3.02722222222222
"M",43,3.02777777777778
"M",33,3.02777777777778
"M",26,3.02805555555556
"M",24,3.02916666666667
"M",26,3.02944444444444
"M",28,3.02972222222222
"M",29,3.02972222222222
"M",21,3.03027777777778
"M",48,3.03027777777778
"M",43,3.03055555555556
"M",49,3.03055555555556
"M",50,3.03055555555556
"M",31,3.03055555555556
"M",29,3.03083333333333
"M",47,3.03111111111111
"M",44,3.03111111111111
"M",28,3.03138888888889
"M",42,3.03138888888889
"M",31,3.03166666666667
"M",33,3.03222222222222
"M",44,3.03222222222222
"M",38,3.03222222222222
"M",42,3.0325
"M",28,3.03277777777778
"F",38,3.03277777777778
"M",35,3.03277777777778
"M",36,3.03305555555556
"M",44,3.03305555555556
"M",33,3.03333333333333
"M",33,3.03333333333333
"M",42,3.03333333333333
"M",36,3.03333333333333
"M",40,3.03361111111111
"F",28,3.03388888888889
"M",44,3.03416666666667
"F",23,3.03416666666667
"M",48,3.03416666666667
"M",38,3.03444444444444
"M",47,3.03472222222222
"F",25,3.03472222222222
"M",47,3.03472222222222
"M",58,3.035
"M",32,3.035
"M",38,3.035
"M",21,3.03527777777778
"M",45,3.03527777777778
"M",27,3.03583333333333
"M",46,3.03611111111111
"M",22,3.03638888888889
"M",64,3.03666666666667
"M",29,3.03666666666667
"M",37,3.03666666666667
"F",38,3.03694444444444
"M",44,3.03694444444444
"M",25,3.03694444444444
"M",31,3.03694444444444
"M",53,3.03694444444444
"M",25,3.03722222222222
"M",39,3.03722222222222
"M",41,3.0375
"M",43,3.0375
"M",30,3.03777777777778
"M",34,3.03777777777778
"M",26,3.03777777777778
"M",34,3.03777777777778
"M",40,3.03805555555556
"M",54,3.03833333333333
"F",41,3.03833333333333
"M",32,3.03833333333333
"M",25,3.03833333333333
"M",35,3.03861111111111
"M",33,3.03861111111111
"M",36,3.03861111111111
"F",23,3.03888888888889
"M",35,3.03916666666667
"M",40,3.03916666666667
"M",33,3.03916666666667
"M",22,3.03944444444444
"F",34,3.03972222222222
"M",37,3.04
"M",31,3.04027777777778
"M",41,3.04055555555556
"M",46,3.04055555555556
"M",23,3.04055555555556
"M",37,3.04055555555556
"M",31,3.04111111111111
"M",48,3.04138888888889
"M",46,3.04138888888889
"M",44,3.04138888888889
"M",38,3.04138888888889
"M",41,3.04138888888889
"M",45,3.04166666666667
"M",29,3.04166666666667
"M",31,3.04166666666667
"M",36,3.04222222222222
"F",48,3.95777777777778
"F",51,3.95777777777778
"F",45,3.95777777777778
"F",37,3.95777777777778
"M",33,3.95777777777778
"M",56,3.95777777777778
"M",59,3.95777777777778
"F",35,3.95777777777778
"F",38,3.95777777777778
"F",24,3.95805555555556
"F",46,3.95805555555556
"M",60,3.95805555555556
"F",54,3.95833333333333
"M",54,3.95833333333333
"F",32,3.95833333333333
"M",54,3.95833333333333
"M",51,3.95861111111111
"F",39,3.95861111111111
"F",56,3.95861111111111
"F",42,3.95861111111111
"F",43,3.95888888888889
"F",38,3.95916666666667
"M",61,3.95916666666667
"M",60,3.95916666666667
"M",37,3.95916666666667
"M",61,3.95916666666667
"F",34,3.95916666666667
"M",42,3.95916666666667
"M",48,3.95916666666667
"M",36,3.95916666666667
"M",47,3.95944444444444
"F",40,3.95944444444444
"M",38,3.95944444444444
"F",29,3.95944444444444
"M",53,3.95972222222222
"M",40,3.95972222222222
"F",49,3.95972222222222
"M",69,3.95972222222222
"F",36,3.95972222222222
"F",40,3.96
"F",44,3.96
"F",42,3.96
"F",38,3.96
"F",57,3.96
"F",40,3.96027777777778
"M",39,3.96027777777778
"F",26,3.96027777777778
"M",44,3.96027777777778
"M",59,3.96027777777778
"M",55,3.96027777777778
"M",60,3.96055555555556
"F",32,3.96055555555556
"F",43,3.96055555555556
"F",34,3.96055555555556
"F",44,3.96055555555556
"F",52,3.96083333333333
"F",30,3.96083333333333
"M",55,3.96083333333333
"M",58,3.96083333333333
"M",64,3.96083333333333
"F",25,3.96111111111111
"M",50,3.96111111111111
"F",23,3.96111111111111
"F",56,3.96111111111111
"M",51,3.96138888888889
"F",49,3.96138888888889
"F",36,3.96138888888889
"F",41,3.96138888888889
"F",42,3.96166666666667
"F",49,3.96166666666667
"F",42,3.96166666666667
"M",46,3.96166666666667
"F",42,3.96166666666667
"M",50,3.96166666666667
"F",43,3.96194444444444
"F",43,3.96194444444444
"F",37,3.96194444444444
"M",34,3.96194444444444
"M",45,3.96194444444444
"M",55,3.96222222222222
"M",64,3.96222222222222
"F",53,3.96222222222222
"M",46,3.96222222222222
"M",50,3.9625
"F",44,3.9625
"M",53,3.9625
"F",45,3.96277777777778
"F",36,3.96277777777778
"F",31,3.96277777777778
"F",32,3.96277777777778
"F",37,3.96305555555556
"M",51,3.96305555555556
"M",37,3.96305555555556
"M",65,3.96305555555556
"F",41,3.96305555555556
"F",42,3.96333333333333
"F",48,3.96333333333333
"F",39,3.96333333333333
"F",31,3.96361111111111
"M",53,3.96361111111111
"F",30,3.96388888888889
"M",53,3.96388888888889
"F",38,3.96388888888889
"M",55,3.96388888888889
"F",33,3.96388888888889
"M",47,3.96416666666667
"M",38,3.96416666666667
"M",56,3.96416666666667
"F",45,3.96416666666667
"M",51,3.96444444444444
"M",56,3.96444444444444
"M",36,3.96444444444444
"F",32,3.96444444444444
"F",45,3.96444444444444
"M",62,3.96444444444444
"F",42,3.96472222222222
"F",26,3.96472222222222
"M",55,3.96472222222222
"M",37,3.965
"F",24,3.965
"F",52,3.96555555555556
"F",57,3.96555555555556
"F",45,3.96555555555556
"F",30,3.96555555555556
"M",52,3.96555555555556
"F",28,3.96555555555556
"F",47,3.96583333333333
"F",26,3.96583333333333
"M",61,3.96583333333333
"F",59,3.96583333333333
"F",48,3.96583333333333
"M",45,3.96583333333333
"F",35,3.96611111111111
"F",47,3.96611111111111
"F",52,3.96611111111111
"F",29,3.96611111111111
"F",46,3.96611111111111
"F",28,3.96611111111111
"F",38,3.96638888888889
"M",50,3.96638888888889
"F",51,3.96638888888889
"F",62,3.96666666666667
"F",32,3.96666666666667
"M",35,3.96666666666667
"F",46,3.96666666666667
"F",38,3.96666666666667
"F",45,3.96666666666667
"M",34,3.96666666666667
"F",23,3.96694444444444
"F",45,3.96694444444444
"M",57,3.96694444444444
"F",51,3.96694444444444
"M",45,3.96694444444444
"F",52,3.96722222222222
"F",32,3.96722222222222
"F",41,3.96722222222222
"F",43,3.96722222222222
"F",40,3.9675
"F",48,3.9675
"F",43,3.9675
"F",38,3.9675
"M",44,3.9675
"M",46,3.9675
"F",49,3.96777777777778
"F",27,3.96777777777778
"F",27,3.96777777777778
"M",61,3.96777777777778
"F",47,3.96777777777778
"F",26,3.96777777777778
"M",42,3.96805555555556
"M",55,3.96805555555556
"M",38,3.96805555555556
"F",40,3.96833333333333
"F",48,3.96833333333333
"M",38,3.96833333333333
"F",29,3.96833333333333
"M",57,3.96861111111111
"M",45,3.96861111111111
"F",46,3.96861111111111
"M",46,3.96861111111111
"M",67,3.96888888888889
"M",43,3.96888888888889
"F",24,3.96888888888889
"M",54,3.96888888888889
"M",37,3.96916666666667
"M",63,3.96916666666667
"M",43,3.96916666666667
"M",57,3.96916666666667
"F",40,3.96916666666667
"M",32,3.96916666666667
"M",61,3.96944444444444
"F",26,3.96944444444444
"F",55,3.96944444444444
"F",51,3.96944444444444
"M",58,3.96944444444444
"F",48,3.96972222222222
"F",46,3.96972222222222
"M",36,3.96972222222222
"M",39,3.96972222222222
"M",61,3.96972222222222
"M",47,3.97
"F",40,3.97
"F",40,3.97
"M",37,3.97027777777778
"F",36,3.97027777777778
"M",30,3.97027777777778
"M",59,3.97055555555556
"F",45,3.97055555555556
"F",27,3.97055555555556
"M",31,3.97055555555556
"F",41,3.97083333333333
"F",35,3.97083333333333
"M",25,3.97083333333333
"F",46,3.97083333333333
"M",37,3.97083333333333
"F",49,3.97111111111111
"F",20,3.97111111111111
"F",52,3.97111111111111
"F",40,3.97111111111111
"M",56,3.97111111111111
"M",57,3.97138888888889
"F",40,3.97138888888889
"M",45,3.97138888888889
"F",38,3.97166666666667
"F",41,3.97166666666667
"F",45,3.97166666666667
"F",50,3.97166666666667
"F",60,3.97166666666667
"M",61,3.97194444444444
"F",46,3.97194444444444
"F",40,3.97194444444444
"F",45,3.97194444444444
"M",38,3.97194444444444
"M",30,3.97194444444444
"F",47,3.97222222222222
"M",32,3.97222222222222
"F",32,3.97222222222222
"M",51,3.97222222222222
"F",43,3.97222222222222
"F",36,3.97222222222222
"F",40,3.97222222222222
"F",51,3.97222222222222
"F",48,3.97222222222222
"M",55,3.97222222222222
"M",51,3.97222222222222
"M",47,3.9725
"M",60,3.9725
"M",51,3.9725
"M",42,3.9725
"F",29,3.97277777777778
"M",55,3.97277777777778
"M",63,3.97277777777778
"F",51,3.97277777777778
"F",37,3.97277777777778
"F",24,3.97277777777778
"M",57,3.97277777777778
"M",45,3.97305555555556
"F",46,3.97305555555556
"F",47,3.97305555555556
"F",29,3.97305555555556
"F",46,3.97333333333333
"F",46,3.97333333333333
"F",48,3.97333333333333
"F",50,3.97333333333333
"F",47,3.97361111111111
"F",42,3.97361111111111
"F",45,3.97361111111111
"M",51,3.97361111111111
"F",46,3.97361111111111
"M",52,3.97361111111111
"M",57,3.97388888888889
"M",53,3.97388888888889
"M",54,3.97388888888889
"F",37,3.97388888888889
"F",40,3.97388888888889
"F",24,3.97416666666667
"F",26,3.97416666666667
"F",45,3.97416666666667
"F",36,3.97444444444444
"F",51,3.97444444444444
"M",54,3.97444444444444
"M",50,3.97472222222222
"F",41,3.97472222222222
"M",55,3.97472222222222
"M",52,3.97472222222222
"M",54,3.97472222222222
"F",27,3.97472222222222
"F",55,3.975
"M",38,3.975
"M",28,3.975
"F",23,3.97527777777778
"F",36,3.97527777777778
"F",52,3.97527777777778
"F",42,3.97555555555556
"M",55,3.97555555555556
"M",40,3.97583333333333
"M",53,3.97583333333333
"F",22,3.97583333333333
"F",33,3.97583333333333
"M",61,3.97583333333333
"F",46,3.97583333333333
"F",47,3.97611111111111
"F",44,3.97611111111111
"F",44,3.97611111111111
"M",55,3.97638888888889
"F",42,3.97666666666667
"M",33,3.97666666666667
"M",41,3.97666666666667
"M",57,3.97666666666667
"M",39,3.97666666666667
"F",33,3.97666666666667
"F",43,3.97666666666667
"F",23,3.97666666666667
"M",27,3.97666666666667
"F",35,3.97666666666667
"F",48,3.97694444444444
"M",55,3.97694444444444
"F",44,3.97694444444444
"F",39,3.97694444444444
"M",46,3.97694444444444
"F",21,3.97722222222222
"F",25,3.97722222222222
"M",47,3.97722222222222
"M",64,3.9775
"F",48,3.9775
"F",45,3.97777777777778
"F",47,3.97777777777778
"M",34,3.97777777777778
"F",37,3.97777777777778
"M",57,3.97805555555556
"M",54,3.97805555555556
"M",35,3.97805555555556
"M",50,3.97805555555556
"F",40,3.97833333333333
"F",52,3.97833333333333
"F",55,3.97833333333333
"F",30,3.97833333333333
"M",63,3.97833333333333
"F",47,3.97861111111111
"F",46,3.97861111111111
"F",43,3.97888888888889
"M",48,3.97888888888889
"F",45,3.97888888888889
"M",48,3.97888888888889
"M",52,3.97888888888889
"F",34,3.97888888888889
"F",38,3.97916666666667
"F",24,3.97916666666667
"F",45,3.97916666666667
"F",36,3.97916666666667
"F",18,3.97916666666667
"F",49,3.97944444444444
"F",44,3.97944444444444
"M",57,3.97944444444444
"M",47,3.97944444444444
"F",29,3.97944444444444
"F",51,3.97944444444444
"F",38,3.97944444444444
"F",27,3.97972222222222
"F",23,3.97972222222222
"M",41,3.97972222222222
"F",26,3.98
"F",29,3.98
"F",33,3.98027777777778
"M",63,3.98027777777778
"F",50,3.98027777777778
"F",24,3.98027777777778
"F",52,3.98055555555556
"M",29,3.98083333333333
"M",61,3.98083333333333
"F",39,3.98083333333333
"M",33,3.98083333333333
"F",52,3.98083333333333
"M",66,3.98111111111111
"M",45,3.98111111111111
"M",49,3.98111111111111
"F",42,3.98111111111111
"F",49,3.98111111111111
"M",51,3.98111111111111
"F",35,3.98111111111111
"F",45,3.98111111111111
"F",34,3.98138888888889
"M",62,3.98138888888889
"F",31,3.98138888888889
"M",50,3.98138888888889
"M",52,3.98166666666667
"M",45,3.98166666666667
"F",51,3.98166666666667
"F",51,3.98194444444444
"M",35,3.98194444444444
"M",50,3.98194444444444
"M",45,3.98194444444444
"F",31,3.98222222222222
"M",46,3.98222222222222
"M",53,3.98222222222222
"M",37,3.98222222222222
"F",43,3.9825
"F",38,3.9825
"M",61,3.9825
"M",27,3.98277777777778
"M",60,3.98277777777778
"M",29,3.98277777777778
"F",46,3.98277777777778
"F",48,3.98305555555556
"M",41,3.98305555555556
"M",26,3.98305555555556
"F",45,3.98305555555556
"F",37,3.98305555555556
"F",45,3.98305555555556
"M",48,3.98305555555556
"M",45,3.98305555555556
"F",43,3.98305555555556
"F",46,3.98333333333333
"F",36,3.98333333333333
"M",60,3.98333333333333
"F",32,3.98361111111111
"M",38,3.98361111111111
"M",48,3.98361111111111
"F",23,3.98361111111111
"M",53,3.98361111111111
"M",38,3.98361111111111
"M",57,3.98361111111111
"M",52,3.98388888888889
"M",32,3.98416666666667
"M",59,3.98416666666667
"F",49,3.98416666666667
"M",56,3.98416666666667
"M",36,3.98416666666667
"F",36,3.98444444444444
"M",59,3.98444444444444
"M",33,3.98444444444444
"M",37,3.98444444444444
"M",45,3.98472222222222
"F",41,3.98472222222222
"M",64,3.98472222222222
"F",47,3.98472222222222
"F",51,3.98472222222222
"M",41,3.98472222222222
"M",46,3.985
"M",51,3.98527777777778
"F",41,3.98527777777778
"F",52,3.98527777777778
"F",42,3.98527777777778
"F",48,3.98527777777778
"M",52,3.98527777777778
"F",49,3.98527777777778
"M",46,3.98527777777778
"M",59,3.98527777777778
"M",67,3.98555555555556
"F",49,3.98555555555556
"F",37,3.98555555555556
"F",53,3.98555555555556
"F",26,3.98555555555556
"F",42,3.98555555555556
"F",49,3.98555555555556
"M",64,3.98583333333333
"M",41,3.98583333333333
"M",54,3.98583333333333
"F",53,3.98583333333333
"F",45,3.98583333333333
"F",50,3.98583333333333
"M",51,3.98611111111111
"F",47,3.98611111111111
"M",45,3.98611111111111
"F",35,3.98638888888889
"M",42,3.98638888888889
"F",45,3.98638888888889
"M",32,3.98666666666667
"F",39,3.98666666666667
"M",54,3.98666666666667
"M",62,3.98666666666667
"M",42,3.98666666666667
"F",45,3.98694444444444
"M",63,3.98694444444444
"M",45,3.98694444444444
"F",48,3.98694444444444
"F",47,3.98694444444444
"F",43,3.98694444444444
"F",44,3.98722222222222
"F",25,3.98722222222222
"M",49,3.98722222222222
"F",40,3.98722222222222
"M",55,3.9875
"F",47,3.9875
"F",25,3.9875
"F",42,3.9875
"M",56,3.98777777777778
"M",43,3.98777777777778
"F",46,3.98777777777778
"M",49,3.98777777777778
"F",46,3.98805555555556
"M",51,3.98805555555556
"M",44,3.98805555555556
"F",38,3.98805555555556
"M",58,3.98833333333333
"M",38,3.98833333333333
"F",38,3.98833333333333
"M",58,3.98861111111111
"M",48,3.98861111111111
"M",36,3.98861111111111
"F",48,3.98861111111111
"M",54,3.98861111111111
"F",36,3.98861111111111
"M",35,3.98861111111111
"M",38,3.98888888888889
"F",45,3.98888888888889
"M",60,3.98888888888889
"F",52,3.98888888888889
"F",50,3.98916666666667
"F",47,3.98916666666667
"M",59,3.98916666666667
"M",47,3.98916666666667
"F",32,3.98916666666667
"F",28,3.98916666666667
"F",47,3.98916666666667
"F",40,3.98916666666667
"M",63,3.98944444444444
"F",43,3.98944444444444
"F",34,3.98944444444444
"M",59,3.98944444444444
"F",38,3.98972222222222
"F",27,3.98972222222222
"M",53,3.99
"F",56,3.99027777777778
"M",57,3.99027777777778
"M",39,3.99027777777778
"M",56,3.99027777777778
"F",41,3.99027777777778
"F",43,3.99027777777778
"M",61,3.99027777777778
"F",33,3.99055555555556
"F",41,3.99055555555556
"F",43,3.99055555555556
"F",54,3.99083333333333
"F",45,3.99083333333333
"M",61,3.99083333333333
"M",48,3.99083333333333
"M",39,3.99083333333333
"M",41,3.99083333333333
"M",48,3.99083333333333
"F",31,3.99083333333333
"M",50,3.99083333333333
"F",31,3.99111111111111
"F",27,3.99111111111111
"M",43,3.99111111111111
"M",40,3.99111111111111
"F",28,3.99111111111111
"F",41,3.99138888888889
"F",40,3.99166666666667
"F",40,3.99166666666667
"M",47,3.99166666666667
"M",59,3.99166666666667
"M",25,3.99166666666667
"F",28,3.99166666666667
"F",23,3.99194444444444
"F",48,3.99194444444444
"F",38,3.99194444444444
"F",51,3.99222222222222
"M",65,3.99222222222222
"M",46,3.99222222222222
"M",62,3.99222222222222
"M",41,3.9925
"F",26,3.9925
"M",55,3.9925
"F",54,3.9925
"F",26,3.9925
"M",46,3.99277777777778
"F",46,3.99277777777778
"M",63,3.99277777777778
"M",45,3.99305555555556
"F",43,3.99305555555556
"M",55,3.99305555555556
"F",42,3.99305555555556
"M",55,3.99305555555556
"F",45,3.99305555555556
"M",36,3.99305555555556
"M",44,3.99305555555556
"F",46,3.99305555555556
"M",57,3.99305555555556
"F",51,3.99333333333333
"M",24,3.99333333333333
"M",43,3.99333333333333
"M",45,3.99333333333333
"M",47,3.99333333333333
"F",45,3.99333333333333
"M",44,3.99333333333333
"F",38,3.99333333333333
"F",41,3.99361111111111
"F",48,3.99361111111111
"M",54,3.99388888888889
"F",43,3.99416666666667
"F",45,3.99416666666667
"F",45,3.99416666666667
"M",46,3.99416666666667
"M",42,3.99416666666667
"F",45,3.99444444444444
"M",33,3.99444444444444
"M",42,3.99444444444444
"F",30,3.99444444444444
"M",40,3.99444444444444
"F",34,3.99472222222222
"F",54,3.99472222222222
"M",45,3.99472222222222
"F",36,3.99472222222222
"M",43,3.99472222222222
"M",56,3.99472222222222
"F",36,3.99472222222222
"F",45,3.99472222222222
"M",39,3.995
"M",45,3.995
"F",45,3.995
"F",27,3.995
"M",53,3.995
"F",47,3.995
"M",52,3.99527777777778
"M",37,3.99527777777778
"F",52,3.99527777777778
"F",40,3.99527777777778
"F",40,3.99555555555556
"F",26,3.99555555555556
"M",40,3.99555555555556
"M",76,3.99555555555556
"F",48,3.99583333333333
"M",62,3.99583333333333
"F",45,3.99583333333333
"M",48,3.99611111111111
"F",40,3.99611111111111
"F",23,3.99611111111111
"F",35,3.99611111111111
"F",47,3.99611111111111
"M",32,3.99611111111111
"F",29,3.99638888888889
"M",54,3.99638888888889
"F",39,3.99638888888889
"F",43,3.99666666666667
"M",56,3.99666666666667
"F",36,3.99666666666667
"M",37,3.99666666666667
"M",51,3.99666666666667
"M",50,3.99666666666667
"F",51,3.99666666666667
"M",56,3.99666666666667
"F",52,3.99694444444444
"M",50,3.99694444444444
"F",56,3.99694444444444
"F",53,3.99694444444444
"F",41,3.99694444444444
"F",51,3.99694444444444
"M",56,3.99694444444444
"F",27,3.99694444444444
"M",40,3.99694444444444
"F",46,3.99722222222222
"F",40,3.99722222222222
"F",31,3.99722222222222
"F",28,3.99722222222222
"F",50,3.99722222222222
"F",41,3.9975
"F",29,3.9975
"F",30,3.99777777777778
"F",46,3.99805555555556
"F",33,3.99805555555556
"M",61,3.99805555555556
"M",48,3.99805555555556
"M",46,3.99805555555556
"F",53,3.99805555555556
"M",45,3.99833333333333
"M",49,3.99833333333333
"F",45,3.99833333333333
"F",47,3.99861111111111
"M",37,3.99861111111111
"F",38,3.99861111111111
"M",48,3.99861111111111
"M",57,3.99861111111111
"F",26,3.99916666666667
"M",45,3.99916666666667
"M",39,3.99916666666667
"F",42,3.99916666666667
"F",45,3.99944444444444
"F",20,3.99944444444444
"F",37,3.99972222222222
"M",47,3.99972222222222
"F",48,3.99972222222222
"F",49,3.99972222222222
"M",55,3.99972222222222
"M",42,3.99972222222222
"F",42,4
"F",38,4
"M",48,4
"M",44,4.00027777777778
"F",42,4.00027777777778
"F",49,4.00027777777778
"F",48,4.00027777777778
"F",21,4.00055555555556
"M",33,4.00055555555556
"F",47,4.00055555555556
"M",52,4.00055555555556
"M",60,4.00083333333333
"F",41,4.00083333333333
"F",50,4.00111111111111
"F",37,4.00166666666667
"M",52,4.00166666666667
"M",59,4.00166666666667
"M",37,4.00194444444444
"F",45,4.00194444444444
"M",26,4.00194444444444
"M",72,4.00194444444444
"M",51,4.00194444444444
"M",37,4.00194444444444
"F",19,4.00222222222222
"F",43,4.00222222222222
"F",57,4.00222222222222
"F",45,4.00222222222222
"F",32,4.00222222222222
"M",53,4.00222222222222
"M",45,4.00222222222222
"F",32,4.0025
"M",56,4.00277777777778
"F",48,4.00277777777778
"M",66,4.00277777777778
"M",53,4.00305555555556
"F",35,4.00305555555556
"F",42,4.00305555555556
"F",30,4.00305555555556
"F",57,4.00305555555556
"M",61,4.00305555555556
"F",45,4.00333333333333
"M",39,4.00333333333333
"F",30,4.00361111111111
"F",53,4.00361111111111
"M",52,4.00361111111111
"F",30,4.00361111111111
"F",39,4.00361111111111
"M",52,4.00388888888889
"F",45,4.00388888888889
"M",53,4.00388888888889
"F",40,4.00388888888889
"F",39,4.00416666666667
"M",45,4.00416666666667
"F",43,4.00416666666667
"M",26,4.00416666666667
"M",39,4.00416666666667
"F",54,4.00416666666667
"F",49,4.00416666666667
"F",26,4.00416666666667
"F",23,4.00444444444444
"M",51,4.00444444444444
"M",53,4.00444444444444
"M",44,4.00444444444444
"M",36,4.00444444444444
"F",26,4.00444444444444
"M",61,4.00472222222222
"M",52,4.00472222222222
"F",39,4.00472222222222
"F",43,4.00472222222222
"M",55,4.00472222222222
"F",37,4.005
"F",24,4.005
"F",36,4.005
"F",47,4.005
"M",56,4.005
"F",27,4.005
"F",40,4.00527777777778
"F",35,4.00527777777778
"F",41,4.00555555555556
"F",25,4.00555555555556
"F",27,4.00555555555556
"F",40,4.00555555555556
"F",56,4.00555555555556
"F",47,4.00583333333333
"M",57,4.00611111111111
"M",48,4.00638888888889
"M",60,4.00638888888889
"F",36,4.00666666666667
"M",51,4.00666666666667
"M",51,4.00666666666667
"F",36,4.00694444444444
"M",45,4.00722222222222
"M",48,4.00722222222222
"F",44,4.0075
"F",43,4.0075
"F",55,4.0075
"F",33,4.00777777777778
"M",58,4.00805555555556
"F",54,4.00805555555556
"F",33,4.00805555555556
"F",23,4.00805555555556
"F",37,4.00805555555556
"M",45,4.00805555555556
"F",43,4.00805555555556
"F",42,4.00833333333333
"F",39,4.00888888888889
"M",37,4.00888888888889
"F",45,4.00888888888889
"F",45,4.00888888888889
"F",44,4.00888888888889
"F",46,4.00916666666667
"F",45,4.00916666666667
"F",33,4.00916666666667
"F",30,4.00916666666667
"F",36,4.00916666666667
"M",39,4.00916666666667
"F",48,4.00944444444444
"F",41,4.00972222222222
"F",54,4.00972222222222
"M",63,4.00972222222222
"F",44,4.00972222222222
"F",40,4.01
"F",25,4.01
"F",21,4.01
"M",55,4.01027777777778
"F",47,4.01027777777778
"M",51,4.01027777777778
"M",57,4.01027777777778
"F",40,4.01027777777778
"M",52,4.01027777777778
"M",55,4.01055555555556
"M",34,4.01055555555556
"F",45,4.01055555555556
"F",35,4.01055555555556
"F",19,4.01055555555556
"F",53,4.01083333333333
"F",46,4.01083333333333
"F",42,4.01083333333333
"F",49,4.01083333333333
"M",45,4.01083333333333
"F",20,4.01111111111111
"M",60,4.01111111111111
"F",22,4.01111111111111
"F",41,4.01111111111111
"F",53,4.01111111111111
"F",40,4.01111111111111
"M",46,4.01138888888889
"M",39,4.01166666666667
"M",55,4.01166666666667
"M",48,4.01166666666667
"F",48,4.01166666666667
"F",36,4.01194444444444
"M",47,4.01194444444444
"F",46,4.01194444444444
"M",53,4.01194444444444
"M",60,4.01194444444444
"M",46,4.01222222222222
"F",33,4.0125
"F",34,4.01277777777778
"M",24,4.01305555555556
"M",45,4.01305555555556
"F",55,4.01305555555556
"M",50,4.01305555555556
"F",36,4.01305555555556
"M",57,4.01333333333333
"M",49,4.01333333333333
"F",37,4.01333333333333
"M",69,4.01333333333333
"F",56,4.01361111111111
"F",60,4.01361111111111
"F",28,4.01361111111111
"F",47,4.01388888888889
"F",46,4.01388888888889
"F",43,4.01388888888889
"F",42,4.01388888888889
"F",41,4.01388888888889
"F",25,4.01416666666667
"M",54,4.01416666666667
"M",38,4.01444444444444
"F",42,4.01444444444444
"F",47,4.01472222222222
"F",21,4.01472222222222
"F",49,4.01472222222222
"F",42,4.01472222222222
"M",58,4.01472222222222
"F",41,4.015
"M",59,4.015
"F",46,4.01527777777778
"F",34,4.01527777777778
"F",52,4.01527777777778
"F",36,4.01527777777778
"F",31,4.01527777777778
"M",20,4.01527777777778
"F",51,4.01555555555556
"M",62,4.01583333333333
"M",50,4.01583333333333
"M",55,4.01583333333333
"F",41,4.01611111111111
"M",59,4.01611111111111
"F",38,4.01611111111111
"F",49,4.01638888888889
"F",45,4.01638888888889
"M",40,4.01638888888889
"M",60,4.01638888888889
"M",48,4.01638888888889
"M",35,4.01666666666667
"M",47,4.01666666666667
"F",46,4.01666666666667
"F",40,4.01666666666667
"F",45,4.01666666666667
"F",28,4.01694444444444
"F",48,4.01694444444444
"F",41,4.01722222222222
"F",49,4.01722222222222
"M",61,4.01722222222222
"M",66,4.01722222222222
"F",51,4.01722222222222
"F",46,4.01722222222222
"M",42,4.01722222222222
"M",31,4.0175
"F",20,4.0175
"F",23,4.01777777777778
"M",20,4.01777777777778
"M",68,4.01777777777778
"F",35,4.01777777777778
"F",32,4.01805555555556
"F",52,4.01805555555556
"M",46,4.01833333333333
"F",39,4.01861111111111
"M",27,4.01861111111111
"F",50,4.01861111111111
"F",45,4.01861111111111
"F",42,4.01861111111111
"F",47,4.01888888888889
"M",54,4.01888888888889
"M",68,4.01916666666667
"M",51,4.01916666666667
"F",47,4.01916666666667
"F",20,4.01944444444444
"F",31,4.01944444444444
"F",29,4.01944444444444
"M",42,4.01972222222222
"M",43,4.01972222222222
"M",37,4.01972222222222
"M",42,4.01972222222222
"M",43,4.02
"F",41,4.02
"M",51,4.02
"M",22,4.02027777777778
"M",49,4.02027777777778
"M",47,4.02027777777778
"F",43,4.02027777777778
"F",49,4.02055555555556
"F",42,4.02055555555556
"F",42,4.02055555555556
"M",32,4.02055555555556
"F",50,4.02055555555556
"M",51,4.02083333333333
"M",61,4.02083333333333
"M",59,4.02083333333333
"F",46,4.02111111111111
"M",31,4.02138888888889
"F",52,4.02138888888889
"M",61,4.02166666666667
"F",46,4.02166666666667
"F",60,4.02166666666667
"F",47,4.02166666666667
"M",61,4.02166666666667
"F",53,4.02194444444444
"F",37,4.02194444444444
"F",54,4.02194444444444
"F",40,4.02194444444444
"M",56,4.02194444444444
"M",41,4.02194444444444
"F",29,4.02222222222222
"F",39,4.02222222222222
"F",50,4.0225
"M",48,4.0225
"F",26,4.0225
"M",29,4.0225
"M",56,4.0225
"M",35,4.0225
"M",55,4.02277777777778
"F",35,4.02277777777778
"F",38,4.02277777777778
"M",46,4.02277777777778
"M",55,4.02277777777778
"F",61,4.02305555555556
"F",49,4.02305555555556
"F",29,4.02305555555556
"F",40,4.02305555555556
"M",55,4.02305555555556
"M",27,4.02305555555556
"M",39,4.02305555555556
"M",24,4.02333333333333
"M",62,4.02333333333333
"M",39,4.02333333333333
"F",44,4.02333333333333
"F",25,4.02388888888889
"F",27,4.02388888888889
"F",35,4.02388888888889
"F",49,4.02388888888889
"M",50,4.02388888888889
"F",34,4.02416666666667
"F",39,4.02444444444444
"M",51,4.02444444444444
"M",42,4.02472222222222
"F",53,4.02472222222222
"M",47,4.025
"F",46,4.025
"F",45,4.025
"F",23,4.02527777777778
"M",29,4.02527777777778
"F",26,4.02555555555556
"M",66,4.02555555555556
"M",48,3.04222222222222
"F",24,3.04222222222222
"M",49,3.04222222222222
"M",35,3.0425
"M",31,3.0425
"M",28,3.04277777777778
"M",35,3.04277777777778
"M",48,3.04305555555556
"M",45,3.04305555555556
"M",46,3.04333333333333
"M",37,3.04361111111111
"M",20,3.04388888888889
"M",28,3.04416666666667
"M",45,3.04416666666667
"M",39,3.04444444444444
"M",39,3.04444444444444
"M",46,3.04444444444444
"M",25,3.04472222222222
"M",31,3.045
"M",26,3.04527777777778
"M",26,3.04527777777778
"M",38,3.04527777777778
"M",32,3.04555555555556
"M",30,3.04555555555556
"M",42,3.04555555555556
"M",37,3.04555555555556
"M",45,3.04583333333333
"M",46,3.04583333333333
"M",23,3.04583333333333
"M",29,3.04611111111111
"M",29,3.04611111111111
"M",31,3.04611111111111
"M",30,3.04638888888889
"M",29,3.04638888888889
"M",34,3.04638888888889
"M",41,3.04638888888889
"M",20,3.04638888888889
"M",46,3.04638888888889
"M",39,3.04666666666667
"M",38,3.04666666666667
"M",52,3.04694444444444
"F",32,3.04722222222222
"M",42,3.04722222222222
"M",25,3.0475
"M",41,3.0475
"M",41,3.04777777777778
"M",26,3.04777777777778
"F",25,3.04777777777778
"M",27,3.04777777777778
"M",39,3.04805555555556
"M",30,3.04805555555556
"M",38,3.04805555555556
"M",25,3.04805555555556
"M",38,3.04861111111111
"M",28,3.04861111111111
"M",32,3.04861111111111
"M",38,3.04861111111111
"M",50,3.04861111111111
"M",50,3.04888888888889
"M",35,3.04888888888889
"M",26,3.04916666666667
"M",27,3.04944444444444
"M",25,3.04944444444444
"M",47,3.04944444444444
"M",43,3.04944444444444
"M",49,3.04972222222222
"M",41,3.04972222222222
"M",34,3.05
"M",47,3.05055555555556
"M",29,3.05111111111111
"M",26,3.05111111111111
"M",25,3.05138888888889
"M",39,3.05138888888889
"M",28,3.05138888888889
"M",38,3.05138888888889
"M",32,3.05166666666667
"M",26,3.05166666666667
"M",36,3.05166666666667
"M",41,3.05194444444444
"M",36,3.05222222222222
"M",40,3.05277777777778
"M",44,3.05277777777778
"M",30,3.05277777777778
"M",26,3.05305555555556
"M",21,3.05305555555556
"M",39,3.05305555555556
"M",26,3.05305555555556
"F",28,3.05333333333333
"M",33,3.05361111111111
"M",41,3.05361111111111
"M",36,3.05361111111111
"M",20,3.05388888888889
"M",48,3.05416666666667
"M",27,3.05444444444444
"F",39,3.05444444444444
"M",28,3.05444444444444
"M",20,3.05444444444444
"M",30,3.055
"M",47,3.055
"M",36,3.055
"F",32,4.02555555555556
"F",52,4.02555555555556
"F",49,4.02583333333333
"M",25,4.02583333333333
"F",41,4.02611111111111
"M",60,4.02611111111111
"F",37,4.02611111111111
"F",28,4.02611111111111
"M",33,4.02638888888889
"F",45,4.02638888888889
"F",63,4.02666666666667
"M",66,4.02666666666667
"F",28,4.02666666666667
"M",66,4.02694444444444
"F",44,4.02694444444444
"F",54,4.02694444444444
"F",30,4.02694444444444
"F",38,4.02694444444444
"M",54,4.02722222222222
"F",46,4.02722222222222
"F",46,4.02722222222222
"M",47,4.02722222222222
"F",45,4.0275
"F",45,4.0275
"M",42,4.02777777777778
"M",50,4.02777777777778
"F",48,4.02805555555556
"M",52,4.02805555555556
"F",36,4.02805555555556
"M",45,4.02805555555556
"M",43,4.02833333333333
"F",52,4.02833333333333
"M",74,4.02833333333333
"F",48,4.02833333333333
"F",51,4.02833333333333
"F",37,4.02861111111111
"F",43,4.02861111111111
"F",45,4.02861111111111
"M",36,4.02888888888889
"F",50,4.02888888888889
"M",55,4.02888888888889
"F",23,4.02916666666667
"F",24,4.02916666666667
"M",60,4.02916666666667
"F",52,4.02916666666667
"F",50,4.02944444444444
"M",58,4.02944444444444
"F",34,4.02944444444444
"M",34,4.02972222222222
"M",54,4.02972222222222
"F",26,4.02972222222222
"M",48,4.03
"F",45,4.03
"F",39,4.03
"M",66,4.03
"M",39,4.03027777777778
"M",57,4.03027777777778
"M",50,4.03055555555556
"F",40,4.03055555555556
"F",41,4.03055555555556
"F",37,4.03111111111111
"F",35,4.03138888888889
"F",52,4.03166666666667
"M",57,4.03166666666667
"F",26,4.03166666666667
"M",59,4.03166666666667
"F",38,4.03166666666667
"M",54,4.03166666666667
"F",51,4.03222222222222
"M",60,4.03222222222222
"F",41,4.03222222222222
"M",23,4.03222222222222
"F",26,4.0325
"F",47,4.0325
"M",50,4.0325
"F",51,4.0325
"M",60,4.0325
"M",49,4.0325
"M",60,4.03277777777778
"M",28,4.03277777777778
"F",44,4.03277777777778
"F",40,4.03277777777778
"F",42,4.03277777777778
"F",63,4.03277777777778
"F",24,4.03277777777778
"M",39,4.03305555555556
"F",47,4.03305555555556
"M",56,4.03333333333333
"F",23,4.03333333333333
"F",46,4.03333333333333
"M",44,4.03388888888889
"F",43,4.03388888888889
"M",25,4.03388888888889
"M",26,4.03416666666667
"F",29,4.03416666666667
"F",26,4.03416666666667
"M",60,4.03444444444444
"M",48,4.03472222222222
"F",47,4.03472222222222
"F",48,4.03472222222222
"F",45,4.035
"F",21,4.03527777777778
"F",36,4.03527777777778
"M",63,4.03527777777778
"F",64,4.03555555555556
"F",34,4.03555555555556
"F",45,4.03583333333333
"F",49,4.03583333333333
"F",54,4.03583333333333
"F",52,4.03611111111111
"M",50,4.03611111111111
"F",47,4.03611111111111
"F",48,4.03638888888889
"F",50,4.03666666666667
"F",56,4.03666666666667
"M",58,4.03666666666667
"F",38,4.03666666666667
"F",45,4.03694444444444
"F",45,4.03694444444444
"F",42,4.03722222222222
"M",37,4.03722222222222
"M",56,4.0375
"M",62,4.0375
"F",40,4.0375
"M",58,4.03777777777778
"F",29,4.03777777777778
"F",55,4.03777777777778
"F",45,4.03777777777778
"M",29,4.03777777777778
"M",42,4.03777777777778
"F",56,4.03805555555556
"F",46,4.03805555555556
"M",60,4.03833333333333
"M",48,4.03833333333333
"M",56,4.03861111111111
"M",43,4.03861111111111
"F",48,4.03888888888889
"M",45,4.03888888888889
"F",52,4.03888888888889
"M",48,4.03888888888889
"M",49,4.03916666666667
"F",35,4.03916666666667
"F",24,4.03916666666667
"M",62,4.03916666666667
"F",46,4.03916666666667
"F",42,4.03944444444444
"M",37,4.03944444444444
"F",49,4.03972222222222
"F",45,4.04
"F",25,4.04027777777778
"F",47,4.04027777777778
"M",61,4.04027777777778
"F",28,4.04027777777778
"M",55,4.04055555555556
"M",61,4.04083333333333
"F",39,4.04083333333333
"F",18,4.04083333333333
"M",43,4.04083333333333
"F",50,4.04083333333333
"F",53,4.04083333333333
"F",49,4.04083333333333
"F",51,4.04111111111111
"F",32,4.04111111111111
"M",39,4.04111111111111
"M",57,4.04166666666667
"M",26,4.04166666666667
"F",51,4.04194444444444
"M",54,4.04222222222222
"M",41,4.04222222222222
"M",44,4.04222222222222
"F",37,4.0425
"M",42,4.0425
"M",42,4.0425
"M",31,4.0425
"M",63,4.04277777777778
"M",43,4.04277777777778
"M",39,4.04277777777778
"F",43,4.04277777777778
"M",61,4.04305555555556
"M",24,4.04305555555556
"F",52,4.04305555555556
"M",56,4.04333333333333
"F",35,4.04333333333333
"M",56,4.04333333333333
"F",42,4.04333333333333
"M",55,4.04333333333333
"F",56,4.04361111111111
"F",49,4.04361111111111
"F",45,4.04416666666667
"F",29,4.04416666666667
"F",38,4.04416666666667
"F",35,4.04416666666667
"F",39,4.04444444444444
"F",46,4.04444444444444
"F",40,4.04472222222222
"F",35,4.04472222222222
"M",34,4.045
"F",51,4.045
"F",43,4.045
"F",44,4.04527777777778
"F",43,4.04527777777778
"F",45,4.04555555555556
"F",36,4.04555555555556
"F",41,4.04555555555556
"F",50,4.04555555555556
"M",24,4.04583333333333
"M",60,4.04583333333333
"F",49,4.04583333333333
"F",38,4.04583333333333
"F",24,4.04583333333333
"F",44,4.04583333333333
"F",52,4.04611111111111
"M",51,4.04611111111111
"F",55,4.04638888888889
"M",50,4.04638888888889
"F",29,4.04638888888889
"F",43,4.04638888888889
"M",30,4.04638888888889
"F",37,4.04666666666667
"F",44,4.04666666666667
"M",48,4.04666666666667
"F",30,4.04694444444444
"F",58,4.04694444444444
"F",27,4.04694444444444
"F",57,4.04694444444444
"F",46,4.04722222222222
"M",47,4.04722222222222
"F",28,4.04722222222222
"F",48,4.0475
"M",47,4.0475
"F",53,4.0475
"M",60,4.04777777777778
"M",38,4.04777777777778
"F",49,4.04777777777778
"F",46,4.04777777777778
"F",40,4.04777777777778
"F",36,4.04805555555556
"M",46,4.04833333333333
"F",42,4.04833333333333
"M",32,4.04833333333333
"F",62,4.04833333333333
"M",45,4.04833333333333
"F",43,4.04861111111111
"F",50,4.04861111111111
"F",45,4.04888888888889
"M",39,4.04888888888889
"F",45,4.04888888888889
"F",46,4.04888888888889
"F",50,4.04888888888889
"F",25,4.04916666666667
"F",48,4.04916666666667
"M",24,4.04916666666667
"F",35,4.04916666666667
"M",36,4.04916666666667
"M",41,4.04916666666667
"F",46,4.04916666666667
"F",42,4.04916666666667
"F",47,4.04916666666667
"F",26,4.04916666666667
"F",44,4.04944444444444
"M",63,4.04944444444444
"M",32,4.04972222222222
"F",39,4.04972222222222
"F",22,4.04972222222222
"F",28,4.05
"F",45,4.05
"M",33,4.05
"F",30,4.05
"F",46,4.05027777777778
"M",65,4.05027777777778
"F",48,4.05027777777778
"M",61,4.05055555555556
"M",38,4.05055555555556
"M",35,4.05083333333333
"M",44,4.05083333333333
"F",47,4.05083333333333
"M",20,4.05111111111111
"M",56,4.05111111111111
"F",49,4.05111111111111
"F",27,4.05111111111111
"F",48,4.05111111111111
"M",60,4.05111111111111
"M",34,4.05111111111111
"M",55,4.05166666666667
"M",33,4.05194444444444
"F",42,4.05194444444444
"F",42,4.05222222222222
"M",31,4.05222222222222
"M",41,4.05222222222222
"M",67,4.05222222222222
"F",49,4.0525
"M",64,4.0525
"F",27,4.0525
"F",38,4.05277777777778
"F",48,4.05277777777778
"F",40,4.05277777777778
"M",38,4.05277777777778
"M",46,4.05277777777778
"F",41,4.05305555555555
"F",46,4.05305555555555
"F",54,4.05305555555555
"M",33,4.05305555555555
"F",22,4.05333333333333
"M",63,4.05333333333333
"F",49,4.05333333333333
"M",37,4.05333333333333
"F",46,4.05333333333333
"M",40,4.05333333333333
"M",39,4.05361111111111
"F",28,4.05361111111111
"F",44,4.05361111111111
"F",56,4.05361111111111
"M",56,4.05388888888889
"M",43,4.05388888888889
"F",45,4.05388888888889
"M",44,4.05416666666667
"F",52,4.05416666666667
"F",41,4.05416666666667
"M",50,4.05444444444444
"M",23,4.05444444444444
"M",39,4.05472222222222
"F",44,4.05472222222222
"M",55,4.05472222222222
"M",47,4.055
"M",54,4.055
"F",44,4.055
"M",60,4.055
"F",41,4.055
"F",35,4.05527777777778
"M",37,4.05527777777778
"M",60,4.05583333333333
"M",29,4.05611111111111
"F",46,4.05611111111111
"F",41,4.05611111111111
"M",60,4.05638888888889
"F",18,4.05638888888889
"M",55,4.05638888888889
"F",45,4.05638888888889
"F",40,4.05638888888889
"M",47,4.05638888888889
"F",30,4.05638888888889
"M",56,4.05638888888889
"M",57,4.05666666666667
"F",53,4.05666666666667
"F",41,4.05666666666667
"F",52,4.05666666666667
"F",38,4.05694444444444
"F",45,4.05722222222222
"M",51,4.05722222222222
"F",41,4.05722222222222
"F",29,4.05722222222222
"M",46,4.0575
"M",64,4.0575
"F",53,4.05777777777778
"M",27,4.05777777777778
"M",24,4.05805555555556
"F",35,4.05805555555556
"M",58,4.05833333333333
"F",32,4.05861111111111
"M",65,4.05861111111111
"F",49,4.05861111111111
"F",40,4.05861111111111
"F",40,4.05888888888889
"F",28,4.05916666666667
"M",53,4.05944444444444
"M",55,4.05944444444444
"F",29,4.05944444444444
"M",31,4.05944444444444
"M",43,4.05944444444444
"F",46,4.05972222222222
"F",43,4.05972222222222
"F",50,4.05972222222222
"F",35,4.06
"M",35,4.06027777777778
"F",31,4.06027777777778
"F",41,4.06055555555556
"M",60,4.06055555555556
"F",43,4.06083333333333
"M",47,4.06083333333333
"M",38,4.06111111111111
"F",41,4.06111111111111
"F",42,4.06138888888889
"F",25,4.06138888888889
"F",44,4.06138888888889
"M",58,4.06138888888889
"M",63,4.06138888888889
"F",58,4.06166666666667
"M",37,4.06166666666667
"F",35,4.06166666666667
"F",44,4.06166666666667
"F",27,4.06166666666667
"M",48,4.06194444444444
"M",51,4.06194444444444
"M",53,4.06194444444444
"F",46,4.06194444444444
"M",50,4.06194444444444
"F",51,4.06194444444444
"M",23,4.06222222222222
"F",43,4.0625
"F",51,4.0625
"F",21,4.06277777777778
"M",50,4.06277777777778
"M",42,4.06305555555556
"F",34,4.06305555555556
"F",51,4.06333333333333
"F",38,4.06333333333333
"M",58,4.06333333333333
"F",42,4.06361111111111
"M",40,4.06361111111111
"M",62,4.06361111111111
"M",51,4.06361111111111
"F",48,4.06361111111111
"F",25,4.06388888888889
"F",22,4.06388888888889
"M",60,4.06388888888889
"F",41,4.06416666666667
"M",60,4.06416666666667
"M",38,4.06416666666667
"F",35,4.06416666666667
"F",48,4.06444444444444
"F",40,4.06444444444444
"F",25,4.06444444444444
"F",45,4.06444444444444
"F",48,4.06472222222222
"F",58,4.06472222222222
"F",48,4.06472222222222
"F",30,4.06472222222222
"M",45,4.06472222222222
"M",45,4.06472222222222
"M",34,4.06472222222222
"M",31,4.065
"M",30,4.06527777777778
"M",60,4.06527777777778
"F",50,4.06527777777778
"F",46,4.06527777777778
"M",61,4.06527777777778
"F",49,4.06527777777778
"M",49,4.06555555555556
"M",47,4.06555555555556
"F",47,4.06583333333333
"M",19,4.06611111111111
"M",62,4.06611111111111
"M",62,4.06611111111111
"F",34,4.06611111111111
"F",40,4.06611111111111
"F",46,4.06638888888889
"M",45,4.06638888888889
"F",57,4.06638888888889
"F",44,4.06638888888889
"M",60,4.06666666666667
"M",51,4.06666666666667
"M",51,4.06666666666667
"F",47,4.06694444444444
"F",27,4.06694444444444
"F",32,4.06722222222222
"M",61,4.06722222222222
"F",30,4.06722222222222
"M",38,4.0675
"F",50,4.0675
"F",29,4.0675
"F",41,4.06777777777778
"M",48,4.06777777777778
"M",29,4.06777777777778
"M",46,4.06777777777778
"M",39,4.06777777777778
"F",39,4.06777777777778
"M",22,4.06805555555556
"F",41,4.06805555555556
"F",44,4.06833333333333
"M",55,4.06833333333333
"M",35,4.06861111111111
"M",49,4.06861111111111
"F",51,4.06861111111111
"M",50,4.06861111111111
"F",43,4.06888888888889
"F",46,4.06888888888889
"F",53,4.06888888888889
"F",26,4.06888888888889
"M",45,4.06888888888889
"M",53,4.06888888888889
"F",48,4.06916666666667
"M",47,4.06944444444444
"M",24,4.06972222222222
"F",31,4.06972222222222
"F",24,4.06972222222222
"M",48,4.06972222222222
"F",37,4.06972222222222
"F",52,4.06972222222222
"F",31,4.07027777777778
"M",50,4.07027777777778
"F",38,4.07027777777778
"F",37,4.07027777777778
"F",33,4.07027777777778
"F",32,4.07055555555556
"F",40,4.07055555555556
"F",28,4.07055555555556
"M",61,4.07083333333333
"F",52,4.07083333333333
"M",50,4.07111111111111
"M",60,4.07111111111111
"F",50,4.07111111111111
"F",39,4.07111111111111
"M",47,4.07166666666667
"F",50,4.07166666666667
"F",28,4.07166666666667
"F",51,4.07166666666667
"F",56,4.07166666666667
"F",29,4.07166666666667
"F",37,4.07166666666667
"M",61,4.07166666666667
"F",42,4.07166666666667
"F",55,4.07166666666667
"M",52,4.07194444444444
"M",37,4.07194444444444
"M",35,4.07222222222222
"F",61,4.0725
"F",41,4.07277777777778
"F",38,4.07277777777778
"F",54,4.07277777777778
"F",31,4.07277777777778
"F",45,4.07277777777778
"M",55,4.07305555555556
"M",52,4.07305555555556
"F",47,4.07333333333333
"F",26,4.07333333333333
"M",60,4.07333333333333
"M",47,4.07333333333333
"F",58,4.07333333333333
"F",54,4.07333333333333
"M",73,4.07333333333333
"F",53,4.07361111111111
"F",56,4.07361111111111
"F",48,4.07361111111111
"F",46,4.07361111111111
"M",43,4.07416666666667
"F",39,4.07416666666667
"F",52,4.07416666666667
"F",45,4.07416666666667
"F",19,4.07416666666667
"M",65,4.07444444444444
"F",52,4.07444444444444
"F",48,4.07472222222222
"M",63,4.07472222222222
"F",45,4.07472222222222
"F",45,4.07472222222222
"M",62,4.07472222222222
"F",49,4.07472222222222
"M",60,4.075
"F",61,4.075
"F",43,4.07527777777778
"F",26,4.07527777777778
"F",42,4.07555555555555
"M",44,4.07555555555555
"F",43,4.07583333333333
"M",53,4.07583333333333
"M",28,4.07583333333333
"F",44,4.07583333333333
"M",28,4.07611111111111
"M",56,4.07611111111111
"F",51,4.07611111111111
"F",45,4.07611111111111
"M",56,4.07638888888889
"M",43,4.07638888888889
"F",24,4.07666666666667
"F",58,4.07666666666667
"M",45,4.07666666666667
"M",44,4.07694444444444
"F",42,4.07694444444444
"M",27,4.07694444444444
"F",26,4.0775
"M",58,4.07805555555556
"F",36,4.07805555555556
"F",51,4.07805555555556
"F",25,4.07833333333333
"F",35,4.07833333333333
"F",27,4.07833333333333
"F",42,4.07833333333333
"M",39,4.07861111111111
"F",48,4.07861111111111
"F",50,4.07861111111111
"F",37,4.07861111111111
"F",47,4.07861111111111
"M",61,4.07861111111111
"F",50,4.07888888888889
"F",43,4.07888888888889
"F",47,4.07888888888889
"F",48,4.07888888888889
"M",43,4.07916666666667
"M",55,4.07916666666667
"F",26,4.07944444444444
"F",26,4.07944444444444
"F",22,4.07972222222222
"F",51,4.08
"F",50,4.08
"F",47,4.08
"F",50,4.08
"F",29,4.08027777777778
"M",55,4.08027777777778
"F",47,4.08055555555556
"F",51,4.08055555555556
"M",33,4.08055555555556
"F",22,4.08083333333333
"M",65,4.08111111111111
"F",43,4.08111111111111
"M",58,4.08138888888889
"M",50,4.08138888888889
"F",30,4.08166666666667
"F",60,4.08194444444444
"M",48,4.08194444444444
"M",27,4.08194444444444
"F",63,4.08194444444444
"F",45,4.08194444444444
"F",40,4.08222222222222
"M",38,4.08222222222222
"F",58,4.08222222222222
"F",47,4.08222222222222
"F",46,4.0825
"M",80,4.0825
"M",42,4.0825
"F",40,4.08277777777778
"M",47,4.08277777777778
"M",61,4.08305555555556
"M",36,4.08305555555556
"F",25,4.08305555555556
"F",45,4.08305555555556
"F",25,4.08305555555556
"M",57,4.08333333333333
"F",27,4.08333333333333
"F",46,4.08361111111111
"F",47,4.08361111111111
"M",57,4.08416666666667
"F",46,4.08444444444444
"F",41,4.08444444444444
"F",42,4.08472222222222
"F",45,4.08472222222222
"F",23,4.08472222222222
"F",26,4.08472222222222
"F",41,4.08472222222222
"F",48,4.085
"F",48,4.085
"M",44,4.08527777777778
"M",50,4.08555555555556
"F",48,4.08555555555556
"F",47,4.08555555555556
"F",53,4.08555555555556
"M",67,4.08583333333333
"F",39,4.08583333333333
"F",49,4.08583333333333
"F",45,4.08611111111111
"M",56,4.08611111111111
"M",61,4.08611111111111
"M",51,4.08638888888889
"F",47,4.08666666666667
"F",44,4.08666666666667
"F",47,4.08694444444444
"F",43,4.08722222222222
"F",50,4.08722222222222
"M",68,4.08722222222222
"F",57,4.0875
"F",51,4.0875
"F",41,4.0875
"M",49,4.08777777777778
"F",50,4.08805555555556
"M",58,4.08805555555556
"M",39,4.08805555555556
"F",37,4.08833333333333
"F",47,4.08861111111111
"M",52,4.08861111111111
"F",46,4.08888888888889
"F",57,4.08888888888889
"F",52,4.08888888888889
"M",50,4.08888888888889
"F",25,4.08916666666667
"M",23,4.08916666666667
"F",45,4.08916666666667
"M",59,4.08916666666667
"F",25,4.08944444444444
"F",45,4.08972222222222
"F",47,4.09
"M",44,4.09027777777778
"F",53,4.09027777777778
"F",50,4.09055555555556
"F",53,4.09055555555556
"M",57,4.09055555555556
"F",57,4.09083333333333
"F",29,4.09083333333333
"M",43,4.09083333333333
"M",71,4.09083333333333
"F",45,4.09083333333333
"M",46,4.09111111111111
"F",41,4.09111111111111
"M",45,4.09138888888889
"F",45,4.09138888888889
"F",48,4.09166666666667
"M",58,4.09166666666667
"F",45,4.09194444444444
"F",28,4.09222222222222
"F",34,4.09222222222222
"M",41,4.09222222222222
"M",30,4.09277777777778
"F",30,4.09277777777778
"F",42,4.09277777777778
"M",25,4.09305555555556
"F",28,4.09361111111111
"M",43,4.09388888888889
"F",51,4.09388888888889
"M",59,4.09416666666667
"M",24,4.09444444444444
"F",23,4.09444444444444
"F",45,4.09444444444444
"F",36,4.09472222222222
"M",21,4.09472222222222
"M",38,4.09472222222222
"M",44,4.09472222222222
"F",45,4.09472222222222
"M",49,4.09472222222222
"F",46,4.09472222222222
"F",50,4.095
"M",55,4.095
"M",64,4.095
"F",41,4.09555555555556
"F",32,4.09555555555556
"M",43,4.09555555555556
"F",37,4.09555555555556
"F",46,4.09555555555556
"F",44,4.09555555555556
"F",49,4.09583333333333
"M",46,4.09583333333333
"M",55,4.09611111111111
"F",31,4.09611111111111
"M",44,4.09611111111111
"M",44,4.09611111111111
"F",51,4.09638888888889
"M",25,4.09638888888889
"M",45,4.09666666666667
"F",49,4.09666666666667
"M",50,4.09694444444444
"F",35,4.09694444444444
"M",49,4.09694444444444
"M",40,4.09694444444444
"M",55,4.09694444444444
"M",35,4.09722222222222
"F",50,4.09722222222222
"M",48,4.09722222222222
"F",40,4.0975
"F",23,4.0975
"M",70,4.0975
"F",38,4.09805555555555
"F",47,4.09805555555555
"M",25,4.09805555555555
"F",26,4.09833333333333
"F",22,4.09861111111111
"F",50,4.09888888888889
"M",59,4.09888888888889
"M",47,4.09916666666667
"M",58,4.09916666666667
"F",49,4.09944444444444
"F",36,4.09944444444444
"F",37,4.09944444444444
"M",65,4.09972222222222
"F",50,4.09972222222222
"M",68,4.1
"M",53,4.10027777777778
"F",38,4.10027777777778
"F",50,4.10055555555556
"M",51,4.10055555555556
"F",37,4.10055555555556
"M",24,4.10083333333333
"M",65,4.10083333333333
"F",52,4.10111111111111
"F",54,4.10111111111111
"M",30,4.10138888888889
"M",55,4.10138888888889
"F",46,4.10138888888889
"F",48,4.10138888888889
"F",47,4.10166666666667
"F",27,4.10166666666667
"M",45,4.10166666666667
"F",31,4.10194444444444
"F",42,4.10222222222222
"M",63,4.10222222222222
"F",34,4.10222222222222
"M",52,4.1025
"F",30,4.1025
"M",56,4.1025
"M",47,4.1025
"F",22,4.1025
"F",50,4.1025
"M",65,4.10277777777778
"F",57,4.10277777777778
"F",28,4.10305555555555
"F",45,4.10333333333333
"F",45,4.10333333333333
"F",50,4.10333333333333
"F",48,4.10361111111111
"M",53,4.10388888888889
"F",41,4.10388888888889
"F",54,4.10416666666667
"F",46,4.10444444444444
"F",23,4.10444444444444
"F",37,4.10444444444444
"M",57,4.10444444444444
"F",50,4.10472222222222
"M",59,4.10472222222222
"M",35,4.10472222222222
"F",35,4.10472222222222
"F",42,4.10472222222222
"M",61,4.10472222222222
"M",55,4.10472222222222
"F",46,4.10472222222222
"F",36,4.105
"F",46,4.105
"F",53,4.105
"M",56,4.10527777777778
"F",53,4.10527777777778
"M",44,4.10527777777778
"F",40,4.10555555555556
"M",69,4.10583333333333
"F",39,4.10611111111111
"M",54,4.10611111111111
"F",22,4.10611111111111
"M",64,4.10611111111111
"F",53,4.10638888888889
"M",35,4.10666666666667
"M",60,4.10694444444444
"M",30,4.10694444444444
"M",43,4.10722222222222
"F",36,4.10722222222222
"M",30,4.10722222222222
"M",50,4.1075
"M",51,4.10777777777778
"F",25,4.10777777777778
"M",60,4.10777777777778
"M",57,4.10833333333333
"F",28,4.10833333333333
"F",46,4.10861111111111
"F",24,4.10861111111111
"F",23,4.10888888888889
"M",54,4.10916666666667
"F",50,4.10916666666667
"M",45,4.10916666666667
"F",38,4.10916666666667
"F",28,4.10916666666667
"M",57,4.10944444444444
"F",33,4.10944444444444
"M",62,4.10972222222222
"F",47,4.10972222222222
"M",60,4.10972222222222
"M",30,4.10972222222222
"F",28,4.10972222222222
"F",57,4.10972222222222
"M",24,4.11
"F",30,4.11027777777778
"F",41,4.11027777777778
"M",57,4.11027777777778
"F",47,4.11027777777778
"F",49,4.11027777777778
"F",40,4.11027777777778
"M",50,4.11055555555556
"F",47,4.11055555555556
"M",44,4.11111111111111
"M",61,4.11138888888889
"M",49,4.11138888888889
"M",24,4.11166666666667
"F",52,4.11166666666667
"F",59,4.11166666666667
"F",39,4.11166666666667
"M",22,4.11194444444444
"M",31,4.11194444444444
"M",60,4.11222222222222
"M",37,4.11222222222222
"M",42,4.1125
"F",37,4.1125
"F",50,4.11277777777778
"F",39,4.11277777777778
"F",46,4.11277777777778
"M",38,4.11277777777778
"M",64,4.11305555555556
"M",30,4.11305555555556
"F",48,4.11333333333333
"F",44,4.11333333333333
"F",31,4.11361111111111
"M",58,4.11361111111111
"M",49,4.11361111111111
"M",61,4.11361111111111
"F",33,4.11361111111111
"F",27,4.11388888888889
"F",54,4.11416666666667
"M",40,4.11416666666667
"M",59,4.11444444444444
"F",23,4.11444444444444
"F",56,4.11444444444444
"M",58,4.11444444444444
"F",51,4.11472222222222
"M",63,4.11472222222222
"F",33,4.11472222222222
"F",45,4.115
"F",29,4.115
"F",54,4.11527777777778
"F",51,4.11527777777778
"F",43,4.11527777777778
"M",51,4.11527777777778
"F",30,4.11527777777778
"M",39,4.11527777777778
"M",40,4.11555555555555
"F",46,4.11555555555555
"M",55,4.11555555555555
"F",46,4.11555555555555
"F",46,4.11583333333333
"F",58,4.11583333333333
"F",49,4.11583333333333
"M",50,4.11611111111111
"F",45,4.11666666666667
"F",31,4.11666666666667
"F",46,4.11666666666667
"F",26,4.11666666666667
"F",40,4.11694444444444
"F",25,4.1175
"F",49,4.1175
"M",49,4.11805555555556
"M",55,4.11805555555556
"F",45,4.11805555555556
"F",39,4.11805555555556
"M",23,4.11833333333333
"M",59,4.11833333333333
"F",55,4.11861111111111
"F",46,4.11888888888889
"F",50,4.11888888888889
"M",62,4.11888888888889
"F",28,4.11888888888889
"F",51,4.11916666666667
"M",65,4.11916666666667
"F",42,4.11916666666667
"F",37,4.11944444444444
"M",24,4.11944444444444
"M",29,4.11972222222222
"M",44,4.12
"F",28,4.12
"F",44,4.12
"M",42,4.12
"M",30,4.12
"M",51,4.12027777777778
"F",50,4.12055555555555
"M",51,4.12083333333333
"M",57,4.12083333333333
"F",51,4.12083333333333
"M",29,4.12111111111111
"F",53,4.12111111111111
"F",48,4.12111111111111
"F",29,4.12138888888889
"F",45,4.12138888888889
"M",61,4.12166666666667
"F",42,4.12166666666667
"F",43,4.12166666666667
"F",29,4.12194444444444
"F",41,4.1225
"M",45,4.1225
"M",33,4.12277777777778
"F",49,4.12277777777778
"M",53,4.12277777777778
"F",36,4.12277777777778
"F",50,4.12305555555556
"F",29,4.12305555555556
"M",55,4.12305555555556
"F",48,4.12305555555556
"F",53,4.12333333333333
"F",30,4.12333333333333
"M",63,4.12361111111111
"F",31,4.12361111111111
"M",41,4.12361111111111
"M",34,4.12361111111111
"F",46,4.12416666666667
"F",39,4.12444444444444
"F",36,4.12444444444444
"F",32,4.12444444444444
"F",53,4.12444444444444
"M",53,4.12444444444444
"F",50,4.12472222222222
"M",43,4.12472222222222
"M",44,4.12472222222222
"M",52,4.125
"M",50,4.125
"M",62,4.125
"M",55,4.125
"F",25,4.125
"M",32,4.125
"F",45,4.12527777777778
"M",38,4.12527777777778
"M",34,4.12527777777778
"F",48,4.12527777777778
"M",50,4.12527777777778
"F",43,4.12555555555555
"M",43,4.12583333333333
"F",55,4.12583333333333
"F",50,4.12583333333333
"F",39,4.12611111111111
"F",36,4.12611111111111
"F",31,4.12611111111111
"M",22,4.12638888888889
"M",61,4.12638888888889
"M",22,3.055
"M",30,3.05527777777778
"F",35,3.05583333333333
"M",34,3.05611111111111
"M",37,3.05611111111111
"M",26,3.05638888888889
"M",26,3.05638888888889
"M",44,3.05638888888889
"M",18,3.05666666666667
"M",26,3.05666666666667
"M",36,3.05666666666667
"M",28,3.05694444444444
"M",31,3.05694444444444
"F",24,3.05694444444444
"M",22,3.0575
"M",43,3.0575
"M",39,3.0575
"M",46,3.05777777777778
"M",40,3.05777777777778
"M",49,3.05805555555556
"M",40,3.05916666666667
"M",37,3.05916666666667
"M",20,3.05916666666667
"M",34,3.05944444444444
"M",37,3.05944444444444
"M",34,3.05944444444444
"F",28,3.05972222222222
"M",28,3.05972222222222
"M",37,3.06
"M",41,3.06055555555556
"M",29,3.06055555555556
"M",51,3.06083333333333
"F",31,3.06083333333333
"M",26,3.06083333333333
"M",38,3.06083333333333
"M",43,3.06083333333333
"M",35,3.06111111111111
"M",41,3.06111111111111
"M",39,3.06138888888889
"M",47,3.06138888888889
"M",37,3.06166666666667
"M",37,3.06166666666667
"M",31,3.06166666666667
"M",45,3.06222222222222
"M",30,3.06222222222222
"M",29,3.0625
"M",34,3.06277777777778
"M",42,3.06277777777778
"M",38,3.06277777777778
"M",23,3.06277777777778
"M",40,3.06277777777778
"M",26,3.06333333333333
"M",40,3.06333333333333
"M",39,3.06333333333333
"M",25,3.06333333333333
"M",44,3.06333333333333
"M",25,3.06361111111111
"M",30,3.06361111111111
"M",44,3.06388888888889
"M",33,3.06388888888889
"M",35,3.06388888888889
"M",44,3.06416666666667
"M",49,3.06416666666667
"M",43,3.06416666666667
"M",36,3.06416666666667
"M",32,3.06444444444444
"M",37,3.06444444444444
"M",30,3.06444444444444
"M",28,3.06444444444444
"M",42,3.06472222222222
"M",26,3.065
"M",35,3.065
"M",28,3.06527777777778
"M",48,3.06527777777778
"M",29,3.06527777777778
"M",41,3.06555555555556
"M",22,3.06555555555556
"M",25,3.06583333333333
"M",50,3.06611111111111
"M",38,3.06611111111111
"M",53,3.06666666666667
"M",45,3.06666666666667
"F",28,3.06666666666667
"M",45,3.0675
"M",43,3.06805555555556
"M",35,3.06805555555556
"M",30,3.06805555555556
"M",40,3.06861111111111
"M",34,3.06944444444444
"M",49,3.06972222222222
"M",38,3.06972222222222
"M",20,3.06972222222222
"M",45,3.06972222222222
"M",40,3.07
"M",28,3.07
"M",40,3.07
"M",26,3.07027777777778
"M",34,3.07027777777778
"M",22,3.07027777777778
"M",30,3.07055555555556
"F",29,4.12694444444444
"M",62,4.12694444444444
"F",23,4.12722222222222
"M",57,4.12722222222222
"M",28,4.12722222222222
"F",30,4.1275
"M",50,4.1275
"M",64,4.1275
"M",55,4.1275
"M",71,4.12777777777778
"F",41,4.12777777777778
"M",56,4.12805555555556
"M",52,4.12805555555556
"M",56,4.12833333333333
"M",44,4.12833333333333
"F",51,4.12833333333333
"F",40,4.12833333333333
"F",45,4.12888888888889
"F",30,4.12916666666667
"F",55,4.12916666666667
"M",25,4.12916666666667
"F",21,4.12916666666667
"F",50,4.12916666666667
"F",45,4.12916666666667
"M",29,4.12944444444444
"F",46,4.12944444444444
"M",52,4.12944444444444
"M",61,4.12944444444444
"M",44,4.12944444444444
"M",60,4.13
"F",26,4.13
"M",53,4.13
"F",47,4.13027777777778
"F",41,4.13027777777778
"M",45,4.13027777777778
"M",38,4.13055555555556
"F",42,4.13083333333333
"F",25,4.13111111111111
"F",21,4.13111111111111
"F",35,4.13111111111111
"M",27,4.13111111111111
"F",51,4.13138888888889
"M",24,4.13138888888889
"F",28,4.13138888888889
"F",43,4.13166666666667
"F",48,4.13166666666667
"F",49,4.13166666666667
"F",48,4.13166666666667
"M",47,4.13222222222222
"M",55,4.13222222222222
"F",56,4.13222222222222
"F",31,4.13222222222222
"F",47,4.1325
"M",40,4.1325
"F",50,4.1325
"F",50,4.1325
"F",51,4.1325
"F",45,4.1325
"M",57,4.13277777777778
"F",48,4.13277777777778
"F",47,4.13277777777778
"F",53,4.13277777777778
"M",53,4.13277777777778
"M",52,4.13305555555556
"F",37,4.13333333333333
"M",45,4.13333333333333
"F",35,4.13333333333333
"F",30,4.13361111111111
"M",25,4.13388888888889
"M",57,4.13416666666667
"F",30,4.13444444444445
"M",37,4.13444444444445
"M",58,4.13472222222222
"M",41,4.13472222222222
"M",49,4.135
"M",27,4.135
"M",58,4.135
"F",45,4.13527777777778
"F",46,4.13583333333333
"M",55,4.13611111111111
"M",66,4.13611111111111
"F",46,4.13611111111111
"F",26,4.13611111111111
"F",55,4.13611111111111
"F",46,4.13638888888889
"M",43,4.13638888888889
"F",50,4.13638888888889
"F",23,4.13638888888889
"F",47,4.13638888888889
"F",38,4.13638888888889
"M",36,4.13638888888889
"F",32,4.13638888888889
"M",60,4.13722222222222
"M",56,4.13722222222222
"F",40,4.1375
"M",63,4.1375
"F",33,4.1375
"M",44,4.1375
"F",52,4.1375
"F",51,4.1375
"F",59,4.13777777777778
"M",33,4.13777777777778
"M",44,4.13777777777778
"F",38,4.13777777777778
"M",35,4.13805555555556
"F",28,4.13805555555556
"F",27,4.13805555555556
"F",45,4.13805555555556
"M",66,4.13805555555556
"M",51,4.13833333333333
"M",52,4.13833333333333
"F",25,4.13861111111111
"F",38,4.13861111111111
"F",26,4.13861111111111
"F",46,4.13888888888889
"M",60,4.13888888888889
"M",43,4.13888888888889
"F",43,4.13916666666667
"M",32,4.13916666666667
"F",28,4.13916666666667
"M",62,4.13944444444444
"F",55,4.13944444444444
"F",45,4.13944444444444
"F",29,4.13944444444444
"F",41,4.13972222222222
"F",28,4.13972222222222
"F",21,4.14
"F",30,4.14027777777778
"M",33,4.14027777777778
"F",39,4.14027777777778
"F",38,4.14027777777778
"M",34,4.14027777777778
"F",60,4.14055555555556
"F",57,4.14055555555556
"F",48,4.14055555555556
"F",33,4.14055555555556
"F",43,4.14083333333333
"F",35,4.14111111111111
"F",50,4.14138888888889
"M",44,4.14138888888889
"M",67,4.14138888888889
"F",40,4.14166666666667
"F",40,4.14194444444444
"F",28,4.14222222222222
"F",60,4.14222222222222
"F",51,4.1425
"M",30,4.1425
"M",60,4.1425
"F",31,4.1425
"F",54,4.1425
"M",53,4.14277777777778
"F",46,4.14277777777778
"F",52,4.14277777777778
"F",32,4.14305555555556
"M",28,4.14305555555556
"M",55,4.14305555555556
"M",53,4.14305555555556
"F",35,4.14333333333333
"M",38,4.14333333333333
"M",62,4.14361111111111
"M",55,4.14361111111111
"F",40,4.14361111111111
"F",45,4.14361111111111
"M",55,4.14361111111111
"F",30,4.14388888888889
"M",45,4.14416666666667
"F",22,4.14444444444444
"F",52,4.14444444444444
"M",61,4.14444444444444
"F",58,4.14472222222222
"M",21,4.14472222222222
"M",42,4.14472222222222
"M",30,4.14472222222222
"F",39,4.145
"M",47,4.145
"M",46,4.145
"M",55,4.145
"F",29,4.14527777777778
"F",32,4.14527777777778
"F",43,4.14527777777778
"F",47,4.14527777777778
"F",50,4.14555555555556
"M",50,4.14555555555556
"M",44,4.14555555555556
"M",51,4.14555555555556
"F",38,4.14555555555556
"F",22,4.14583333333333
"F",44,4.14583333333333
"M",50,4.14583333333333
"M",32,4.14611111111111
"M",60,4.14611111111111
"F",42,4.14638888888889
"M",54,4.14666666666667
"M",55,4.14694444444445
"F",22,4.14694444444445
"F",46,4.14694444444445
"M",56,4.14694444444445
"F",52,4.14694444444445
"F",44,4.14694444444445
"F",30,4.14694444444445
"F",29,4.14694444444445
"M",27,4.14722222222222
"M",60,4.14722222222222
"M",41,4.14722222222222
"F",46,4.1475
"F",24,4.1475
"F",42,4.1475
"M",40,4.14777777777778
"F",40,4.14777777777778
"M",66,4.14777777777778
"F",34,4.14777777777778
"M",45,4.14777777777778
"M",45,4.14777777777778
"F",41,4.14805555555556
"F",45,4.14805555555556
"F",44,4.14833333333333
"M",57,4.14833333333333
"F",52,4.14833333333333
"M",56,4.14861111111111
"M",41,4.14861111111111
"M",42,4.14861111111111
"M",40,4.14888888888889
"M",39,4.14888888888889
"F",52,4.14888888888889
"M",66,4.14888888888889
"M",55,4.14888888888889
"M",41,4.14916666666667
"F",60,4.14944444444444
"M",39,4.14944444444444
"M",39,4.14944444444444
"F",25,4.14944444444444
"F",45,4.14944444444444
"F",30,4.14944444444444
"F",38,4.14972222222222
"M",45,4.14972222222222
"F",51,4.14972222222222
"F",52,4.14972222222222
"M",51,4.14972222222222
"F",36,4.14972222222222
"M",37,4.14972222222222
"F",50,4.15
"M",60,4.15
"F",46,4.15055555555556
"F",43,4.15055555555556
"M",58,4.15055555555556
"F",25,4.15055555555556
"F",35,4.15083333333333
"F",33,4.15083333333333
"M",20,4.15083333333333
"M",25,4.15111111111111
"F",28,4.15111111111111
"F",42,4.15111111111111
"M",59,4.15138888888889
"F",50,4.15138888888889
"M",65,4.15138888888889
"F",47,4.15138888888889
"F",43,4.15166666666667
"F",30,4.15166666666667
"F",46,4.15194444444445
"F",38,4.15194444444445
"M",42,4.15222222222222
"F",42,4.15222222222222
"F",46,4.15222222222222
"M",63,4.15222222222222
"M",43,4.15277777777778
"F",47,4.15277777777778
"F",33,4.15277777777778
"F",43,4.15277777777778
"M",32,4.15305555555556
"F",34,4.15305555555556
"M",31,4.15305555555556
"F",28,4.15305555555556
"F",36,4.15305555555556
"M",46,4.15333333333333
"M",46,4.15333333333333
"M",44,4.15333333333333
"M",65,4.15361111111111
"F",43,4.15361111111111
"F",46,4.15361111111111
"M",27,4.15388888888889
"F",46,4.15388888888889
"M",47,4.15388888888889
"M",18,4.15444444444444
"F",32,4.15472222222222
"M",60,4.15472222222222
"M",44,4.15472222222222
"F",50,4.15472222222222
"F",48,4.155
"M",57,4.15527777777778
"F",26,4.15527777777778
"M",41,4.15527777777778
"F",45,4.15527777777778
"F",57,4.15527777777778
"M",55,4.15583333333333
"F",47,4.15583333333333
"F",30,4.15611111111111
"F",34,4.15611111111111
"M",46,4.15638888888889
"F",44,4.15638888888889
"M",43,4.15638888888889
"F",41,4.15666666666667
"F",43,4.15666666666667
"M",60,4.15666666666667
"M",45,4.15666666666667
"F",29,4.15666666666667
"M",31,4.15694444444444
"F",27,4.15694444444444
"F",50,4.15694444444444
"F",47,4.15722222222222
"F",51,4.15722222222222
"M",56,4.15722222222222
"M",44,4.15722222222222
"F",20,4.15722222222222
"F",33,4.1575
"F",47,4.1575
"F",50,4.15777777777778
"F",35,4.15805555555556
"F",42,4.15805555555556
"F",47,4.15805555555556
"F",48,4.15833333333333
"M",57,4.15833333333333
"M",54,4.15833333333333
"M",66,4.15833333333333
"M",68,4.15833333333333
"M",27,4.15861111111111
"F",51,4.15861111111111
"F",36,4.15888888888889
"M",31,4.15888888888889
"F",29,4.15888888888889
"F",45,4.15916666666667
"F",45,4.15916666666667
"F",42,4.15916666666667
"F",45,4.15916666666667
"F",44,4.15916666666667
"M",61,4.15916666666667
"F",34,4.15944444444444
"F",51,4.15944444444444
"F",30,4.15944444444444
"M",18,4.15972222222222
"M",32,4.15972222222222
"M",38,4.15972222222222
"F",48,4.16
"F",66,4.16
"M",32,4.16027777777778
"M",61,4.16027777777778
"F",42,4.16027777777778
"M",23,4.16055555555556
"F",45,4.16055555555556
"M",45,4.16055555555556
"F",61,4.16055555555556
"M",58,4.16055555555556
"F",48,4.16083333333333
"F",52,4.16083333333333
"F",42,4.16111111111111
"F",52,4.16111111111111
"M",65,4.16111111111111
"M",53,4.16138888888889
"F",46,4.16138888888889
"F",43,4.16138888888889
"F",29,4.16166666666667
"F",32,4.16194444444444
"M",67,4.16194444444444
"M",40,4.16194444444444
"M",29,4.16222222222222
"F",25,4.16222222222222
"M",53,4.16222222222222
"M",60,4.16222222222222
"F",52,4.1625
"F",61,4.1625
"M",33,4.16277777777778
"M",56,4.16277777777778
"M",70,4.16305555555556
"M",32,4.16305555555556
"F",25,4.16305555555556
"M",38,4.16305555555556
"F",45,4.16305555555556
"F",54,4.16333333333333
"F",49,4.16333333333333
"F",42,4.16361111111111
"F",46,4.16361111111111
"F",56,4.16361111111111
"M",44,4.16361111111111
"M",23,4.16388888888889
"M",40,4.16388888888889
"F",50,4.16388888888889
"M",34,4.16416666666667
"M",68,4.16416666666667
"F",43,4.16416666666667
"F",35,4.16444444444444
"M",47,4.16444444444444
"F",47,4.16472222222222
"F",45,4.16472222222222
"F",39,4.165
"M",57,4.165
"M",35,4.165
"F",35,4.165
"F",29,4.16527777777778
"M",34,4.16527777777778
"M",42,4.16527777777778
"M",61,4.16555555555556
"F",39,4.16555555555556
"M",39,4.16555555555556
"F",49,4.16583333333333
"F",25,4.16611111111111
"F",38,4.16638888888889
"F",45,4.16638888888889
"M",22,4.16638888888889
"F",34,4.16666666666667
"M",61,4.16666666666667
"F",60,4.16666666666667
"F",30,4.16666666666667
"F",45,4.16666666666667
"M",52,4.16694444444444
"M",46,4.16722222222222
"F",35,4.1675
"F",49,4.1675
"F",46,4.1675
"F",41,4.1675
"M",57,4.16777777777778
"F",59,4.16777777777778
"M",70,4.16777777777778
"F",29,4.16805555555556
"M",55,4.16833333333333
"M",28,4.16833333333333
"F",41,4.16888888888889
"F",47,4.16888888888889
"M",60,4.16888888888889
"M",52,4.16916666666667
"M",53,4.16916666666667
"F",34,4.16916666666667
"F",43,4.16916666666667
"M",48,4.16916666666667
"F",32,4.16916666666667
"M",49,4.16944444444445
"M",51,4.16972222222222
"M",50,4.16972222222222
"F",49,4.17
"M",30,4.17027777777778
"F",49,4.17027777777778
"F",37,4.17055555555556
"F",42,4.17055555555556
"F",52,4.17055555555556
"F",31,4.17083333333333
"M",46,4.17083333333333
"M",49,4.17083333333333
"M",49,4.17111111111111
"F",44,4.17111111111111
"M",64,4.17138888888889
"F",35,4.17138888888889
"F",34,4.17138888888889
"F",51,4.17138888888889
"M",44,4.17138888888889
"M",59,4.17166666666667
"F",22,4.17166666666667
"F",56,4.17166666666667
"F",36,4.17194444444444
"M",50,4.17194444444444
"F",43,4.17194444444444
"M",55,4.17194444444444
"F",28,4.17222222222222
"M",34,4.17277777777778
"M",34,4.17277777777778
"M",33,4.17277777777778
"M",29,4.17277777777778
"F",33,4.17305555555556
"M",37,4.17305555555556
"M",55,4.17333333333333
"F",53,4.17333333333333
"F",50,4.17333333333333
"F",45,4.17333333333333
"M",36,4.17333333333333
"F",37,4.17361111111111
"F",27,4.17361111111111
"M",44,4.17361111111111
"F",38,4.17388888888889
"M",34,4.17388888888889
"F",41,4.17388888888889
"M",26,4.17416666666667
"M",54,4.17444444444445
"F",27,4.17444444444445
"F",44,4.17444444444445
"M",41,4.17444444444445
"F",45,4.17472222222222
"M",49,4.175
"M",54,4.175
"M",55,4.175
"F",37,4.17527777777778
"F",41,4.17527777777778
"F",48,4.17527777777778
"F",60,4.17527777777778
"F",35,4.17527777777778
"F",38,4.17527777777778
"M",48,4.17555555555556
"F",46,4.17555555555556
"F",44,4.17555555555556
"F",27,4.17583333333333
"M",56,4.17611111111111
"F",34,4.17611111111111
"F",45,4.17611111111111
"M",58,4.17611111111111
"F",38,4.17638888888889
"F",51,4.17638888888889
"F",25,4.17666666666667
"M",33,4.17694444444444
"F",56,4.17722222222222
"M",70,4.17722222222222
"F",54,4.17777777777778
"M",58,4.17777777777778
"M",46,4.17777777777778
"F",47,4.17777777777778
"F",49,4.17777777777778
"M",49,4.17805555555556
"M",43,4.17805555555556
"F",49,4.17861111111111
"F",40,4.17861111111111
"F",45,4.17861111111111
"F",40,4.17888888888889
"M",48,4.17888888888889
"F",49,4.17888888888889
"F",29,4.17916666666667
"F",25,4.17916666666667
"M",61,4.17916666666667
"F",41,4.17916666666667
"F",24,4.17944444444444
"M",49,4.17944444444444
"M",35,4.17944444444444
"M",46,4.17944444444444
"F",46,4.17944444444444
"M",50,4.17944444444444
"M",67,4.17944444444444
"F",36,4.17972222222222
"F",44,4.17972222222222
"M",58,4.17972222222222
"M",40,4.18
"M",44,4.18027777777778
"F",45,4.18027777777778
"F",47,4.18027777777778
"F",46,4.18027777777778
"M",41,4.18027777777778
"F",48,4.18027777777778
"F",47,4.18055555555556
"F",43,4.18083333333333
"M",31,4.18083333333333
"M",35,4.18111111111111
"M",61,4.18111111111111
"M",60,4.18111111111111
"F",52,4.18138888888889
"M",45,4.18138888888889
"F",62,4.18138888888889
"M",59,4.18166666666667
"F",57,4.18166666666667
"M",52,4.18194444444444
"F",18,4.18222222222222
"F",42,4.18222222222222
"F",46,4.18222222222222
"M",32,4.18222222222222
"M",60,4.1825
"F",23,4.1825
"M",33,4.1825
"M",65,4.1825
"F",54,4.1825
"M",58,4.18277777777778
"M",43,4.18277777777778
"M",60,4.18305555555556
"F",25,4.18305555555556
"F",23,4.18333333333333
"F",45,4.18333333333333
"M",29,4.18333333333333
"M",52,4.18333333333333
"M",39,4.18333333333333
"F",39,4.18333333333333
"M",51,4.18361111111111
"M",53,4.18361111111111
"F",37,4.18361111111111
"M",58,4.18361111111111
"F",56,4.18361111111111
"F",49,4.18388888888889
"F",45,4.18388888888889
"F",56,4.18388888888889
"M",45,4.18388888888889
"M",38,4.18416666666667
"M",66,4.18416666666667
"F",57,4.18416666666667
"F",27,4.18444444444444
"F",51,4.18444444444444
"F",26,4.18472222222222
"M",60,4.18472222222222
"F",52,4.185
"M",57,4.185
"M",45,4.18527777777778
"F",46,4.18527777777778
"M",48,4.18527777777778
"F",52,4.18555555555556
"F",44,4.18555555555556
"M",62,4.18555555555556
"M",43,4.18583333333333
"M",44,4.18583333333333
"F",48,4.18583333333333
"F",30,4.18583333333333
"F",63,4.18583333333333
"M",64,4.18638888888889
"F",51,4.18638888888889
"M",48,4.18666666666667
"F",45,4.18666666666667
"M",39,4.18694444444444
"F",49,4.18694444444444
"F",45,4.18694444444444
"F",48,4.18722222222222
"F",55,4.18722222222222
"M",31,4.1875
"F",29,4.1875
"M",47,4.1875
"M",27,4.18777777777778
"M",26,4.18777777777778
"M",50,4.18777777777778
"M",62,4.18805555555556
"F",52,4.18805555555556
"F",42,4.18833333333333
"F",33,4.18833333333333
"F",45,4.18833333333333
"M",28,4.18833333333333
"M",51,4.18833333333333
"F",46,4.18888888888889
"F",40,4.18888888888889
"M",38,4.18916666666667
"M",65,4.18916666666667
"M",20,4.18944444444444
"F",47,4.18944444444444
"M",61,4.18972222222222
"M",35,4.19
"M",38,4.19
"M",48,4.19027777777778
"M",60,4.19027777777778
"F",59,4.19055555555556
"M",60,4.19083333333333
"M",65,4.19083333333333
"F",52,4.19083333333333
"M",45,4.19111111111111
"M",61,4.19138888888889
"M",50,4.19138888888889
"F",40,4.19166666666667
"M",43,4.19166666666667
"M",65,4.19166666666667
"F",25,4.19166666666667
"F",43,4.19194444444444
"M",41,4.19194444444444
"F",50,4.19222222222222
"M",54,4.19222222222222
"F",39,4.19277777777778
"M",60,4.19305555555556
"M",66,4.19305555555556
"F",42,4.19305555555556
"M",41,4.19333333333333
"F",54,4.19333333333333
"M",48,4.19333333333333
"M",48,4.19333333333333
"F",35,4.19361111111111
"F",47,4.19416666666667
"M",37,4.19416666666667
"F",26,4.19416666666667
"M",45,4.19444444444444
"F",45,4.19472222222222
"M",55,4.19527777777778
"F",26,4.19527777777778
"M",50,4.19527777777778
"M",66,4.19527777777778
"F",49,4.19527777777778
"F",33,4.19527777777778
"M",59,4.19527777777778
"M",48,4.19555555555556
"M",30,4.19555555555556
"M",21,4.19583333333333
"F",51,4.19583333333333
"F",29,4.19583333333333
"M",58,4.19611111111111
"F",48,4.19638888888889
"M",38,4.19638888888889
"F",48,4.19638888888889
"F",32,4.19638888888889
"M",45,4.19666666666667
"M",44,4.19666666666667
"F",31,4.19666666666667
"F",38,4.19722222222222
"F",55,4.19722222222222
"F",30,4.19722222222222
"M",61,4.1975
"F",30,4.19777777777778
"F",32,4.19777777777778
"M",35,4.19777777777778
"F",31,4.19777777777778
"F",49,4.19805555555556
"F",52,4.19805555555556
"F",51,4.19805555555556
"M",40,4.19833333333333
"F",46,4.19833333333333
"F",51,4.19833333333333
"F",48,4.19833333333333
"M",51,4.19833333333333
"M",54,4.19861111111111
"M",62,4.19861111111111
"M",31,4.19861111111111
"F",34,4.19861111111111
"F",44,4.19861111111111
"M",45,4.19888888888889
"F",26,4.19916666666667
"F",60,4.19916666666667
"F",45,4.19916666666667
"F",49,4.19944444444444
"M",39,4.19944444444444
"M",54,4.19944444444444
"F",28,4.19944444444444
"F",42,4.19944444444444
"M",55,4.19972222222222
"M",40,4.19972222222222
"F",50,4.2
"M",50,4.2
"F",53,4.20027777777778
"M",45,4.20027777777778
"M",55,4.20027777777778
"F",45,4.20055555555556
"F",27,4.20055555555556
"F",48,4.20055555555556
"F",25,4.20083333333333
"F",36,4.20083333333333
"M",34,4.20083333333333
"F",43,4.20111111111111
"M",26,4.20166666666667
"M",41,4.20166666666667
"M",60,4.20222222222222
"M",41,4.20222222222222
"F",39,4.20222222222222
"M",54,4.20222222222222
"F",44,4.20222222222222
"F",50,4.20222222222222
"F",57,4.20305555555556
"F",37,4.20305555555556
"F",41,4.20305555555556
"M",40,4.20333333333333
"F",25,4.20333333333333
"F",47,4.20333333333333
"F",31,4.20361111111111
"M",37,4.20361111111111
"M",40,4.20361111111111
"F",29,4.20361111111111
"M",36,4.20416666666667
"M",50,4.20416666666667
"M",36,4.20416666666667
"F",47,4.20416666666667
"F",51,4.20444444444444
"F",42,4.20472222222222
"F",28,4.20472222222222
"F",27,4.20472222222222
"F",50,4.205
"M",42,4.205
"M",41,4.20527777777778
"M",71,4.20527777777778
"M",70,4.20527777777778
"M",60,4.20527777777778
"F",40,4.20555555555556
"M",39,4.20555555555556
"F",35,4.20555555555556
"M",41,4.20555555555556
"F",37,4.20555555555556
"F",39,4.20583333333333
"F",57,4.20583333333333
"M",49,4.20583333333333
"M",34,4.20638888888889
"F",26,4.20666666666667
"F",38,4.20666666666667
"M",54,4.20694444444444
"M",29,4.20694444444444
"F",42,4.20694444444444
"F",61,4.20694444444444
"F",46,4.20722222222222
"M",26,4.20722222222222
"M",31,4.2075
"M",62,4.2075
"F",46,4.20777777777778
"M",54,4.20805555555556
"M",31,4.20833333333333
"F",50,4.20833333333333
"F",46,4.20888888888889
"M",42,4.20916666666667
"M",40,4.20944444444444
"F",56,4.20944444444444
"F",30,4.20944444444444
"F",57,4.20944444444444
"M",51,4.20972222222222
"M",66,4.20972222222222
"F",47,4.21
"F",27,4.21
"M",60,4.21027777777778
"M",50,4.21055555555556
"F",58,4.21055555555556
"M",45,4.21111111111111
"M",26,4.21111111111111
"M",51,4.21111111111111
"F",46,4.21138888888889
"M",30,4.21138888888889
"M",43,4.2125
"M",37,4.2125
"F",44,4.2125
"F",51,4.21277777777778
"F",47,4.21277777777778
"M",51,4.21305555555556
"M",61,4.21305555555556
"F",46,4.21333333333333
"F",52,4.21333333333333
"F",55,4.21333333333333
"F",59,4.21333333333333
"M",51,4.21388888888889
"M",55,4.21416666666667
"F",48,4.21416666666667
"M",44,4.21416666666667
"F",42,4.21416666666667
"F",48,4.21444444444444
"F",40,4.21444444444444
"F",49,4.21444444444444
"M",37,4.21444444444444
"F",25,4.21472222222222
"F",27,4.215
"F",54,4.21527777777778
"F",47,4.21527777777778
"F",26,4.21555555555556
"M",37,4.21555555555556
"F",48,4.21583333333333
"F",49,4.21583333333333
"F",28,4.21583333333333
"F",58,4.21611111111111
"F",36,4.21638888888889
"M",39,4.21638888888889
"F",48,4.21638888888889
"F",52,4.21638888888889
"M",46,4.21666666666667
"F",46,4.21666666666667
"M",29,4.21722222222222
"M",33,4.21722222222222
"M",60,4.2175
"F",44,4.2175
"F",29,4.21777777777778
"F",41,4.21777777777778
"F",44,4.21833333333333
"M",56,4.21861111111111
"F",26,4.21861111111111
"M",46,4.21861111111111
"F",20,4.21861111111111
"F",49,4.21888888888889
"F",42,4.21888888888889
"F",43,4.21916666666667
"M",47,4.21916666666667
"F",26,4.21972222222222
"M",48,4.21972222222222
"F",47,4.22
"M",55,4.22027777777778
"M",64,4.22027777777778
"M",51,4.22083333333333
"F",25,4.22083333333333
"F",41,4.22111111111111
"F",54,4.22111111111111
"M",47,4.22111111111111
"F",24,4.22111111111111
"F",50,4.22138888888889
"F",58,4.22138888888889
"M",66,4.22138888888889
"F",46,4.22166666666667
"F",37,4.22194444444444
"M",61,4.22194444444444
"F",55,4.22194444444444
"M",34,4.22194444444444
"F",48,4.22194444444444
"M",36,4.22194444444444
"F",64,4.22194444444444
"F",59,4.22194444444444
"F",46,4.22194444444444
"M",38,4.22194444444444
"M",60,4.2225
"F",40,4.22277777777778
"F",55,4.22305555555556
"F",21,4.22305555555556
"F",28,4.22333333333333
"F",37,4.22361111111111
"M",23,4.22361111111111
"F",45,4.22388888888889
"M",46,4.22416666666667
"M",61,4.22416666666667
"M",38,4.22444444444444
"F",29,4.22444444444444
"F",56,4.22444444444444
"M",51,4.22444444444444
"M",50,4.22444444444444
"F",21,4.22472222222222
"F",29,4.225
"F",55,4.225
"F",27,4.225
"F",50,4.22555555555556
"M",22,4.22583333333333
"M",62,4.22583333333333
"F",37,4.22611111111111
"F",24,4.22611111111111
"M",35,4.22611111111111
"M",35,4.22638888888889
"F",59,4.22666666666667
"F",40,4.22666666666667
"F",37,4.22694444444444
"F",59,4.22722222222222
"M",68,4.2275
"M",45,4.2275
"M",55,4.2275
"F",48,4.22777777777778
"F",50,4.22805555555556
"F",49,4.22805555555556
"F",54,4.22805555555556
"M",22,4.22833333333333
"F",42,4.22833333333333
"M",27,4.22861111111111
"F",25,4.22861111111111
"F",40,4.22861111111111
"F",63,4.22888888888889
"M",46,4.22888888888889
"M",49,4.22916666666667
"F",28,4.22916666666667
"M",61,4.22916666666667
"F",26,4.22916666666667
"M",52,4.22916666666667
"M",45,4.22916666666667
"F",45,4.22944444444444
"M",30,4.22972222222222
"F",36,4.23
"F",46,4.23
"M",24,4.23
"F",39,4.23027777777778
"M",39,4.23027777777778
"M",32,4.23027777777778
"M",48,4.23055555555556
"F",39,4.23055555555556
"M",65,4.23055555555556
"M",69,4.23055555555556
"F",43,4.23111111111111
"M",58,4.23111111111111
"M",45,4.23138888888889
"M",45,4.23138888888889
"M",41,4.23166666666667
"F",44,4.23166666666667
"F",48,4.23194444444444
"F",56,4.23194444444444
"M",40,4.23222222222222
"F",54,4.23222222222222
"M",65,4.2325
"F",47,4.2325
"M",57,4.23277777777778
"M",49,4.23277777777778
"M",66,4.23305555555556
"M",21,4.23305555555556
"M",64,4.23305555555556
"M",60,4.23333333333333
"M",53,4.23333333333333
"F",50,4.23333333333333
"M",34,4.23333333333333
"F",45,4.23333333333333
"F",51,4.23361111111111
"F",47,4.23388888888889
"M",47,4.23388888888889
"F",42,4.23388888888889
"F",40,4.23416666666667
"F",45,4.23416666666667
"F",45,4.23444444444444
"F",53,4.23444444444444
"M",26,4.23472222222222
"M",61,4.23472222222222
"F",34,4.23472222222222
"M",60,4.23472222222222
"F",23,4.235
"M",61,4.235
"F",27,4.23527777777778
"F",27,4.23555555555556
"M",45,4.23555555555556
"F",40,4.23555555555556
"M",25,4.23555555555556
"M",46,4.23555555555556
"M",45,4.23583333333333
"F",21,4.23583333333333
"F",47,4.23611111111111
"M",61,4.23611111111111
"F",43,4.23611111111111
"M",34,4.23611111111111
"F",36,4.23638888888889
"F",50,4.23638888888889
"M",47,4.23638888888889
"F",51,4.23666666666667
"F",38,4.23666666666667
"M",58,4.23694444444444
"F",32,4.23694444444444
"F",45,4.23722222222222
"F",50,4.23722222222222
"F",46,4.2375
"F",21,4.2375
"M",40,4.2375
"F",53,4.2375
"F",53,4.23777777777778
"F",41,4.23777777777778
"M",38,3.07055555555556
"M",35,3.07055555555556
"F",33,3.07083333333333
"M",37,3.07083333333333
"M",28,3.07111111111111
"M",34,3.07138888888889
"M",42,3.07138888888889
"M",26,3.07138888888889
"M",22,3.07138888888889
"M",40,3.07138888888889
"M",30,3.07138888888889
"M",40,3.07166666666667
"M",31,3.07194444444444
"M",21,3.07222222222222
"M",25,3.07222222222222
"M",44,3.0725
"M",48,3.07277777777778
"F",26,3.07277777777778
"M",28,3.07305555555556
"M",30,3.07305555555556
"M",44,3.07333333333333
"M",24,3.07333333333333
"M",24,3.07361111111111
"F",28,3.07361111111111
"M",42,3.07388888888889
"M",38,3.07388888888889
"M",28,3.07388888888889
"M",35,3.07416666666667
"M",25,3.07416666666667
"M",43,3.07416666666667
"M",36,3.07444444444444
"M",37,3.07472222222222
"M",27,3.075
"M",35,3.07527777777778
"M",33,3.07555555555556
"M",22,3.07555555555556
"M",26,3.07583333333333
"M",41,3.07583333333333
"M",32,3.07638888888889
"M",27,3.07666666666667
"M",27,3.07666666666667
"M",49,3.07666666666667
"M",51,3.07694444444444
"M",57,3.07694444444444
"M",26,3.07694444444444
"M",36,3.07694444444444
"M",26,3.07694444444444
"M",45,3.07694444444444
"M",30,3.07722222222222
"M",30,3.0775
"M",54,3.0775
"M",29,3.07777777777778
"M",45,3.07777777777778
"M",29,3.07777777777778
"M",30,3.07777777777778
"M",34,3.07777777777778
"M",45,3.07805555555556
"M",32,3.07805555555556
"M",28,3.07805555555556
"M",34,3.07805555555556
"M",47,3.07833333333333
"M",33,3.07833333333333
"M",43,3.07833333333333
"M",41,3.07833333333333
"M",29,3.07833333333333
"M",27,3.07861111111111
"M",42,3.07861111111111
"F",31,3.07861111111111
"M",40,3.07861111111111
"M",34,3.07888888888889
"M",40,3.07916666666667
"M",48,3.07916666666667
"M",47,3.07916666666667
"M",27,3.07916666666667
"M",35,3.07944444444444
"M",29,3.07944444444444
"M",23,3.07944444444444
"M",38,3.07944444444444
"M",43,3.07972222222222
"M",28,3.07972222222222
"M",40,3.07972222222222
"M",44,3.07972222222222
"M",24,3.08
"M",27,3.08
"M",36,3.08027777777778
"M",25,3.08027777777778
"M",40,3.08027777777778
"M",42,3.08027777777778
"M",47,3.08055555555556
"M",32,3.08055555555556
"F",30,3.08083333333333
"M",37,3.08083333333333
"M",26,3.08083333333333
"F",43,3.08083333333333
"M",48,3.08083333333333
"M",38,3.08083333333333
"M",37,3.08111111111111
"M",42,3.08111111111111
"M",21,3.08138888888889
"M",25,3.08138888888889
"M",38,4.23777777777778
"F",21,4.23777777777778
"M",48,4.23777777777778
"M",32,4.23805555555556
"F",41,4.23805555555556
"F",41,4.23805555555556
"F",40,4.23833333333333
"F",24,4.23833333333333
"F",48,4.23833333333333
"M",58,4.23833333333333
"F",34,4.23888888888889
"F",27,4.23888888888889
"M",55,4.23916666666667
"F",47,4.23916666666667
"M",55,4.23944444444444
"F",55,4.23972222222222
"M",53,4.23972222222222
"F",47,4.24083333333333
"M",71,4.24083333333333
"M",62,4.24111111111111
"M",44,4.24111111111111
"M",43,4.24111111111111
"M",46,4.24166666666667
"M",50,4.24166666666667
"M",52,4.24166666666667
"F",27,4.24166666666667
"M",43,4.24166666666667
"F",44,4.24166666666667
"F",50,4.24194444444444
"F",32,4.24194444444444
"F",47,4.24194444444444
"M",43,4.24222222222222
"M",65,4.24222222222222
"F",28,4.24222222222222
"M",58,4.2425
"M",26,4.2425
"M",60,4.24277777777778
"F",44,4.24305555555556
"M",52,4.24305555555556
"F",21,4.24305555555556
"M",53,4.24305555555556
"F",51,4.24305555555556
"F",56,4.24333333333333
"M",32,4.24361111111111
"F",45,4.24361111111111
"M",43,4.24388888888889
"F",53,4.24416666666667
"M",31,4.24416666666667
"F",33,4.24416666666667
"F",45,4.24444444444444
"M",57,4.24444444444444
"M",62,4.24472222222222
"F",51,4.24472222222222
"F",29,4.24527777777778
"M",46,4.24555555555556
"M",65,4.24555555555556
"M",18,4.24555555555556
"F",26,4.24555555555556
"F",40,4.24583333333333
"M",62,4.24583333333333
"F",31,4.24583333333333
"M",44,4.24611111111111
"F",53,4.24638888888889
"M",29,4.24638888888889
"M",28,4.24638888888889
"M",28,4.24666666666667
"M",34,4.24694444444444
"F",49,4.24694444444444
"M",46,4.24694444444444
"M",27,4.24694444444444
"M",55,4.24694444444444
"F",50,4.24722222222222
"F",51,4.2475
"F",50,4.24777777777778
"F",43,4.24777777777778
"F",45,4.24777777777778
"F",33,4.24805555555556
"M",41,4.24833333333333
"M",27,4.24833333333333
"M",66,4.24833333333333
"M",45,4.24833333333333
"M",37,4.24861111111111
"M",54,4.24888888888889
"F",43,4.24888888888889
"M",42,4.24888888888889
"F",34,4.24888888888889
"F",35,4.24888888888889
"M",51,4.24916666666667
"M",45,4.24972222222222
"F",53,4.25027777777778
"F",45,4.25027777777778
"M",66,4.25027777777778
"F",28,4.25027777777778
"F",46,4.25027777777778
"F",56,4.25027777777778
"F",55,4.25027777777778
"M",39,4.25055555555556
"F",46,4.25083333333333
"F",31,4.25083333333333
"F",55,4.25138888888889
"F",50,4.25166666666667
"F",46,4.25166666666667
"M",50,4.25194444444444
"F",56,4.25194444444444
"F",48,4.25194444444444
"F",52,4.25194444444444
"F",40,4.25222222222222
"F",24,4.25222222222222
"F",57,4.2525
"M",40,4.2525
"M",27,4.2525
"F",27,4.25277777777778
"M",31,4.25277777777778
"F",25,4.25277777777778
"M",66,4.25305555555556
"F",38,4.25305555555556
"M",21,4.25333333333333
"F",24,4.25361111111111
"M",41,4.25361111111111
"M",60,4.25388888888889
"F",45,4.25416666666667
"F",55,4.25416666666667
"F",54,4.25416666666667
"M",54,4.25444444444444
"M",22,4.25444444444444
"F",28,4.25444444444444
"M",39,4.25472222222222
"F",45,4.25472222222222
"F",45,4.255
"M",37,4.255
"F",44,4.25527777777778
"F",48,4.25555555555556
"F",30,4.25555555555556
"F",48,4.25555555555556
"M",56,4.25666666666667
"M",42,4.25694444444444
"F",36,4.25722222222222
"F",41,4.25722222222222
"F",47,4.2575
"F",36,4.2575
"M",27,4.2575
"F",54,4.2575
"M",50,4.25777777777778
"F",58,4.25805555555556
"F",49,4.25805555555556
"M",37,4.25805555555556
"M",60,4.25833333333333
"F",36,4.25833333333333
"M",43,4.25861111111111
"M",67,4.25888888888889
"F",53,4.25888888888889
"M",30,4.25888888888889
"M",60,4.25888888888889
"M",59,4.25916666666667
"F",45,4.25916666666667
"M",36,4.25916666666667
"M",62,4.25972222222222
"F",48,4.25972222222222
"F",56,4.25972222222222
"F",48,4.25972222222222
"F",50,4.25972222222222
"M",57,4.25972222222222
"F",24,4.25972222222222
"M",60,4.26
"M",49,4.26
"F",48,4.26
"F",51,4.26027777777778
"F",40,4.26027777777778
"M",47,4.26027777777778
"F",36,4.26027777777778
"F",44,4.26083333333333
"M",57,4.26083333333333
"F",48,4.26111111111111
"F",35,4.26138888888889
"M",48,4.26166666666667
"F",51,4.26166666666667
"M",35,4.26194444444444
"F",50,4.26194444444444
"F",26,4.26222222222222
"F",52,4.26222222222222
"F",44,4.2625
"F",60,4.2625
"F",26,4.26277777777778
"M",41,4.26277777777778
"M",33,4.26277777777778
"F",46,4.26305555555556
"F",49,4.26305555555556
"M",38,4.26305555555556
"M",28,4.26305555555556
"F",23,4.26305555555556
"F",45,4.26333333333333
"M",45,4.26333333333333
"F",50,4.26333333333333
"F",25,4.26361111111111
"F",38,4.26361111111111
"F",50,4.26388888888889
"F",46,4.26388888888889
"F",33,4.26388888888889
"F",51,4.26416666666667
"F",54,4.26416666666667
"F",41,4.26416666666667
"M",31,4.26444444444444
"F",35,4.26472222222222
"M",53,4.26472222222222
"M",55,4.26472222222222
"F",38,4.265
"M",24,4.265
"M",62,4.265
"M",56,4.265
"M",32,4.26555555555556
"F",22,4.26555555555556
"F",42,4.26583333333333
"M",36,4.26583333333333
"F",45,4.26583333333333
"F",55,4.26583333333333
"F",51,4.26611111111111
"F",44,4.26611111111111
"M",37,4.26611111111111
"F",46,4.26611111111111
"F",49,4.26638888888889
"M",38,4.26638888888889
"M",61,4.26638888888889
"F",35,4.26666666666667
"F",45,4.26666666666667
"F",48,4.26694444444444
"M",45,4.26694444444444
"F",51,4.26722222222222
"F",32,4.2675
"M",60,4.26777777777778
"M",39,4.26777777777778
"F",42,4.26777777777778
"F",48,4.26805555555556
"F",47,4.26833333333333
"M",40,4.26833333333333
"M",59,4.26833333333333
"M",55,4.26888888888889
"M",39,4.26916666666667
"F",51,4.26916666666667
"F",40,4.26944444444444
"F",47,4.26944444444444
"F",60,4.26944444444444
"F",35,4.26972222222222
"F",48,4.26972222222222
"M",30,4.27027777777778
"F",44,4.27027777777778
"M",51,4.27027777777778
"F",45,4.27055555555556
"M",61,4.27055555555556
"F",26,4.27055555555556
"M",45,4.27083333333333
"F",47,4.27083333333333
"F",46,4.27111111111111
"F",51,4.27111111111111
"F",38,4.27138888888889
"M",20,4.27138888888889
"F",31,4.27138888888889
"M",30,4.27138888888889
"F",39,4.27138888888889
"M",29,4.27138888888889
"M",56,4.27222222222222
"M",42,4.27222222222222
"F",50,4.2725
"M",41,4.27277777777778
"M",61,4.27277777777778
"M",38,4.27277777777778
"M",30,4.27305555555556
"F",38,4.27305555555556
"M",26,4.27305555555556
"F",28,4.27305555555556
"M",43,4.27333333333333
"M",58,4.27333333333333
"M",27,4.27333333333333
"F",24,4.27361111111111
"F",24,4.27416666666667
"F",57,4.27444444444444
"F",42,4.27444444444444
"M",47,4.27444444444444
"F",50,4.27472222222222
"F",59,4.27472222222222
"F",41,4.27472222222222
"F",39,4.27472222222222
"M",66,4.27472222222222
"M",36,4.275
"M",40,4.275
"F",25,4.27555555555556
"M",56,4.27555555555556
"F",56,4.27583333333333
"F",51,4.27583333333333
"M",41,4.27583333333333
"M",42,4.27611111111111
"F",46,4.27611111111111
"F",27,4.27638888888889
"F",41,4.27638888888889
"F",56,4.27666666666667
"F",47,4.27666666666667
"M",63,4.27666666666667
"M",37,4.27666666666667
"F",48,4.27666666666667
"F",55,4.27694444444444
"M",55,4.27694444444444
"M",56,4.2775
"F",21,4.2775
"F",43,4.27777777777778
"M",48,4.27777777777778
"M",29,4.27805555555556
"F",45,4.27805555555556
"F",25,4.27805555555556
"F",31,4.27833333333333
"F",46,4.27861111111111
"F",27,4.27861111111111
"M",46,4.27916666666667
"F",40,4.27944444444444
"F",44,4.27972222222222
"F",43,4.28027777777778
"M",47,4.28027777777778
"M",41,4.28027777777778
"F",43,4.28027777777778
"M",56,4.28027777777778
"M",53,4.28055555555556
"M",60,4.28083333333333
"F",47,4.28111111111111
"F",46,4.28138888888889
"F",37,4.28138888888889
"F",49,4.28138888888889
"M",26,4.28166666666667
"M",25,4.28166666666667
"M",27,4.28166666666667
"M",26,4.28194444444444
"M",52,4.28194444444444
"M",60,4.28222222222222
"F",30,4.28222222222222
"M",52,4.28222222222222
"F",40,4.28222222222222
"F",47,4.2825
"F",35,4.2825
"F",47,4.28277777777778
"F",46,4.28277777777778
"F",28,4.28333333333333
"F",40,4.28333333333333
"F",35,4.28361111111111
"M",47,4.28416666666667
"M",51,4.28444444444444
"M",62,4.28444444444444
"F",45,4.28444444444444
"F",22,4.28472222222222
"F",45,4.28472222222222
"M",48,4.28472222222222
"F",45,4.28472222222222
"M",48,4.285
"M",41,4.28527777777778
"F",39,4.28527777777778
"M",34,4.28527777777778
"M",38,4.28527777777778
"F",24,4.28527777777778
"F",55,4.28555555555556
"F",29,4.28555555555556
"F",26,4.28583333333333
"F",19,4.28611111111111
"F",39,4.28638888888889
"F",57,4.28638888888889
"F",25,4.28694444444444
"M",54,4.28722222222222
"F",39,4.2875
"F",43,4.2875
"F",46,4.2875
"F",37,4.28805555555556
"F",28,4.28805555555556
"F",50,4.28833333333333
"M",30,4.28833333333333
"M",57,4.28861111111111
"M",47,4.28888888888889
"M",31,4.28888888888889
"M",31,4.28888888888889
"F",53,4.28888888888889
"F",25,4.28888888888889
"F",29,4.28916666666667
"M",33,4.28916666666667
"M",46,4.28916666666667
"F",33,4.28916666666667
"F",26,4.28916666666667
"M",35,4.28944444444444
"M",40,4.28944444444444
"M",47,4.28944444444444
"F",43,4.28944444444444
"M",45,4.28972222222222
"F",25,4.28972222222222
"F",46,4.28972222222222
"F",56,4.28972222222222
"F",50,4.29
"M",37,4.29
"M",23,4.29027777777778
"F",45,4.29027777777778
"F",30,4.29055555555556
"M",33,4.29055555555556
"F",52,4.29083333333333
"F",59,4.29083333333333
"M",60,4.29083333333333
"F",23,4.29111111111111
"M",62,4.29111111111111
"M",28,4.29111111111111
"F",46,4.29111111111111
"M",61,4.29111111111111
"M",29,4.29166666666667
"M",51,4.29194444444444
"F",50,4.29194444444444
"M",58,4.29222222222222
"F",49,4.29222222222222
"M",55,4.29222222222222
"F",47,4.29222222222222
"F",54,4.2925
"F",55,4.2925
"F",52,4.2925
"F",34,4.29277777777778
"M",42,4.29305555555556
"F",39,4.29305555555556
"M",55,4.29305555555556
"F",34,4.29305555555556
"F",24,4.29333333333333
"F",52,4.29333333333333
"F",42,4.29333333333333
"F",41,4.29333333333333
"M",51,4.29361111111111
"F",24,4.29361111111111
"M",32,4.29361111111111
"M",57,4.29361111111111
"F",45,4.29388888888889
"F",52,4.29388888888889
"M",39,4.29416666666667
"M",43,4.29444444444444
"F",40,4.29444444444444
"F",28,4.29472222222222
"M",38,4.29472222222222
"M",33,4.295
"M",65,4.295
"M",28,4.29527777777778
"F",51,4.29527777777778
"M",52,4.29527777777778
"M",32,4.29555555555556
"F",26,4.29555555555556
"F",42,4.29555555555556
"M",57,4.29555555555556
"M",62,4.29583333333333
"F",55,4.29583333333333
"F",43,4.29611111111111
"F",42,4.29638888888889
"F",45,4.29638888888889
"F",45,4.29666666666667
"M",45,4.29666666666667
"F",38,4.29666666666667
"F",45,4.29694444444444
"F",57,4.29694444444444
"M",61,4.29722222222222
"F",26,4.29722222222222
"F",29,4.2975
"F",50,4.2975
"M",62,4.2975
"M",25,4.29777777777778
"F",52,4.29805555555556
"F",37,4.29833333333333
"M",40,4.29833333333333
"M",55,4.29833333333333
"F",47,4.29861111111111
"F",60,4.29861111111111
"F",50,4.29888888888889
"F",50,4.29888888888889
"F",26,4.29888888888889
"F",22,4.29888888888889
"F",42,4.29888888888889
"F",42,4.29916666666667
"F",41,4.29916666666667
"F",45,4.29916666666667
"M",44,4.29916666666667
"M",55,4.29944444444444
"M",38,4.29972222222222
"F",38,4.29972222222222
"M",63,4.29972222222222
"F",44,4.3
"F",40,4.30027777777778
"F",46,4.30027777777778
"F",45,4.30027777777778
"F",38,4.30027777777778
"M",44,4.30027777777778
"F",32,4.30055555555556
"M",37,4.30055555555556
"M",58,4.30083333333333
"F",21,4.30111111111111
"M",43,4.30111111111111
"F",50,4.30138888888889
"F",32,4.30138888888889
"F",45,4.30138888888889
"M",49,4.30194444444444
"M",33,4.30194444444444
"F",47,4.30194444444444
"M",55,4.30222222222222
"F",49,4.30222222222222
"M",53,4.30222222222222
"M",57,4.30222222222222
"F",52,4.3025
"F",43,4.3025
"M",61,4.3025
"F",43,4.30277777777778
"M",55,4.30277777777778
"M",33,4.30305555555555
"F",48,4.30305555555555
"M",58,4.30333333333333
"M",41,4.30333333333333
"M",42,4.30361111111111
"M",35,4.30361111111111
"F",56,4.30388888888889
"M",48,4.30388888888889
"M",28,4.30416666666667
"M",51,4.30416666666667
"M",40,4.30416666666667
"F",45,4.30472222222222
"M",24,4.30472222222222
"F",40,4.305
"M",44,4.305
"F",37,4.305
"F",43,4.305
"M",68,4.30527777777778
"F",34,4.30527777777778
"F",53,4.30555555555556
"F",29,4.30583333333333
"F",50,4.30638888888889
"M",47,4.30638888888889
"F",39,4.30666666666667
"F",57,4.30666666666667
"F",25,4.30666666666667
"F",36,4.30666666666667
"F",26,4.30666666666667
"F",43,4.30694444444444
"M",61,4.30694444444444
"F",47,4.30694444444444
"M",59,4.30694444444444
"M",67,4.30694444444444
"M",58,4.30722222222222
"M",44,4.3075
"F",51,4.30777777777778
"F",48,4.30777777777778
"M",27,4.30777777777778
"M",30,4.30805555555556
"M",36,4.30833333333333
"M",40,4.30833333333333
"M",55,4.30861111111111
"F",39,4.30888888888889
"M",44,4.30888888888889
"F",42,4.30888888888889
"M",42,4.30888888888889
"M",44,4.30888888888889
"F",48,4.30888888888889
"M",48,4.30944444444444
"F",45,4.30944444444444
"F",31,4.30944444444444
"F",43,4.30972222222222
"M",28,4.30972222222222
"M",29,4.31
"F",44,4.31
"F",37,4.31
"M",60,4.31027777777778
"M",50,4.31027777777778
"F",34,4.31027777777778
"F",36,4.31027777777778
"F",52,4.31055555555556
"M",24,4.31055555555556
"F",43,4.31055555555556
"M",25,4.31055555555556
"F",46,4.31055555555556
"F",46,4.31083333333333
"F",46,4.31083333333333
"M",54,4.31083333333333
"F",49,4.31138888888889
"F",47,4.31138888888889
"F",31,4.31166666666667
"M",57,4.31194444444444
"F",47,4.31222222222222
"F",41,4.3125
"M",20,4.3125
"F",46,4.3125
"F",59,4.31277777777778
"M",37,4.31305555555556
"M",62,4.31333333333333
"M",54,4.31333333333333
"M",35,4.31361111111111
"F",55,4.31388888888889
"F",54,4.31388888888889
"M",27,4.31388888888889
"F",53,4.31416666666667
"F",43,4.31416666666667
"M",37,4.31416666666667
"F",50,4.31416666666667
"F",25,4.31444444444444
"F",44,4.31444444444444
"F",55,4.31472222222222
"F",46,4.31472222222222
"F",50,4.315
"F",49,4.31527777777778
"M",44,4.31555555555556
"M",52,4.31583333333333
"F",49,4.31583333333333
"M",46,4.31583333333333
"F",50,4.31583333333333
"F",29,4.31611111111111
"M",35,4.31611111111111
"M",68,4.31611111111111
"F",52,4.31638888888889
"M",67,4.31666666666667
"F",53,4.31666666666667
"F",50,4.31666666666667
"M",66,4.31666666666667
"F",26,4.31666666666667
"F",53,4.31694444444444
"M",61,4.31722222222222
"M",48,4.31722222222222
"F",48,4.31722222222222
"M",55,4.3175
"F",40,4.3175
"M",38,4.3175
"M",55,4.31777777777778
"F",42,4.31777777777778
"M",30,4.31777777777778
"F",43,4.31777777777778
"F",47,4.31805555555556
"M",57,4.31805555555556
"M",43,4.31805555555556
"M",50,4.31833333333333
"M",27,4.31861111111111
"F",43,4.31861111111111
"M",41,4.31944444444444
"F",23,4.31944444444444
"F",53,4.31944444444444
"F",33,4.32
"M",36,4.32
"F",40,4.32027777777778
"F",45,4.32027777777778
"F",45,4.32055555555556
"F",48,4.32055555555556
"F",38,4.32055555555556
"M",37,4.32055555555556
"F",36,4.32055555555556
"F",45,4.32083333333333
"F",54,4.32111111111111
"M",37,4.32111111111111
"F",45,4.32138888888889
"M",52,4.32194444444444
"F",28,4.32194444444444
"M",47,4.32194444444444
"F",44,4.32222222222222
"F",54,4.32222222222222
"F",44,4.32222222222222
"F",40,4.32222222222222
"M",61,4.32277777777778
"M",26,4.32277777777778
"F",27,4.32277777777778
"F",41,4.32277777777778
"F",45,4.32277777777778
"M",70,4.32277777777778
"F",26,4.32305555555556
"F",35,4.32305555555556
"F",32,4.32361111111111
"F",35,4.32388888888889
"F",46,4.32388888888889
"F",51,4.32416666666667
"M",32,4.32416666666667
"M",60,4.32416666666667
"M",33,4.32416666666667
"M",35,4.32416666666667
"F",21,4.32444444444444
"F",59,4.32472222222222
"M",31,4.32472222222222
"F",41,4.325
"M",31,4.325
"M",32,4.32527777777778
"F",30,4.32555555555555
"F",55,4.32555555555555
"M",24,4.32583333333333
"F",22,4.32583333333333
"F",40,4.32638888888889
"M",67,4.32666666666667
"F",47,4.32666666666667
"F",63,4.32666666666667
"M",22,4.32694444444444
"F",31,4.32694444444444
"F",28,4.32694444444444
"M",47,4.32722222222222
"M",61,4.3275
"M",60,4.3275
"M",46,4.3275
"F",46,4.32805555555556
"M",41,4.32805555555556
"F",27,4.32833333333333
"M",32,4.32833333333333
"M",37,4.32833333333333
"F",42,4.32833333333333
"F",31,4.32861111111111
"M",50,4.32861111111111
"M",49,4.32861111111111
"F",40,4.32861111111111
"F",27,4.32944444444444
"F",53,4.32972222222222
"M",61,4.32972222222222
"F",58,4.32972222222222
"M",30,4.33
"F",59,4.33027777777778
"M",74,4.33027777777778
"M",38,4.33027777777778
"F",26,4.33027777777778
"F",70,4.33027777777778
"F",40,4.33083333333333
"F",53,4.33111111111111
"F",43,4.33111111111111
"M",60,4.33111111111111
"F",43,4.33111111111111
"M",60,4.33138888888889
"F",45,4.33138888888889
"M",35,4.33138888888889
"F",38,4.33138888888889
"M",49,4.33166666666667
"F",54,4.33166666666667
"F",27,4.33166666666667
"F",38,4.33222222222222
"M",30,4.33222222222222
"M",42,4.33222222222222
"F",45,4.33222222222222
"M",29,4.33277777777778
"M",61,4.33277777777778
"F",25,4.33305555555556
"M",48,4.33333333333333
"M",49,4.33333333333333
"F",49,4.33361111111111
"M",62,4.33361111111111
"F",46,4.33361111111111
"M",47,4.33361111111111
"F",50,4.33388888888889
"F",23,4.33388888888889
"F",45,4.33416666666667
"M",39,4.33472222222222
"F",29,4.335
"F",35,4.33527777777778
"M",66,4.33527777777778
"F",35,4.33527777777778
"M",54,4.33527777777778
"M",29,4.33527777777778
"F",47,4.33555555555556
"M",42,4.33583333333333
"F",39,4.33583333333333
"M",38,4.33583333333333
"M",28,4.33611111111111
"M",40,4.33611111111111
"F",34,4.33611111111111
"M",53,4.33611111111111
"F",32,4.33666666666667
"M",50,4.33666666666667
"M",28,4.33694444444444
"F",29,4.33694444444444
"M",23,4.33694444444444
"F",28,4.33694444444444
"M",39,4.33722222222222
"F",37,4.33722222222222
"F",52,4.33722222222222
"F",47,4.33722222222222
"M",45,4.3375
"M",33,4.33777777777778
"M",52,4.33777777777778
"F",29,4.33777777777778
"M",41,4.33805555555556
"M",60,4.33805555555556
"F",46,4.33805555555556
"M",61,4.33861111111111
"F",49,4.33916666666667
"F",45,4.33916666666667
"M",60,4.33916666666667
"M",37,4.33944444444444
"M",62,4.33944444444444
"M",54,4.33944444444444
"F",28,4.33972222222222
"F",25,4.33972222222222
"F",45,4.34
"F",58,4.34027777777778
"M",58,4.34055555555556
"M",36,4.34083333333333
"M",51,4.34083333333333
"F",46,4.34083333333333
"F",52,4.34083333333333
"M",65,4.34083333333333
"F",52,4.34111111111111
"F",50,4.34111111111111
"M",43,4.34138888888889
"F",35,4.34138888888889
"F",55,4.34166666666667
"F",58,4.34194444444444
"M",67,4.34194444444444
"F",31,4.34222222222222
"M",47,4.34222222222222
"F",40,4.3425
"F",47,4.34305555555556
"F",51,4.34305555555556
"F",24,4.34333333333333
"M",39,4.34333333333333
"M",50,4.34333333333333
"M",32,4.34333333333333
"M",23,4.34361111111111
"M",63,4.34388888888889
"M",50,4.34388888888889
"M",42,4.34444444444444
"M",43,4.34472222222222
"M",24,4.34527777777778
"M",51,4.34527777777778
"F",58,4.34555555555556
"F",41,4.34555555555556
"F",41,4.34583333333333
"F",48,4.34583333333333
"F",44,4.34611111111111
"M",60,4.34611111111111
"M",30,4.34611111111111
"F",24,4.34638888888889
"F",45,4.34666666666667
"M",32,4.34666666666667
"F",37,4.34666666666667
"M",50,4.34666666666667
"F",58,4.34694444444444
"M",69,4.34694444444444
"M",50,4.34694444444444
"F",32,4.34722222222222
"M",57,4.34722222222222
"M",33,4.34722222222222
"F",53,4.3475
"F",63,4.34805555555555
"M",44,4.34805555555555
"M",38,4.34805555555555
"F",34,4.34833333333333
"M",43,4.34833333333333
"M",51,4.34861111111111
"M",51,4.34861111111111
"F",28,4.34888888888889
"F",37,4.34888888888889
"F",50,4.34888888888889
"M",27,4.34916666666667
"F",52,4.34916666666667
"M",36,4.34972222222222
"F",42,4.34972222222222
"M",52,4.34972222222222
"M",60,4.34972222222222
"M",44,4.35
"M",49,4.35027777777778
"M",45,4.35027777777778
"M",27,4.35055555555556
"F",43,4.35055555555556
"F",30,4.35083333333333
"F",55,4.35138888888889
"F",26,4.35166666666667
"F",36,4.35194444444444
"F",47,4.35222222222222
"M",58,4.35222222222222
"M",48,4.35222222222222
"F",30,4.3525
"M",39,4.35277777777778
"M",40,4.35277777777778
"F",31,4.35277777777778
"M",29,4.35277777777778
"M",50,4.35305555555555
"M",52,4.35305555555555
"M",42,4.35305555555555
"M",35,4.35305555555555
"F",42,4.35333333333333
"M",38,4.35333333333333
"F",56,4.35333333333333
"F",36,4.35361111111111
"F",47,4.35388888888889
"F",50,4.35416666666667
"F",33,4.35444444444444
"F",48,4.35444444444444
"M",39,4.35472222222222
"M",33,4.355
"F",40,4.355
"F",50,4.35527777777778
"F",30,4.35527777777778
"F",44,4.35527777777778
"F",25,4.35555555555556
"M",27,4.35555555555556
"M",65,4.35555555555556
"M",25,4.35555555555556
"M",37,4.35583333333333
"M",63,4.35611111111111
"F",41,4.35611111111111
"F",45,4.35611111111111
"F",34,4.35666666666667
"F",24,4.35666666666667
"F",34,4.35666666666667
"F",27,4.35694444444444
"F",48,4.35694444444444
"M",61,4.35722222222222
"M",45,4.35805555555556
"M",45,4.35833333333333
"M",42,4.35833333333333
"F",27,4.35833333333333
"M",45,4.35833333333333
"F",47,4.35833333333333
"M",25,4.35861111111111
"M",44,4.35861111111111
"F",28,4.35861111111111
"F",46,4.35861111111111
"F",47,4.35888888888889
"M",61,4.35888888888889
"F",26,4.35916666666667
"M",31,4.35916666666667
"M",69,4.35944444444444
"M",47,4.35944444444444
"M",42,4.35972222222222
"F",26,4.36
"M",52,4.36
"M",34,4.36055555555556
"F",27,4.36055555555556
"M",38,4.36055555555556
"M",54,4.36055555555556
"M",50,4.36055555555556
"F",26,4.36083333333333
"F",42,4.36083333333333
"F",43,4.36138888888889
"F",38,4.36138888888889
"M",40,4.36138888888889
"M",63,4.36138888888889
"F",38,4.36166666666667
"F",45,4.36166666666667
"F",39,4.36194444444444
"M",38,4.36222222222222
"F",46,4.36222222222222
"F",47,4.3625
"M",61,4.3625
"M",45,4.3625
"M",62,4.3625
"M",60,4.36277777777778
"F",24,4.36277777777778
"F",45,4.36305555555556
"F",31,4.36305555555556
"M",38,4.36361111111111
"M",32,4.36361111111111
"F",48,4.36388888888889
"M",52,4.36388888888889
"M",36,4.36388888888889
"M",73,4.36416666666667
"M",40,4.36416666666667
"M",36,4.36416666666667
"M",59,4.36416666666667
"M",40,4.36416666666667
"M",39,4.36416666666667
"M",41,4.36416666666667
"F",52,4.36444444444444
"F",47,4.36444444444444
"F",50,4.36444444444444
"F",41,4.365
"M",54,4.365
"M",29,4.365
"F",57,4.365
"M",45,4.365
"F",47,4.36527777777778
"M",40,4.36527777777778
"M",40,4.36527777777778
"F",50,4.36527777777778
"M",60,4.36583333333333
"M",55,4.36583333333333
"F",47,4.36583333333333
"F",30,4.36583333333333
"F",39,4.36611111111111
"M",32,4.36611111111111
"M",32,4.36611111111111
"F",40,4.36638888888889
"F",40,4.36638888888889
"M",64,4.36638888888889
"F",49,4.36666666666667
"F",36,4.36666666666667
"M",65,4.36694444444444
"F",23,4.36694444444444
"F",20,4.36694444444444
"F",48,4.36722222222222
"M",29,4.36722222222222
"F",24,4.3675
"F",50,4.3675
"F",25,4.36777777777778
"F",49,4.36805555555556
"M",31,4.36805555555556
"F",50,4.36833333333333
"M",54,4.36833333333333
"M",28,4.36861111111111
"F",30,4.36861111111111
"M",49,4.36861111111111
"M",54,4.36861111111111
"F",40,4.36888888888889
"M",39,4.36916666666667
"F",48,4.37
"F",50,4.37027777777778
"F",33,4.37027777777778
"M",47,4.37083333333333
"F",34,4.37083333333333
"F",30,4.37111111111111
"F",34,4.37138888888889
"F",29,4.37166666666667
"F",31,4.37194444444444
"M",52,4.37194444444444
"F",67,4.37222222222222
"F",49,4.37222222222222
"M",25,3.08166666666667
"M",32,3.08166666666667
"M",41,3.08166666666667
"M",29,3.08194444444444
"M",24,3.08194444444444
"M",38,3.08222222222222
"M",45,3.08222222222222
"M",45,3.0825
"M",38,3.0825
"M",29,3.0825
"M",32,3.0825
"M",29,3.0825
"M",51,3.08277777777778
"M",20,3.08305555555556
"M",35,3.08305555555556
"M",40,3.08305555555556
"M",32,3.08333333333333
"M",63,3.08333333333333
"F",22,3.08361111111111
"M",37,3.08361111111111
"M",30,3.08361111111111
"M",44,3.08388888888889
"M",44,3.08416666666667
"M",44,3.08416666666667
"M",35,3.08444444444444
"M",46,3.08444444444444
"M",23,3.08444444444444
"M",40,3.08472222222222
"M",40,3.08472222222222
"M",40,3.08472222222222
"M",39,3.08472222222222
"M",35,3.08472222222222
"M",25,3.085
"M",31,3.08527777777778
"M",33,3.08527777777778
"M",28,3.08527777777778
"M",50,3.08555555555556
"M",31,3.08555555555556
"M",36,3.08583333333333
"M",52,3.08583333333333
"M",38,3.08583333333333
"M",46,3.08583333333333
"M",24,3.08583333333333
"M",37,3.08611111111111
"M",38,3.08666666666667
"M",53,3.08666666666667
"M",23,3.08694444444444
"M",31,3.08722222222222
"M",46,3.0875
"M",41,3.0875
"M",35,3.0875
"M",23,3.0875
"M",33,3.0875
"M",57,3.08777777777778
"M",44,3.08777777777778
"M",27,3.08805555555556
"M",28,3.08805555555556
"M",32,3.08833333333333
"M",24,3.08833333333333
"M",39,3.08861111111111
"M",37,3.08861111111111
"M",39,3.08861111111111
"M",29,3.08861111111111
"M",53,3.08861111111111
"M",43,3.08861111111111
"M",27,3.08861111111111
"M",47,3.08861111111111
"M",30,3.08888888888889
"M",35,3.08916666666667
"M",40,3.08916666666667
"M",30,3.08944444444444
"M",44,3.08972222222222
"M",37,3.08972222222222
"M",35,3.09
"M",38,3.09
"M",32,3.09
"M",35,3.09027777777778
"M",50,3.09027777777778
"M",56,3.09055555555556
"M",37,3.09055555555556
"M",28,3.09055555555556
"M",28,3.09055555555556
"M",43,3.09055555555556
"M",19,3.09083333333333
"F",40,3.09111111111111
"M",51,3.09111111111111
"M",42,3.09111111111111
"M",44,3.09138888888889
"F",40,3.09194444444444
"F",28,3.09194444444444
"M",38,3.09194444444444
"F",26,3.09222222222222
"M",27,3.09222222222222
"M",34,3.09222222222222
"M",24,3.09222222222222
"M",30,3.09222222222222
"F",32,3.0925
"M",43,3.0925
"M",47,3.0925
"M",33,3.0925
"F",39,4.37222222222222
"F",56,4.3725
"F",36,4.3725
"M",34,4.37277777777778
"F",63,4.37305555555556
"M",55,4.37305555555556
"M",55,4.37305555555556
"F",45,4.37333333333333
"M",42,4.37333333333333
"F",48,4.37361111111111
"M",60,4.37361111111111
"F",23,4.37361111111111
"M",29,4.37361111111111
"F",50,4.37388888888889
"M",66,4.37416666666667
"F",51,4.37416666666667
"M",56,4.37444444444444
"M",72,4.37444444444444
"F",24,4.37472222222222
"F",24,4.37472222222222
"F",48,4.375
"F",47,4.375
"M",66,4.37527777777778
"F",19,4.37527777777778
"M",56,4.37555555555555
"F",45,4.37583333333333
"F",33,4.37638888888889
"M",59,4.37666666666667
"F",47,4.37694444444444
"M",70,4.3775
"M",41,4.3775
"M",32,4.37777777777778
"M",56,4.37805555555556
"F",42,4.37805555555556
"F",46,4.37833333333333
"F",46,4.37833333333333
"M",51,4.37861111111111
"F",27,4.37861111111111
"F",35,4.37861111111111
"M",54,4.37888888888889
"M",52,4.37888888888889
"M",70,4.37916666666667
"F",25,4.37916666666667
"F",45,4.37916666666667
"F",50,4.37944444444444
"F",59,4.37944444444444
"F",60,4.37972222222222
"M",64,4.38
"M",44,4.38
"F",27,4.38083333333333
"F",46,4.38083333333333
"F",28,4.38111111111111
"F",40,4.38111111111111
"F",50,4.38138888888889
"F",55,4.38166666666667
"M",51,4.38166666666667
"F",51,4.38166666666667
"M",36,4.38166666666667
"F",48,4.38166666666667
"M",45,4.38166666666667
"M",41,4.38194444444444
"M",40,4.38194444444444
"M",42,4.38222222222222
"F",24,4.38222222222222
"F",53,4.3825
"F",53,4.38277777777778
"F",54,4.38277777777778
"M",60,4.38333333333333
"F",36,4.38333333333333
"M",69,4.38388888888889
"F",40,4.38388888888889
"M",52,4.38388888888889
"M",59,4.38444444444445
"M",30,4.38444444444445
"M",29,4.38472222222222
"F",48,4.385
"M",34,4.385
"F",58,4.38527777777778
"M",31,4.38527777777778
"M",57,4.38527777777778
"F",24,4.38527777777778
"F",47,4.38527777777778
"F",38,4.38527777777778
"F",50,4.38527777777778
"F",34,4.38555555555556
"M",46,4.38555555555556
"M",63,4.38583333333333
"M",61,4.38583333333333
"F",24,4.38583333333333
"F",35,4.38611111111111
"M",28,4.38638888888889
"M",23,4.38638888888889
"F",36,4.38638888888889
"F",49,4.38638888888889
"F",44,4.38638888888889
"M",57,4.38666666666667
"F",38,4.38666666666667
"F",48,4.38666666666667
"F",30,4.38666666666667
"F",28,4.38666666666667
"F",61,4.38694444444444
"F",54,4.38694444444444
"M",62,4.38805555555556
"F",58,4.38805555555556
"M",36,4.38833333333333
"F",56,4.38833333333333
"M",28,4.38833333333333
"F",39,4.38833333333333
"F",40,4.38861111111111
"M",36,4.38861111111111
"M",50,4.38888888888889
"F",56,4.38888888888889
"M",37,4.38916666666667
"M",35,4.38916666666667
"F",56,4.38916666666667
"F",48,4.38944444444444
"F",54,4.38944444444444
"M",45,4.38972222222222
"M",40,4.38972222222222
"F",49,4.39
"F",51,4.39
"M",70,4.39
"F",24,4.39
"M",46,4.39027777777778
"F",44,4.39055555555556
"F",28,4.39111111111111
"M",41,4.39166666666667
"M",40,4.39166666666667
"M",50,4.39222222222222
"M",24,4.39222222222222
"F",40,4.39222222222222
"M",24,4.39222222222222
"F",42,4.3925
"F",30,4.3925
"M",46,4.39277777777778
"M",43,4.39277777777778
"F",50,4.39277777777778
"M",44,4.39305555555556
"F",47,4.39305555555556
"M",34,4.39305555555556
"M",53,4.39333333333333
"F",45,4.39361111111111
"F",42,4.39361111111111
"M",55,4.39416666666667
"M",66,4.39472222222222
"F",45,4.39527777777778
"F",40,4.39527777777778
"F",48,4.39527777777778
"M",28,4.39527777777778
"M",32,4.39555555555556
"M",60,4.39555555555556
"M",58,4.39583333333333
"F",51,4.39583333333333
"F",53,4.39611111111111
"F",50,4.39638888888889
"M",23,4.39666666666667
"F",50,4.39694444444445
"M",49,4.39694444444445
"M",35,4.39722222222222
"F",45,4.39722222222222
"M",52,4.39722222222222
"F",56,4.3975
"M",41,4.39777777777778
"M",60,4.39777777777778
"M",60,4.39777777777778
"F",54,4.39805555555556
"M",51,4.39805555555556
"F",50,4.39805555555556
"F",26,4.39805555555556
"M",28,4.39833333333333
"M",55,4.39888888888889
"F",62,4.39888888888889
"F",38,4.39888888888889
"M",58,4.39916666666667
"F",44,4.39916666666667
"F",45,4.39944444444444
"M",47,4.39972222222222
"M",35,4.39972222222222
"F",46,4.39972222222222
"M",23,4.4
"F",25,4.4
"M",41,4.40027777777778
"F",29,4.40055555555556
"F",27,4.40055555555556
"F",39,4.40055555555556
"F",26,4.40055555555556
"M",67,4.40055555555556
"M",51,4.40083333333333
"M",59,4.40083333333333
"F",52,4.40111111111111
"F",45,4.40111111111111
"M",56,4.40111111111111
"F",40,4.40138888888889
"F",26,4.40138888888889
"M",60,4.40138888888889
"F",45,4.40166666666667
"F",57,4.40166666666667
"F",67,4.40166666666667
"M",42,4.40222222222222
"M",49,4.40222222222222
"M",36,4.40222222222222
"F",55,4.4025
"M",54,4.4025
"F",27,4.4025
"F",36,4.40277777777778
"F",55,4.40305555555556
"M",66,4.40305555555556
"F",40,4.40305555555556
"M",61,4.40305555555556
"F",26,4.40305555555556
"F",45,4.40305555555556
"F",55,4.40305555555556
"M",50,4.40333333333333
"M",37,4.40361111111111
"F",40,4.40361111111111
"M",61,4.40416666666667
"M",22,4.40444444444444
"M",19,4.40444444444444
"F",46,4.40472222222222
"M",41,4.40472222222222
"M",35,4.405
"F",32,4.40527777777778
"F",34,4.40527777777778
"F",54,4.40527777777778
"F",26,4.40527777777778
"F",31,4.40583333333333
"F",48,4.40583333333333
"F",44,4.40583333333333
"M",61,4.40583333333333
"F",22,4.40583333333333
"M",31,4.40638888888889
"F",26,4.40666666666667
"M",24,4.40694444444444
"F",26,4.40722222222222
"M",60,4.40722222222222
"M",55,4.40722222222222
"F",53,4.40722222222222
"M",26,4.4075
"M",51,4.4075
"F",45,4.4075
"F",42,4.4075
"F",23,4.40805555555556
"M",64,4.40861111111111
"M",55,4.40861111111111
"F",46,4.40916666666667
"F",26,4.40944444444444
"M",73,4.40972222222222
"F",30,4.41
"M",29,4.41
"F",46,4.41
"F",54,4.41027777777778
"F",32,4.41055555555556
"F",45,4.41055555555556
"M",55,4.41083333333333
"F",37,4.41083333333333
"M",47,4.41111111111111
"M",56,4.41111111111111
"M",36,4.41138888888889
"F",60,4.41138888888889
"F",30,4.41138888888889
"F",49,4.41138888888889
"F",45,4.41194444444444
"F",26,4.41194444444444
"F",37,4.41194444444444
"F",53,4.41194444444444
"F",55,4.4125
"M",35,4.4125
"M",29,4.41277777777778
"F",25,4.41277777777778
"F",39,4.41277777777778
"F",60,4.41305555555556
"F",26,4.41305555555556
"M",44,4.41333333333333
"F",46,4.41333333333333
"M",54,4.41361111111111
"F",57,4.41388888888889
"F",43,4.41388888888889
"M",32,4.41388888888889
"F",52,4.41388888888889
"F",53,4.41416666666667
"F",29,4.41472222222222
"F",41,4.41472222222222
"M",29,4.41472222222222
"M",34,4.41527777777778
"M",40,4.41555555555556
"M",58,4.41555555555556
"M",23,4.41555555555556
"M",36,4.41555555555556
"M",70,4.41611111111111
"M",44,4.41638888888889
"M",33,4.41722222222222
"F",38,4.41722222222222
"M",27,4.41722222222222
"M",29,4.4175
"M",42,4.41833333333333
"M",35,4.41861111111111
"M",49,4.41861111111111
"F",58,4.41888888888889
"M",63,4.41888888888889
"F",55,4.41888888888889
"M",42,4.41888888888889
"M",55,4.41916666666667
"F",61,4.41916666666667
"F",29,4.41944444444445
"F",43,4.41944444444445
"M",58,4.41972222222222
"F",43,4.41972222222222
"F",22,4.41972222222222
"F",22,4.41972222222222
"F",27,4.41972222222222
"M",48,4.42
"M",43,4.42027777777778
"F",39,4.42027777777778
"F",68,4.42055555555556
"M",66,4.42055555555556
"M",64,4.42055555555556
"F",53,4.42055555555556
"M",47,4.42083333333333
"F",35,4.42111111111111
"F",22,4.42111111111111
"M",51,4.42111111111111
"F",39,4.42138888888889
"M",41,4.42138888888889
"F",52,4.42166666666667
"F",20,4.42194444444444
"M",43,4.42222222222222
"F",46,4.42277777777778
"M",61,4.42305555555556
"F",51,4.42305555555556
"M",60,4.42333333333333
"F",27,4.42333333333333
"M",58,4.42388888888889
"M",23,4.42388888888889
"F",28,4.42416666666667
"M",44,4.42416666666667
"M",69,4.42444444444445
"F",22,4.42444444444445
"F",22,4.42472222222222
"F",40,4.425
"F",57,4.425
"M",62,4.425
"M",33,4.42527777777778
"F",60,4.42527777777778
"F",38,4.42527777777778
"M",31,4.42527777777778
"M",39,4.42555555555556
"F",48,4.42555555555556
"F",24,4.42555555555556
"M",28,4.42555555555556
"F",26,4.42555555555556
"F",26,4.42555555555556
"F",54,4.42583333333333
"F",44,4.42583333333333
"M",63,4.42583333333333
"F",40,4.42611111111111
"M",52,4.42611111111111
"M",36,4.42638888888889
"M",57,4.42666666666667
"F",28,4.42666666666667
"M",56,4.42694444444444
"M",46,4.42694444444444
"M",67,4.4275
"M",49,4.4275
"M",49,4.4275
"M",64,4.42777777777778
"M",30,4.42805555555556
"F",57,4.42805555555556
"M",41,4.42805555555556
"F",46,4.42805555555556
"M",47,4.42833333333333
"F",44,4.42833333333333
"M",48,4.42833333333333
"F",33,4.42861111111111
"M",33,4.42888888888889
"F",41,4.42916666666667
"F",47,4.42916666666667
"F",44,4.42972222222222
"F",31,4.43
"F",25,4.43
"M",29,4.43027777777778
"M",47,4.43027777777778
"F",38,4.43055555555556
"F",40,4.43055555555556
"F",46,4.43083333333333
"M",71,4.43111111111111
"M",40,4.43111111111111
"F",47,4.43138888888889
"F",37,4.43138888888889
"F",37,4.43166666666667
"F",48,4.43194444444444
"F",43,4.43194444444444
"M",49,4.43222222222222
"M",45,4.43222222222222
"F",55,4.4325
"M",47,4.4325
"F",33,4.43277777777778
"F",50,4.43388888888889
"F",57,4.43388888888889
"F",36,4.43444444444444
"F",44,4.43472222222222
"F",49,4.435
"M",49,4.43555555555556
"F",28,4.43555555555556
"M",62,4.43555555555556
"F",24,4.43583333333333
"F",43,4.43611111111111
"M",31,4.43611111111111
"F",37,4.43638888888889
"M",53,4.43638888888889
"M",47,4.43638888888889
"F",42,4.43666666666667
"M",61,4.43694444444444
"F",46,4.43694444444444
"M",39,4.43722222222222
"F",27,4.4375
"F",37,4.43777777777778
"M",28,4.43777777777778
"F",39,4.43805555555556
"F",58,4.43833333333333
"F",23,4.43833333333333
"M",50,4.43833333333333
"M",23,4.43861111111111
"F",23,4.43888888888889
"M",39,4.43888888888889
"F",31,4.43916666666667
"F",51,4.43944444444444
"F",34,4.43972222222222
"F",36,4.44055555555556
"M",55,4.44055555555556
"M",57,4.44083333333333
"F",47,4.44111111111111
"F",24,4.44111111111111
"M",64,4.44138888888889
"M",41,4.44138888888889
"M",45,4.44138888888889
"M",46,4.44138888888889
"F",54,4.44166666666667
"F",28,4.44166666666667
"M",60,4.44194444444444
"F",25,4.44194444444444
"F",34,4.44194444444444
"F",29,4.44222222222222
"M",30,4.44222222222222
"F",24,4.44222222222222
"F",45,4.4425
"F",49,4.44305555555556
"M",51,4.44333333333333
"M",59,4.44333333333333
"F",24,4.44361111111111
"F",30,4.44388888888889
"M",63,4.44388888888889
"F",21,4.44388888888889
"F",22,4.44388888888889
"M",64,4.44388888888889
"F",31,4.44416666666667
"F",40,4.44416666666667
"F",44,4.44444444444444
"M",51,4.44472222222222
"M",70,4.44527777777778
"F",23,4.44555555555556
"M",44,4.44583333333333
"F",42,4.44583333333333
"F",48,4.44611111111111
"M",62,4.44638888888889
"F",42,4.44666666666667
"F",43,4.44694444444445
"M",47,4.44694444444445
"F",28,4.44722222222222
"F",47,4.4475
"M",25,4.4475
"M",69,4.44777777777778
"M",40,4.44777777777778
"M",38,4.44777777777778
"F",40,4.44805555555556
"F",41,4.44805555555556
"M",39,4.44805555555556
"F",32,4.44861111111111
"M",38,4.44888888888889
"M",49,4.44888888888889
"M",29,4.44888888888889
"M",31,4.44944444444444
"M",53,4.44944444444444
"F",39,4.44972222222222
"M",60,4.44972222222222
"M",35,4.45
"M",36,4.45027777777778
"F",30,4.45027777777778
"F",58,4.45027777777778
"F",53,4.45055555555556
"F",31,4.45083333333333
"F",39,4.45111111111111
"F",61,4.45111111111111
"M",43,4.45111111111111
"M",28,4.45138888888889
"F",70,4.45138888888889
"F",56,4.45138888888889
"F",26,4.45166666666667
"M",29,4.45194444444444
"M",32,4.45222222222222
"F",45,4.45222222222222
"F",51,4.4525
"F",36,4.45277777777778
"F",54,4.45277777777778
"F",55,4.45305555555556
"F",43,4.45333333333333
"M",52,4.45333333333333
"F",41,4.45333333333333
"F",48,4.45361111111111
"F",44,4.45361111111111
"F",49,4.45361111111111
"F",21,4.45416666666667
"M",47,4.45416666666667
"F",48,4.45444444444444
"M",49,4.45444444444444
"M",25,4.45444444444444
"M",38,4.45444444444444
"F",46,4.45472222222222
"F",46,4.455
"F",49,4.45527777777778
"M",40,4.45583333333333
"F",54,4.45638888888889
"F",43,4.45666666666667
"M",65,4.45666666666667
"M",43,4.45694444444444
"M",60,4.45694444444444
"F",50,4.45694444444444
"M",18,4.45694444444444
"M",45,4.4575
"F",40,4.45833333333333
"F",41,4.45861111111111
"F",46,4.45861111111111
"M",53,4.45888888888889
"F",47,4.45916666666667
"M",46,4.45916666666667
"M",22,4.45944444444444
"M",65,4.46027777777778
"M",44,4.46027777777778
"F",35,4.46055555555556
"F",43,4.46055555555556
"F",35,4.46083333333333
"F",41,4.46083333333333
"M",28,4.46083333333333
"M",23,4.46111111111111
"F",40,4.46138888888889
"M",53,4.46166666666667
"F",61,4.46166666666667
"F",57,4.46222222222222
"F",51,4.46222222222222
"M",61,4.4625
"M",37,4.46333333333333
"F",40,4.46333333333333
"F",60,4.46361111111111
"F",55,4.46361111111111
"M",37,4.46361111111111
"F",46,4.46361111111111
"F",50,4.46416666666667
"F",36,4.465
"F",46,4.46527777777778
"M",55,4.46555555555556
"F",45,4.46555555555556
"F",44,4.46583333333333
"M",48,4.46583333333333
"F",42,4.46583333333333
"F",45,4.46611111111111
"M",30,4.46611111111111
"M",45,4.46611111111111
"M",35,4.46638888888889
"F",46,4.46638888888889
"M",52,4.46638888888889
"F",55,4.46638888888889
"F",60,4.46694444444444
"F",36,4.46694444444444
"M",30,4.46694444444444
"F",48,4.46694444444444
"F",49,4.46694444444444
"M",71,4.46722222222222
"F",46,4.46722222222222
"F",56,4.4675
"M",47,4.4675
"M",70,4.4675
"M",30,4.46805555555556
"M",44,4.46805555555556
"F",28,4.46805555555556
"M",26,4.46861111111111
"F",31,4.46888888888889
"F",35,4.46888888888889
"M",55,4.46888888888889
"F",61,4.46888888888889
"F",24,4.46916666666667
"F",23,4.46916666666667
"M",37,4.46916666666667
"M",31,4.46916666666667
"F",28,4.46916666666667
"M",29,4.46916666666667
"M",59,4.46944444444444
"M",48,4.46972222222222
"F",32,4.46972222222222
"F",29,4.46972222222222
"M",41,4.47
"F",40,4.47027777777778
"M",42,4.47027777777778
"M",43,4.47083333333333
"M",60,4.47111111111111
"M",61,4.47111111111111
"M",42,4.47138888888889
"F",51,4.47138888888889
"F",27,4.47166666666667
"F",49,4.47166666666667
"F",63,4.47222222222222
"F",24,4.4725
"M",45,4.4725
"F",23,4.4725
"F",50,4.47277777777778
"M",41,4.47305555555556
"M",20,4.47361111111111
"F",56,4.47388888888889
"F",51,4.47444444444444
"F",25,4.47444444444444
"F",33,4.47472222222222
"F",35,4.47472222222222
"F",40,4.47527777777778
"M",32,4.47555555555556
"F",37,4.47555555555556
"M",49,4.47555555555556
"F",46,4.47555555555556
"F",49,4.47583333333333
"F",57,4.47583333333333
"M",29,4.47583333333333
"F",28,4.47583333333333
"M",46,4.47583333333333
"M",28,4.47611111111111
"M",28,4.47611111111111
"F",67,4.47611111111111
"F",53,4.47611111111111
"F",35,4.47638888888889
"F",47,4.47638888888889
"M",28,4.47638888888889
"F",32,4.47666666666667
"M",33,4.47694444444444
"M",28,4.47722222222222
"M",56,4.47777777777778
"M",47,4.47777777777778
"M",68,4.47805555555556
"F",47,4.47861111111111
"F",29,4.47861111111111
"F",42,4.47861111111111
"M",60,4.47888888888889
"F",35,4.47888888888889
"M",20,4.47888888888889
"M",71,4.47916666666667
"M",60,4.47916666666667
"F",41,4.47944444444444
"M",70,4.47944444444444
"M",56,4.47944444444444
"F",39,4.47944444444444
"M",60,4.47972222222222
"F",39,4.48
"F",45,4.48
"F",39,4.48
"F",26,4.48027777777778
"M",55,4.48027777777778
"F",56,4.48027777777778
"M",48,4.48055555555556
"F",25,4.48055555555556
"M",58,4.48055555555556
"F",62,4.48055555555556
"F",37,4.48138888888889
"M",41,4.48222222222222
"M",43,4.48222222222222
"M",34,4.48222222222222
"M",49,4.48222222222222
"M",43,4.4825
"M",64,4.4825
"F",59,4.48277777777778
"M",28,4.48277777777778
"M",53,4.48305555555556
"F",50,4.48305555555556
"F",40,4.48333333333333
"F",45,4.48361111111111
"M",40,4.48416666666667
"M",58,4.48416666666667
"F",53,4.48444444444444
"M",32,4.48472222222222
"F",45,4.485
"M",45,4.485
"F",31,4.485
"M",64,4.48527777777778
"M",31,4.48527777777778
"F",43,4.48527777777778
"M",22,4.48555555555556
"M",50,4.48583333333333
"F",54,4.48611111111111
"F",56,4.48638888888889
"M",56,4.48666666666667
"M",32,4.48666666666667
"M",54,4.48666666666667
"M",35,4.48666666666667
"M",45,4.48666666666667
"F",45,4.48694444444444
"M",52,4.48694444444444
"M",29,4.48722222222222
"F",30,4.4875
"F",28,4.4875
"M",44,4.4875
"F",42,4.48805555555556
"M",39,4.48805555555556
"M",37,4.48833333333333
"M",35,4.48861111111111
"F",53,4.48861111111111
"F",49,4.48888888888889
"F",33,4.48888888888889
"F",55,4.48888888888889
"F",43,4.48916666666667
"F",45,4.48916666666667
"F",23,4.48944444444444
"F",48,4.48972222222222
"F",46,4.48972222222222
"F",56,4.49
"F",38,4.49
"M",41,4.49
"F",51,4.49027777777778
"M",29,4.49027777777778
"M",53,4.49111111111111
"M",71,4.49138888888889
"F",45,4.49138888888889
"F",41,4.49166666666667
"M",66,4.49166666666667
"M",70,4.49194444444444
"F",60,4.49222222222222
"F",30,4.49222222222222
"M",62,4.49222222222222
"M",38,4.49222222222222
"F",36,4.4925
"F",45,4.49305555555556
"M",43,4.49333333333333
"M",38,4.49361111111111
"F",29,4.49416666666667
"F",62,4.49444444444444
"F",49,4.49472222222222
"M",56,4.495
"M",31,4.49527777777778
"F",43,4.49583333333333
"M",42,4.49583333333333
"F",49,4.49583333333333
"M",45,4.49583333333333
"M",51,4.49694444444444
"F",40,4.49722222222222
"F",24,4.4975
"M",35,4.4975
"M",50,4.49777777777778
"F",56,4.49805555555556
"F",34,4.49861111111111
"F",45,4.49861111111111
"M",70,4.49861111111111
"M",46,4.49861111111111
"M",42,4.49861111111111
"M",51,4.49916666666667
"F",39,4.49916666666667
"F",33,4.49944444444444
"M",51,4.5
"F",44,4.50027777777778
"F",24,4.50055555555556
"F",26,4.50083333333333
"F",53,4.50083333333333
"M",66,4.50111111111111
"F",66,4.50138888888889
"M",27,4.50138888888889
"F",24,4.50138888888889
"M",52,4.50138888888889
"M",39,4.50138888888889
"M",38,4.50166666666667
"M",56,4.50166666666667
"M",42,4.50194444444444
"F",29,4.50194444444444
"M",29,4.50194444444444
"M",40,4.50194444444444
"M",29,4.50222222222222
"M",51,4.50222222222222
"F",53,4.50222222222222
"M",51,4.5025
"F",25,4.5025
"M",28,4.5025
"F",61,4.5025
"F",42,4.50277777777778
"F",37,4.50333333333333
"M",21,4.50361111111111
"M",22,4.50361111111111
"F",50,4.50361111111111
"M",60,4.50388888888889
"F",34,4.50388888888889
"M",54,4.50416666666667
"F",42,4.50416666666667
"F",55,4.50472222222222
"F",46,4.50472222222222
"M",44,4.50527777777778
"M",40,4.50611111111111
"F",29,4.50611111111111
"F",45,4.50638888888889
"F",49,4.50638888888889
"M",46,4.50694444444444
"M",39,4.50694444444444
"M",55,4.50722222222222
"F",44,4.5075
"M",48,4.50805555555556
"F",37,4.50833333333333
"M",45,4.50861111111111
"M",55,4.50861111111111
"M",22,4.50916666666667
"F",47,4.50916666666667
"M",20,4.50972222222222
"M",51,4.51
"M",47,4.51027777777778
"F",41,4.51027777777778
"F",33,4.51027777777778
"M",40,4.51027777777778
"M",49,4.51111111111111
"F",31,4.51138888888889
"F",67,4.51166666666667
"F",27,4.51166666666667
"F",51,4.51194444444444
"F",43,4.51222222222222
"M",48,4.51222222222222
"M",21,4.51222222222222
"F",46,4.5125
"M",59,4.5125
"M",21,4.5125
"F",46,4.51333333333333
"F",30,4.51333333333333
"M",31,4.51361111111111
"F",35,4.51361111111111
"M",70,4.51388888888889
"F",19,4.51388888888889
"M",28,4.51444444444444
"M",39,4.51444444444444
"M",26,4.51527777777778
"F",32,4.51527777777778
"F",51,4.51555555555556
"M",25,4.51555555555556
"M",33,4.51583333333333
"F",51,4.51611111111111
"F",42,4.51638888888889
"M",57,4.51666666666667
"F",46,4.51694444444444
"F",43,4.51722222222222
"M",49,4.51722222222222
"F",19,4.51777777777778
"F",27,4.51833333333333
"M",45,4.51861111111111
"F",21,4.51861111111111
"M",56,4.51888888888889
"M",42,4.51944444444444
"F",57,4.51972222222222
"M",35,4.51972222222222
"M",31,4.51972222222222
"M",22,4.51972222222222
"F",50,4.52
"M",56,4.52027777777778
"M",30,4.52027777777778
"F",32,4.52027777777778
"M",38,4.52055555555556
"F",25,4.52083333333333
"F",56,4.52083333333333
"F",56,4.52138888888889
"F",45,4.52138888888889
"F",33,4.52166666666667
"F",22,4.52194444444444
"F",50,4.52194444444444
"M",59,4.52222222222222
"M",31,4.5225
"M",65,4.52277777777778
"F",25,4.52277777777778
"F",52,4.52305555555556
"F",49,4.52333333333333
"F",43,4.52333333333333
"F",54,4.52388888888889
"F",32,4.52416666666667
"F",53,4.52416666666667
"M",60,4.52416666666667
"M",62,4.52444444444444
"F",49,4.52472222222222
"F",24,4.525
"F",29,4.525
"F",61,4.52527777777778
"F",27,4.52527777777778
"F",57,4.52583333333333
"F",42,4.52666666666667
"F",48,4.52666666666667
"M",45,4.52777777777778
"M",46,4.52777777777778
"M",62,4.52833333333333
"M",49,4.52861111111111
"F",54,4.52861111111111
"M",68,4.52861111111111
"M",57,4.52861111111111
"M",24,4.52888888888889
"M",43,4.52944444444444
"F",37,4.52944444444444
"M",58,4.52972222222222
"F",24,4.52972222222222
"F",31,4.52972222222222
"F",45,4.52972222222222
"M",54,4.53
"M",48,4.53
"M",26,4.53
"M",48,4.53027777777778
"F",40,4.53027777777778
"F",43,4.53027777777778
"M",55,4.53027777777778
"M",51,4.53055555555556
"F",26,4.53055555555556
"M",24,4.53083333333333
"M",53,4.53083333333333
"M",55,4.53083333333333
"F",25,4.53083333333333
"F",29,4.53111111111111
"M",61,4.53138888888889
"F",29,4.53138888888889
"F",32,4.53138888888889
"M",33,4.5325
"F",45,4.53305555555556
"F",36,4.53333333333333
"M",34,4.53333333333333
"F",61,4.53333333333333
"F",26,4.53361111111111
"F",32,4.53388888888889
"M",50,4.53444444444444
"F",29,4.53444444444444
"F",25,4.53472222222222
"M",43,4.535
"F",26,4.53527777777778
"F",60,4.53555555555556
"F",39,4.53583333333333
"M",33,4.53583333333333
"M",49,4.53583333333333
"M",42,4.53583333333333
"M",46,4.53611111111111
"M",49,4.53666666666667
"M",37,4.53694444444444
"F",60,4.53694444444444
"M",50,4.53722222222222
"F",56,4.53722222222222
"M",47,4.53722222222222
"F",56,4.5375
"F",20,4.5375
"F",20,4.53833333333333
"M",31,4.53861111111111
"F",46,4.53861111111111
"F",67,4.53861111111111
"M",40,4.53888888888889
"F",47,4.53916666666667
"M",33,4.53944444444444
"M",25,4.53944444444444
"M",38,4.53972222222222
"M",51,4.54
"M",38,4.54
"M",66,4.54
"M",70,4.54083333333333
"F",45,4.54083333333333
"F",39,4.54138888888889
"M",34,4.54166666666667
"M",54,4.54166666666667
"M",40,4.54166666666667
"M",50,4.54194444444444
"F",31,4.54222222222222
"F",45,4.54222222222222
"F",56,4.54277777777778
"M",52,4.54277777777778
"M",32,4.54305555555556
"F",50,4.54444444444444
"M",38,4.54444444444444
"M",36,4.54444444444444
"M",37,4.54444444444444
"F",48,4.545
"M",65,4.545
"M",60,4.54527777777778
"M",60,4.54527777777778
"F",28,4.54555555555556
"F",73,4.54555555555556
"F",33,4.54611111111111
"M",32,4.54611111111111
"M",56,4.54638888888889
"M",68,4.54666666666667
"F",62,4.54666666666667
"F",49,4.54694444444444
"M",52,4.5475
"F",27,4.5475
"M",35,4.54833333333333
"F",40,4.54833333333333
"F",28,4.54861111111111
"M",52,4.54888888888889
"M",27,4.54888888888889
"M",48,4.54888888888889
"M",45,4.54888888888889
"M",56,4.54916666666667
"F",52,4.54916666666667
"F",40,4.54916666666667
"F",24,4.54916666666667
"F",28,4.54944444444444
"F",42,4.54944444444444
"F",27,4.54972222222222
"M",22,2.68416666666667
"M",25,2.685
"F",32,2.68583333333333
"M",26,2.68638888888889
"M",24,2.6875
"M",35,2.68805555555556
"M",24,2.69083333333333
"M",26,2.69361111111111
"M",24,2.69388888888889
"M",42,2.69694444444444
"M",38,2.69777777777778
"M",23,2.7025
"M",30,2.70361111111111
"M",40,2.70416666666667
"M",23,2.70527777777778
"M",39,2.70583333333333
"M",40,2.70666666666667
"M",23,2.70694444444444
"M",24,2.70888888888889
"M",37,2.70944444444444
"M",22,2.71111111111111
"M",33,2.71111111111111
"M",23,2.71166666666667
"M",31,2.71166666666667
"M",26,2.71194444444444
"M",45,2.7125
"M",20,2.71777777777778
"M",22,2.71972222222222
"F",28,2.71972222222222
"M",31,2.71972222222222
"M",26,2.72083333333333
"M",29,2.72138888888889
"M",36,2.72277777777778
"M",26,2.72305555555556
"M",28,2.72305555555556
"M",26,2.72305555555556
"M",49,2.72361111111111
"M",41,2.72361111111111
"M",37,2.72472222222222
"M",34,2.72527777777778
"M",27,2.72583333333333
"M",51,2.72611111111111
"M",22,2.72638888888889
"M",35,2.7275
"M",27,2.72833333333333
"M",30,2.72833333333333
"M",27,2.72833333333333
"M",47,2.72888888888889
"M",38,2.72944444444444
"M",34,2.72972222222222
"M",26,2.73
"M",39,2.73222222222222
"M",38,2.7325
"M",39,2.7325
"M",21,2.73305555555556
"M",28,2.73416666666667
"M",39,2.735
"M",23,2.73527777777778
"M",38,2.73638888888889
"M",36,2.73694444444444
"M",31,2.73777777777778
"M",29,2.73777777777778
"F",40,2.73861111111111
"M",53,2.73972222222222
"M",31,2.74
"M",23,2.74055555555556
"M",36,2.74083333333333
"M",35,2.74361111111111
"M",37,2.745
"M",24,2.745
"M",22,2.74527777777778
"M",28,2.74611111111111
"M",23,2.7475
"M",27,2.7475
"M",44,2.74861111111111
"M",33,2.74972222222222
"M",30,2.75
"M",37,2.75055555555556
"M",45,2.75305555555556
"M",41,2.75361111111111
"M",38,2.75472222222222
"M",25,2.75472222222222
"M",45,2.75527777777778
"M",21,2.75611111111111
"M",22,2.75722222222222
"M",26,2.75833333333333
"M",24,2.76027777777778
"M",40,2.76111111111111
"M",28,2.76194444444444
"M",42,2.7625
"F",30,2.76277777777778
"M",27,2.76305555555556
"M",31,2.76333333333333
"M",24,2.76361111111111
"M",24,2.76361111111111
"M",34,2.76361111111111
"M",28,2.76444444444444
"M",26,2.765
"M",37,2.76527777777778
"M",38,2.76555555555556
"M",35,3.09277777777778
"M",40,3.09305555555556
"M",41,3.09305555555556
"M",37,3.09305555555556
"M",22,3.09333333333333
"M",35,3.09361111111111
"M",42,3.09361111111111
"M",31,3.09361111111111
"M",22,3.09416666666667
"M",49,3.09416666666667
"M",34,3.09444444444444
"M",26,3.09444444444444
"M",33,3.09444444444444
"M",39,3.09472222222222
"M",56,3.09472222222222
"M",45,3.09472222222222
"M",35,3.095
"M",46,3.095
"M",42,3.095
"M",36,3.09527777777778
"M",29,3.09527777777778
"M",36,3.09527777777778
"M",24,3.09527777777778
"M",19,3.09527777777778
"M",40,3.09555555555556
"M",60,3.09555555555556
"M",39,3.09583333333333
"M",42,3.09583333333333
"M",37,3.09583333333333
"M",27,3.09583333333333
"M",52,3.09611111111111
"M",33,3.09666666666667
"M",36,3.09694444444444
"M",24,3.09694444444444
"M",43,3.0975
"M",25,3.0975
"M",46,3.09777777777778
"M",31,3.09805555555556
"M",34,3.09833333333333
"M",46,3.09833333333333
"M",30,3.09833333333333
"F",28,3.09861111111111
"M",53,3.09861111111111
"M",29,3.09861111111111
"M",24,3.09888888888889
"M",36,3.09888888888889
"M",47,3.09916666666667
"M",30,3.09916666666667
"M",39,3.09944444444444
"M",45,3.09972222222222
"M",37,3.09972222222222
"M",25,3.09972222222222
"M",31,3.1
"M",38,3.10027777777778
"M",31,3.10055555555556
"M",30,3.10055555555556
"M",38,3.10055555555556
"M",49,3.10083333333333
"M",20,3.10111111111111
"M",40,3.10111111111111
"M",37,3.10138888888889
"M",49,3.10166666666667
"M",46,3.10166666666667
"M",23,3.10166666666667
"M",55,3.10166666666667
"M",31,3.10166666666667
"M",49,3.10194444444444
"M",38,3.10194444444444
"M",44,3.10194444444444
"M",48,3.10194444444444
"M",32,3.10222222222222
"M",27,3.10222222222222
"M",40,3.1025
"M",30,3.1025
"M",40,3.10277777777778
"M",24,3.10277777777778
"M",25,3.10305555555556
"M",42,3.10305555555556
"M",28,3.10305555555556
"M",47,3.10305555555556
"M",33,3.10305555555556
"M",23,3.10305555555556
"M",54,3.10305555555556
"M",23,3.10333333333333
"F",37,3.10333333333333
"M",32,3.10361111111111
"M",49,3.10361111111111
"M",38,3.10361111111111
"M",33,3.10388888888889
"M",28,3.10388888888889
"F",23,3.10388888888889
"M",22,3.10388888888889
"M",26,3.10416666666667
"M",40,3.10416666666667
"M",27,3.10444444444444
"M",23,3.10444444444444
"M",27,3.10444444444444
"M",27,3.10472222222222
"M",34,3.105
"M",31,3.105
"M",37,4.54972222222222
"M",56,4.55
"F",41,4.55
"M",38,4.55027777777778
"M",68,4.55027777777778
"F",34,4.55055555555556
"M",47,4.55055555555556
"F",28,4.55111111111111
"M",55,4.55111111111111
"M",41,4.55138888888889
"M",60,4.55138888888889
"F",53,4.55194444444444
"M",37,4.55194444444444
"F",46,4.55222222222222
"F",52,4.55222222222222
"M",25,4.5525
"F",25,4.5525
"F",24,4.5525
"M",32,4.55305555555555
"M",53,4.55361111111111
"F",50,4.55388888888889
"F",57,4.55416666666667
"M",39,4.55527777777778
"M",67,4.55555555555556
"F",40,4.55555555555556
"F",46,4.55666666666667
"F",47,4.55666666666667
"M",44,4.55666666666667
"M",35,4.55694444444444
"M",41,4.55694444444444
"M",26,4.55694444444444
"M",45,4.55722222222222
"F",34,4.5575
"F",36,4.55777777777778
"M",35,4.55805555555556
"M",51,4.55833333333333
"F",26,4.55833333333333
"F",30,4.55833333333333
"F",40,4.55916666666667
"M",62,4.55944444444444
"F",53,4.55944444444444
"M",54,4.55972222222222
"M",38,4.55972222222222
"F",41,4.55972222222222
"F",61,4.55972222222222
"F",43,4.56
"M",52,4.56
"F",23,4.56
"F",57,4.56
"F",28,4.56
"M",35,4.56027777777778
"M",55,4.56027777777778
"F",22,4.56027777777778
"M",59,4.56027777777778
"F",48,4.56111111111111
"M",40,4.56138888888889
"F",45,4.56138888888889
"F",40,4.56138888888889
"M",40,4.56138888888889
"F",22,4.56166666666667
"M",38,4.56222222222222
"F",29,4.56222222222222
"M",62,4.56222222222222
"M",46,4.56222222222222
"M",48,4.5625
"F",50,4.5625
"M",26,4.56333333333333
"M",44,4.56333333333333
"F",25,4.56333333333333
"F",59,4.56388888888889
"F",25,4.56416666666667
"F",26,4.56444444444444
"M",49,4.56444444444444
"M",68,4.56472222222222
"F",52,4.56472222222222
"F",25,4.565
"M",67,4.565
"F",46,4.56583333333333
"F",37,4.56583333333333
"M",50,4.56583333333333
"F",55,4.56666666666667
"M",46,4.56666666666667
"F",70,4.56666666666667
"M",57,4.56694444444444
"F",51,4.56722222222222
"F",65,4.56777777777778
"F",29,4.56805555555556
"F",22,4.56805555555556
"F",21,4.56805555555556
"F",40,4.56833333333333
"F",51,4.56916666666667
"M",37,4.56944444444444
"M",45,4.56972222222222
"F",24,4.57027777777778
"M",26,4.57027777777778
"F",45,4.57083333333333
"F",34,4.57111111111111
"M",45,4.57111111111111
"F",64,4.57111111111111
"F",30,4.57111111111111
"M",65,4.57166666666667
"M",62,4.57305555555556
"F",43,4.57305555555556
"F",54,4.57305555555556
"M",38,4.57361111111111
"F",56,4.57361111111111
"M",71,4.57416666666667
"F",35,4.57416666666667
"M",38,4.57444444444444
"F",28,4.57472222222222
"M",35,4.57472222222222
"F",60,4.57472222222222
"M",28,4.57472222222222
"F",32,4.575
"M",54,4.57527777777778
"F",50,4.57555555555555
"M",62,4.57555555555555
"F",42,4.57555555555555
"M",39,4.57583333333333
"F",46,4.57583333333333
"F",48,4.57611111111111
"M",27,4.57611111111111
"F",62,4.57611111111111
"F",58,4.57611111111111
"M",50,4.57638888888889
"M",48,4.57638888888889
"M",72,4.57638888888889
"M",46,4.57805555555556
"M",32,4.57805555555556
"M",70,4.57861111111111
"M",69,4.57888888888889
"M",51,4.57916666666667
"M",60,4.57916666666667
"M",39,4.57944444444444
"F",41,4.57944444444444
"M",36,4.58027777777778
"F",21,4.58083333333333
"F",72,4.58111111111111
"F",35,4.58166666666667
"M",50,4.58194444444444
"F",48,4.5825
"F",26,4.5825
"F",25,4.5825
"M",24,4.58305555555556
"F",44,4.58305555555556
"M",46,4.58305555555556
"M",36,4.58305555555556
"M",53,4.58333333333333
"F",48,4.58361111111111
"M",29,4.58444444444444
"M",44,4.585
"F",25,4.585
"M",30,4.58527777777778
"F",52,4.58527777777778
"F",55,4.58555555555556
"M",69,4.58555555555556
"M",59,4.58583333333333
"M",44,4.58611111111111
"F",46,4.58611111111111
"F",34,4.58638888888889
"M",59,4.58666666666667
"F",62,4.58666666666667
"M",33,4.58666666666667
"F",41,4.58666666666667
"F",24,4.58666666666667
"M",37,4.58666666666667
"M",40,4.58694444444444
"F",22,4.58694444444444
"M",32,4.58694444444444
"M",34,4.58694444444444
"M",30,4.58694444444444
"F",26,4.58722222222222
"F",40,4.58722222222222
"F",49,4.5875
"F",55,4.58805555555556
"M",23,4.58888888888889
"M",42,4.58888888888889
"M",29,4.58888888888889
"M",35,4.58916666666667
"M",54,4.58944444444444
"M",52,4.58944444444444
"M",49,4.59
"M",51,4.59027777777778
"M",40,4.59027777777778
"M",47,4.59055555555556
"M",61,4.59055555555556
"M",28,4.59138888888889
"F",27,4.59166666666667
"M",50,4.59166666666667
"M",54,4.59194444444444
"F",53,4.59222222222222
"F",45,4.59222222222222
"F",55,4.5925
"M",65,4.59277777777778
"M",38,4.59305555555556
"F",34,4.59305555555556
"M",48,4.59305555555556
"F",45,4.59333333333333
"F",39,4.59333333333333
"F",49,4.59361111111111
"F",27,4.59444444444444
"M",44,4.59472222222222
"F",34,4.59472222222222
"F",25,4.59555555555556
"M",38,4.59555555555556
"F",37,4.59583333333333
"F",34,4.59666666666667
"F",29,4.59666666666667
"F",32,4.5975
"F",56,4.5975
"M",34,4.5975
"F",55,4.59777777777778
"F",27,4.59805555555555
"M",27,4.59833333333333
"M",38,4.59861111111111
"M",30,4.59888888888889
"F",32,4.59916666666667
"F",25,4.59916666666667
"M",37,4.59944444444444
"M",34,4.60027777777778
"M",60,4.60055555555556
"F",59,4.60083333333333
"M",47,4.60138888888889
"F",40,4.60166666666667
"F",60,4.60166666666667
"F",47,4.60166666666667
"F",62,4.60194444444444
"M",53,4.60194444444444
"M",39,4.60222222222222
"F",50,4.60222222222222
"F",41,4.60222222222222
"M",49,4.6025
"M",37,4.6025
"F",53,4.60277777777778
"M",62,4.60277777777778
"M",43,4.60305555555555
"F",45,4.60388888888889
"F",54,4.60388888888889
"F",24,4.60444444444444
"M",33,4.60444444444444
"M",43,4.60472222222222
"F",32,4.60472222222222
"F",55,4.60472222222222
"M",32,4.605
"F",26,4.605
"F",30,4.60527777777778
"F",26,4.60527777777778
"M",72,4.60527777777778
"M",62,4.60555555555556
"F",46,4.60555555555556
"F",27,4.60583333333333
"M",34,4.60611111111111
"M",37,4.60611111111111
"M",27,4.60638888888889
"M",42,4.60694444444444
"M",41,4.60694444444444
"F",42,4.60694444444444
"M",30,4.60694444444444
"F",38,4.60694444444444
"M",28,4.60722222222222
"F",22,4.60722222222222
"M",42,4.6075
"F",65,4.6075
"F",43,4.60805555555556
"F",47,4.60805555555556
"M",60,4.60805555555556
"M",41,4.60805555555556
"M",28,4.60861111111111
"M",31,4.60861111111111
"M",50,4.60888888888889
"M",20,4.60888888888889
"F",44,4.60888888888889
"M",50,4.60944444444444
"F",32,4.60972222222222
"M",59,4.61
"M",56,4.61027777777778
"F",23,4.61027777777778
"M",47,4.61027777777778
"M",41,4.61027777777778
"F",50,4.61027777777778
"F",51,4.61055555555556
"F",37,4.61055555555556
"F",26,4.61055555555556
"F",22,4.61083333333333
"M",34,4.61083333333333
"F",43,4.61083333333333
"M",57,4.61083333333333
"M",70,4.61111111111111
"M",50,4.61111111111111
"M",35,4.61166666666667
"F",46,4.61222222222222
"F",45,4.6125
"M",57,4.61277777777778
"F",47,4.61277777777778
"M",55,4.61277777777778
"M",32,4.61277777777778
"F",40,4.61305555555556
"M",61,4.61305555555556
"M",47,4.61305555555556
"M",32,4.61361111111111
"M",55,4.61361111111111
"M",37,4.61388888888889
"M",45,4.61388888888889
"F",60,4.61416666666667
"F",30,4.61472222222222
"F",30,4.61472222222222
"F",28,4.61472222222222
"F",43,4.615
"F",64,4.615
"F",30,4.615
"M",39,4.615
"F",25,4.61527777777778
"M",49,4.61555555555555
"M",54,4.61555555555555
"F",50,4.61638888888889
"M",25,4.61666666666667
"F",49,4.61722222222222
"M",32,4.6175
"F",44,4.61777777777778
"M",36,4.61861111111111
"F",27,4.61888888888889
"F",36,4.61916666666667
"F",33,4.61944444444445
"M",31,4.61944444444445
"M",50,4.61972222222222
"F",36,4.62027777777778
"M",43,4.62027777777778
"M",62,4.62083333333333
"F",47,4.62138888888889
"M",29,4.62166666666667
"F",27,4.6225
"M",56,4.62305555555556
"F",62,4.62361111111111
"F",32,4.62416666666667
"M",54,4.62416666666667
"M",45,4.62472222222222
"M",61,4.625
"F",22,4.625
"F",42,4.625
"F",44,4.625
"F",30,4.62555555555556
"M",60,4.62583333333333
"F",50,4.62611111111111
"F",33,4.62611111111111
"F",25,4.62638888888889
"F",57,4.62722222222222
"M",62,4.6275
"F",31,4.6275
"F",28,4.62777777777778
"F",66,4.62805555555556
"M",41,4.62805555555556
"F",33,4.62833333333333
"F",49,4.62888888888889
"F",44,4.62916666666667
"F",25,4.62916666666667
"F",50,4.62944444444445
"F",38,4.62944444444445
"M",62,4.62944444444445
"F",45,4.62972222222222
"F",43,4.62972222222222
"F",28,4.63
"M",31,4.63055555555556
"M",50,4.63083333333333
"F",55,4.63111111111111
"F",30,4.63111111111111
"M",21,4.63111111111111
"F",28,4.63138888888889
"F",46,4.63166666666667
"F",45,4.63166666666667
"M",50,4.63166666666667
"F",51,4.63194444444444
"M",31,4.6325
"F",24,4.6325
"F",59,4.6325
"M",34,4.63305555555556
"F",33,4.63305555555556
"M",45,4.63333333333333
"F",29,4.63361111111111
"F",52,4.63416666666667
"M",40,4.63444444444444
"F",57,4.63444444444444
"M",45,4.635
"M",37,4.635
"F",26,4.635
"F",54,4.635
"M",54,4.63527777777778
"M",53,4.63527777777778
"M",56,4.63527777777778
"M",50,4.63555555555556
"F",39,4.63555555555556
"F",49,4.63555555555556
"M",32,4.63555555555556
"F",48,4.63583333333333
"F",25,4.63666666666667
"M",45,4.63722222222222
"F",29,4.63722222222222
"M",46,4.6375
"F",37,4.63777777777778
"F",39,4.63777777777778
"M",32,4.63777777777778
"F",24,4.63805555555555
"M",54,4.63833333333333
"F",56,4.63888888888889
"M",40,4.63944444444444
"M",50,4.63944444444444
"F",49,4.63972222222222
"F",38,4.63972222222222
"M",59,4.63972222222222
"F",40,4.63972222222222
"F",32,4.64
"M",37,4.64
"M",51,4.64
"F",61,4.64
"M",33,4.64027777777778
"F",29,4.64055555555556
"F",32,4.64083333333333
"M",34,4.64111111111111
"F",24,4.64111111111111
"F",38,4.64111111111111
"M",33,4.64138888888889
"M",27,4.64194444444444
"F",56,4.6425
"M",57,4.6425
"M",43,4.64277777777778
"F",49,4.64305555555555
"M",54,4.64333333333333
"M",39,4.64333333333333
"M",55,4.64361111111111
"F",24,4.64361111111111
"F",20,4.64361111111111
"M",42,4.64388888888889
"F",29,4.64388888888889
"F",35,4.64388888888889
"M",53,4.64444444444444
"F",29,4.64472222222222
"F",26,4.645
"F",38,4.645
"M",59,4.64527777777778
"M",44,4.64527777777778
"F",28,4.64527777777778
"F",35,4.64527777777778
"F",40,4.64555555555556
"F",39,4.64611111111111
"F",45,4.64611111111111
"M",33,4.64611111111111
"M",59,4.64611111111111
"M",46,4.64638888888889
"M",60,4.64666666666667
"F",23,4.64694444444444
"M",66,4.64722222222222
"M",36,4.6475
"F",56,4.64777777777778
"M",43,4.64805555555555
"F",66,4.64805555555555
"F",59,4.64805555555555
"F",48,4.64833333333333
"F",57,4.64861111111111
"M",33,4.64861111111111
"M",31,4.64861111111111
"M",45,4.64861111111111
"M",40,4.64916666666667
"F",41,4.64916666666667
"M",42,4.64944444444444
"M",27,4.64972222222222
"M",27,4.64972222222222
"F",37,4.65
"F",51,4.65
"M",18,4.65
"M",67,4.65027777777778
"F",26,4.65055555555556
"F",41,4.65055555555556
"M",24,4.65055555555556
"M",48,4.65083333333333
"F",27,4.65111111111111
"F",40,4.65111111111111
"F",46,4.65111111111111
"F",26,4.65138888888889
"M",56,4.65222222222222
"F",46,4.6525
"M",40,4.65277777777778
"M",52,4.65305555555556
"M",52,4.65333333333333
"F",35,4.65333333333333
"F",42,4.65361111111111
"M",49,4.65388888888889
"F",33,4.65416666666667
"F",57,4.65416666666667
"F",26,4.65416666666667
"F",29,4.65416666666667
"F",46,4.65444444444444
"F",29,4.65472222222222
"F",47,4.65472222222222
"F",30,4.65472222222222
"F",26,4.65472222222222
"F",45,4.655
"M",49,4.65527777777778
"M",46,4.65527777777778
"F",25,4.65555555555556
"F",23,4.65555555555556
"F",29,4.65555555555556
"M",35,4.65611111111111
"M",57,4.65638888888889
"F",46,4.65666666666667
"M",38,4.65694444444444
"F",41,4.65722222222222
"M",45,4.6575
"F",49,4.6575
"F",23,4.6575
"F",51,4.65777777777778
"M",50,4.65805555555556
"M",39,4.65833333333333
"M",46,4.65833333333333
"M",68,4.65833333333333
"M",63,4.65861111111111
"M",53,4.65944444444444
"F",52,4.65972222222222
"F",43,4.66
"F",30,4.66027777777778
"M",53,4.66027777777778
"M",33,4.66027777777778
"M",44,4.66027777777778
"F",45,4.66194444444444
"F",44,4.66194444444444
"M",46,4.6625
"F",35,4.66277777777778
"M",55,4.66333333333333
"M",60,4.66333333333333
"M",38,4.66333333333333
"M",43,4.66416666666667
"M",27,4.66416666666667
"M",44,4.66444444444444
"M",30,4.66472222222222
"M",46,4.66472222222222
"F",62,4.66472222222222
"F",46,4.66472222222222
"F",46,4.665
"M",32,4.665
"M",58,4.665
"M",32,4.665
"F",67,4.66555555555556
"F",57,4.66555555555556
"M",48,4.66583333333333
"M",50,4.66611111111111
"M",40,4.66638888888889
"M",58,4.66666666666667
"M",36,4.66666666666667
"F",27,4.66694444444444
"M",27,4.66694444444444
"M",35,4.66722222222222
"M",24,4.66722222222222
"F",31,4.6675
"F",51,4.66777777777778
"F",49,4.66805555555556
"F",21,4.66833333333333
"F",25,4.66833333333333
"F",26,4.66888888888889
"M",26,4.66888888888889
"F",24,4.66916666666667
"F",51,4.66944444444445
"F",67,4.66972222222222
"M",56,4.66972222222222
"F",33,4.66972222222222
"F",27,4.66972222222222
"M",61,4.67
"M",48,4.67
"M",48,4.67
"M",39,4.67055555555556
"F",54,4.67055555555556
"F",27,4.67083333333333
"F",45,4.67083333333333
"F",49,4.67083333333333
"M",46,4.67111111111111
"F",53,4.67111111111111
"F",25,4.67138888888889
"M",38,4.67138888888889
"M",31,4.67166666666667
"F",22,4.67166666666667
"F",42,4.67194444444444
"F",53,4.67194444444444
"M",48,4.67222222222222
"F",57,4.6725
"F",30,4.67277777777778
"M",52,4.67305555555556
"M",49,4.67305555555556
"M",44,4.67416666666667
"M",41,4.67444444444445
"F",61,4.67444444444445
"F",38,4.67472222222222
"F",26,4.675
"M",36,4.67527777777778
"M",57,4.67555555555556
"M",25,4.67638888888889
"M",40,4.67638888888889
"M",38,4.67722222222222
"F",56,4.67722222222222
"F",47,4.67777777777778
"M",41,4.67805555555556
"F",28,4.67805555555556
"F",51,4.67805555555556
"F",22,4.67833333333333
"M",32,4.67861111111111
"F",26,4.67861111111111
"F",25,4.67861111111111
"F",53,4.67888888888889
"M",56,4.67916666666667
"M",44,4.67944444444444
"M",56,4.67944444444444
"F",28,4.67944444444444
"M",49,4.67972222222222
"F",59,4.68027777777778
"M",53,4.68083333333333
"M",30,4.68111111111111
"F",31,4.68111111111111
"F",53,4.68138888888889
"M",66,4.68138888888889
"F",24,4.68166666666667
"F",41,4.6825
"F",48,4.6825
"M",52,4.68361111111111
"F",58,4.68388888888889
"F",42,4.68416666666667
"F",28,4.68416666666667
"M",37,4.68416666666667
"M",51,4.68527777777778
"F",28,4.68527777777778
"F",48,4.68583333333333
"F",49,4.68583333333333
"F",34,4.68638888888889
"M",62,4.68666666666667
"F",38,4.68861111111111
"F",35,4.68861111111111
"M",66,4.68916666666667
"M",39,4.68944444444444
"M",65,4.68972222222222
"F",54,4.68972222222222
"F",39,4.68972222222222
"M",62,4.69027777777778
"F",22,4.69027777777778
"M",34,4.69055555555556
"M",43,4.69055555555556
"M",40,4.69083333333333
"M",20,4.69083333333333
"M",49,4.69111111111111
"M",74,4.69138888888889
"F",46,4.69166666666667
"M",37,4.69222222222222
"M",33,4.69222222222222
"F",35,4.69277777777778
"F",40,4.69277777777778
"F",59,4.69333333333333
"F",25,4.69361111111111
"F",33,4.69388888888889
"M",50,4.69416666666667
"F",38,4.69416666666667
"M",30,4.69444444444444
"M",28,4.69444444444444
"M",29,4.69472222222222
"F",56,4.69472222222222
"M",42,4.695
"M",40,4.69527777777778
"M",43,4.69555555555556
"M",55,4.69611111111111
"F",24,4.69888888888889
"M",45,4.69888888888889
"F",44,4.69888888888889
"F",47,4.69888888888889
"F",67,4.69888888888889
"F",46,4.69916666666667
"F",30,4.70055555555556
"F",61,4.70111111111111
"F",23,4.70222222222222
"M",57,4.7025
"M",31,4.70277777777778
"M",65,4.70277777777778
"F",59,4.70305555555556
"F",25,4.70333333333333
"F",61,4.70333333333333
"F",37,4.70333333333333
"M",37,4.70361111111111
"F",22,4.70388888888889
"F",26,4.70388888888889
"M",68,4.70416666666667
"M",47,4.70444444444444
"M",36,4.70444444444444
"M",25,4.70472222222222
"F",36,4.70472222222222
"M",26,4.70527777777778
"M",58,4.70638888888889
"F",45,4.70638888888889
"F",41,4.70666666666667
"F",64,4.70694444444444
"F",22,4.70694444444444
"F",23,4.70694444444444
"M",38,4.70694444444444
"F",24,4.70722222222222
"M",63,4.7075
"M",58,4.7075
"F",43,4.70777777777778
"M",53,4.70777777777778
"M",36,4.70805555555556
"F",30,4.70805555555556
"F",46,4.70833333333333
"M",49,4.70833333333333
"M",49,4.70972222222222
"F",42,4.70972222222222
"F",26,4.71
"F",26,4.71
"F",65,4.71055555555556
"M",55,4.71055555555556
"F",25,4.71055555555556
"F",26,4.71111111111111
"M",61,4.71111111111111
"F",34,4.71111111111111
"M",61,4.71222222222222
"M",36,4.7125
"M",24,4.7125
"F",32,4.7125
"M",55,4.71388888888889
"F",60,4.71472222222222
"F",42,4.715
"M",33,4.715
"F",38,4.715
"F",38,4.71527777777778
"F",51,4.71527777777778
"M",49,4.71527777777778
"M",60,4.71527777777778
"F",36,4.71555555555556
"M",58,4.71583333333333
"M",37,4.71638888888889
"M",26,4.71638888888889
"M",23,4.71638888888889
"M",48,4.71694444444444
"F",29,4.71722222222222
"F",42,4.71722222222222
"M",49,4.7175
"F",23,4.7175
"M",66,4.7175
"F",30,4.7175
"F",29,4.71805555555556
"M",68,4.71805555555556
"M",71,4.71805555555556
"F",21,4.71833333333333
"M",49,4.71861111111111
"M",57,4.71888888888889
"M",36,4.72
"M",35,4.72055555555556
"M",35,4.72055555555556
"M",26,4.72111111111111
"F",25,4.72138888888889
"M",65,4.72138888888889
"M",57,4.72138888888889
"F",54,4.72222222222222
"F",46,4.7225
"M",37,4.72277777777778
"M",60,4.72277777777778
"M",67,4.72361111111111
"M",54,4.72388888888889
"M",48,4.72444444444444
"F",54,4.72444444444444
"M",28,4.72472222222222
"F",25,4.72472222222222
"M",49,4.72472222222222
"M",48,4.72472222222222
"F",45,4.725
"M",61,4.725
"M",33,4.72527777777778
"M",67,4.72527777777778
"M",42,4.72527777777778
"M",56,4.72555555555556
"M",32,4.72555555555556
"M",54,4.72611111111111
"M",43,4.72638888888889
"M",52,4.72638888888889
"F",58,4.72722222222222
"F",44,4.7275
"M",50,4.72777777777778
"F",32,4.72805555555556
"F",39,4.72833333333333
"M",50,4.72833333333333
"M",71,4.72861111111111
"F",42,4.72888888888889
"F",26,4.72916666666667
"M",46,4.72916666666667
"F",51,4.72944444444444
"M",61,4.72944444444444
"F",22,4.72944444444444
"F",26,4.72944444444444
"M",47,4.72972222222222
"M",42,4.72972222222222
"M",60,4.73027777777778
"F",45,4.73027777777778
"M",61,4.73027777777778
"M",70,4.73055555555556
"F",52,4.73055555555556
"F",42,4.73083333333333
"F",50,4.73083333333333
"M",28,4.73111111111111
"F",25,4.73111111111111
"F",49,4.73166666666667
"F",29,4.73222222222222
"M",62,4.7325
"F",36,4.7325
"M",43,4.73277777777778
"M",58,4.73277777777778
"F",25,4.73305555555556
"M",48,4.73305555555556
"M",41,4.73361111111111
"F",31,4.73361111111111
"F",55,4.73361111111111
"M",43,4.73416666666667
"M",42,4.73444444444444
"M",29,4.73472222222222
"M",42,4.73472222222222
"M",28,4.73527777777778
"F",24,4.73555555555556
"M",38,4.73555555555556
"M",38,4.73666666666667
"M",39,4.73666666666667
"F",40,4.73666666666667
"F",44,4.73694444444444
"F",38,4.73694444444444
"F",50,4.73722222222222
"F",30,4.73805555555556
"M",68,4.73805555555556
"M",37,4.73861111111111
"M",39,4.73888888888889
"M",34,4.73916666666667
"M",52,4.73944444444444
"F",45,4.74
"F",39,4.74027777777778
"M",33,4.74027777777778
"F",44,4.74027777777778
"M",49,4.74055555555556
"M",24,4.74111111111111
"F",54,4.74111111111111
"M",50,4.74111111111111
"M",26,4.74138888888889
"M",41,4.74138888888889
"M",57,4.74138888888889
"M",41,4.74222222222222
"M",46,4.74222222222222
"F",30,4.7425
"M",46,4.74333333333333
"M",36,4.74333333333333
"M",24,4.74361111111111
"M",70,4.74361111111111
"F",32,4.74416666666667
"F",59,4.74444444444444
"M",54,4.74444444444444
"F",62,4.74444444444444
"M",19,4.74472222222222
"M",50,4.74472222222222
"F",43,4.745
"F",42,4.745
"M",62,4.74555555555556
"F",55,4.74555555555556
"F",28,4.74611111111111
"F",47,4.74638888888889
"M",61,4.74666666666667
"M",32,4.7475
"M",65,4.7475
"F",50,4.74833333333333
"M",48,4.74888888888889
"M",50,4.74888888888889
"M",35,4.74916666666667
"M",67,4.74944444444444
"M",72,4.74944444444444
"M",41,4.74972222222222
"M",48,4.74972222222222
"F",26,4.75
"F",40,4.75027777777778
"M",44,4.75055555555556
"F",48,4.75055555555556
"F",26,4.75055555555556
"M",53,4.75138888888889
"M",43,4.75194444444444
"M",48,4.75194444444444
"M",56,4.7525
"M",63,4.75333333333333
"M",60,4.75388888888889
"M",25,4.75416666666667
"M",50,4.75444444444444
"F",56,4.75472222222222
"M",30,4.755
"M",47,4.75527777777778
"M",39,4.75527777777778
"M",41,4.75555555555556
"M",54,4.75583333333333
"M",56,4.75583333333333
"M",28,4.75583333333333
"F",38,4.75611111111111
"F",47,4.75611111111111
"F",24,4.75611111111111
"M",36,4.75638888888889
"M",43,4.75666666666667
"M",28,4.75666666666667
"F",27,4.75694444444444
"M",21,4.75722222222222
"F",24,4.75777777777778
"F",23,4.75805555555556
"F",30,4.75916666666667
"F",28,4.75916666666667
"M",61,4.75916666666667
"F",56,4.76027777777778
"M",40,4.76027777777778
"M",62,4.76055555555556
"F",44,4.76111111111111
"F",42,4.76111111111111
"M",33,4.76138888888889
"F",30,4.76138888888889
"M",47,4.76194444444444
"F",50,4.76222222222222
"F",24,4.76222222222222
"M",75,4.76333333333333
"M",39,4.76333333333333
"F",46,4.76361111111111
"M",25,4.76416666666667
"F",29,4.76416666666667
"F",31,4.76416666666667
"F",23,4.76444444444444
"F",23,4.76444444444444
"F",40,4.76472222222222
"M",34,4.76472222222222
"F",27,4.76472222222222
"M",48,4.765
"M",63,4.76555555555556
"M",41,4.76555555555556
"F",40,4.76555555555556
"F",55,4.76583333333333
"F",27,4.76611111111111
"M",42,4.76611111111111
"F",36,4.76638888888889
"F",29,4.76694444444444
"M",55,4.76722222222222
"F",61,4.76777777777778
"F",60,4.76861111111111
"M",29,4.76888888888889
"F",29,4.76888888888889
"F",26,4.76888888888889
"M",46,4.76916666666667
"M",74,4.76972222222222
"M",71,4.77
"F",26,4.77
"M",25,4.77
"M",51,4.77055555555556
"F",23,4.77083333333333
"F",22,4.77111111111111
"F",31,4.77111111111111
"M",55,4.77166666666667
"M",44,4.77194444444444
"F",50,4.77194444444444
"F",47,4.77222222222222
"M",26,4.7725
"M",30,4.7725
"F",45,4.77277777777778
"M",37,4.77277777777778
"F",63,4.77333333333333
"M",71,4.77388888888889
"F",20,4.77472222222222
"M",55,4.775
"M",24,4.77527777777778
"F",50,4.77583333333333
"M",45,4.77611111111111
"F",23,4.77611111111111
"M",21,4.77638888888889
"F",32,4.77694444444444
"M",36,4.77694444444444
"M",50,4.77694444444444
"M",54,4.77722222222222
"M",36,4.77805555555556
"M",50,4.77861111111111
"F",51,4.77861111111111
"M",36,4.77861111111111
"M",62,4.77861111111111
"M",29,4.77861111111111
"F",26,4.77888888888889
"M",38,4.77916666666667
"M",52,4.78
"F",28,4.78055555555556
"F",24,4.78055555555556
"F",25,4.78055555555556
"F",27,4.78055555555556
"M",52,4.78055555555556
"M",61,4.78055555555556
"F",44,4.78055555555556
"F",25,4.78083333333333
"F",52,4.78111111111111
"F",41,4.78111111111111
"M",62,4.78111111111111
"M",37,4.78138888888889
"F",24,4.78194444444444
"M",49,4.78222222222222
"F",36,4.7825
"F",26,4.7825
"M",49,4.78305555555556
"F",40,4.78305555555556
"F",48,4.78333333333333
"F",64,4.78361111111111
"M",36,4.78388888888889
"M",45,4.78388888888889
"M",40,3.105
"M",46,3.10527777777778
"M",50,3.10555555555556
"M",30,3.10555555555556
"M",31,3.10555555555556
"M",31,3.10555555555556
"F",35,3.10555555555556
"M",47,3.10583333333333
"M",39,3.10583333333333
"M",24,3.10583333333333
"M",38,3.10583333333333
"F",28,3.10611111111111
"M",47,3.10611111111111
"M",23,3.10611111111111
"M",41,3.10638888888889
"M",22,3.10638888888889
"M",36,3.10638888888889
"F",24,3.10638888888889
"M",33,3.10666666666667
"M",44,3.10666666666667
"M",43,3.10694444444444
"F",30,3.10722222222222
"M",28,3.10722222222222
"M",43,3.1075
"M",26,3.1075
"M",30,3.1075
"M",32,3.10777777777778
"M",46,3.10777777777778
"M",25,3.10777777777778
"M",29,3.10777777777778
"M",43,3.10777777777778
"M",24,3.10805555555556
"M",21,3.10805555555556
"F",36,3.10805555555556
"M",36,3.10833333333333
"M",42,3.10833333333333
"M",33,3.10833333333333
"M",26,3.10833333333333
"M",29,3.10861111111111
"M",24,3.10861111111111
"M",39,3.10861111111111
"M",28,3.10888888888889
"M",33,3.10888888888889
"M",41,3.10888888888889
"M",32,3.10888888888889
"M",39,3.10916666666667
"F",24,3.10916666666667
"M",32,3.10972222222222
"M",22,3.10972222222222
"M",31,3.11027777777778
"M",26,3.11027777777778
"M",48,3.11027777777778
"M",41,3.11027777777778
"M",32,3.11027777777778
"M",39,3.11027777777778
"M",55,3.11027777777778
"M",41,3.11055555555556
"M",34,3.11055555555556
"M",36,3.11083333333333
"M",51,3.11111111111111
"M",24,3.11138888888889
"M",37,3.11138888888889
"M",36,3.11138888888889
"M",27,3.11166666666667
"M",32,3.11222222222222
"M",24,3.11222222222222
"M",48,3.11222222222222
"M",46,3.1125
"M",30,3.1125
"M",37,3.1125
"M",22,3.1125
"M",40,3.1125
"M",27,3.1125
"M",28,3.11277777777778
"M",40,3.11277777777778
"M",29,3.11277777777778
"M",34,3.11305555555556
"M",34,3.11305555555556
"M",46,3.11305555555556
"M",29,3.11333333333333
"M",36,3.11333333333333
"M",35,3.11361111111111
"M",30,3.11361111111111
"M",30,3.11361111111111
"M",40,3.11361111111111
"M",48,3.11361111111111
"M",32,3.11361111111111
"M",44,3.11388888888889
"M",33,3.11388888888889
"M",28,3.11388888888889
"F",32,3.11388888888889
"F",28,3.11416666666667
"M",41,3.11416666666667
"M",45,3.11416666666667
"M",49,3.11444444444444
"M",40,3.11444444444444
"M",22,3.11444444444444
"F",24,3.11472222222222
"M",49,3.11472222222222
"M",25,3.11472222222222
"M",27,4.785
"F",41,4.78527777777778
"M",63,4.78527777777778
"F",27,4.78555555555556
"M",55,4.78555555555556
"M",55,4.78583333333333
"M",38,4.78638888888889
"M",54,4.78666666666667
"F",65,4.78666666666667
"M",46,4.78694444444444
"M",38,4.78694444444444
"F",25,4.7875
"F",45,4.78777777777778
"F",65,4.78861111111111
"F",28,4.78861111111111
"F",24,4.78861111111111
"F",28,4.78861111111111
"F",43,4.78888888888889
"M",44,4.78916666666667
"F",50,4.78916666666667
"F",58,4.78916666666667
"F",30,4.78972222222222
"F",26,4.79055555555556
"M",44,4.79138888888889
"F",42,4.79166666666667
"M",36,4.79166666666667
"F",43,4.79194444444444
"F",46,4.79194444444444
"F",29,4.79194444444444
"F",27,4.7925
"F",60,4.7925
"F",35,4.79305555555556
"F",40,4.79333333333333
"F",36,4.79333333333333
"F",41,4.79333333333333
"F",38,4.79333333333333
"M",43,4.79361111111111
"M",46,4.795
"M",34,4.795
"M",46,4.79555555555556
"F",26,4.79583333333333
"M",44,4.79583333333333
"F",39,4.79638888888889
"M",26,4.79638888888889
"M",43,4.79638888888889
"M",47,4.79638888888889
"M",46,4.79638888888889
"F",26,4.79666666666667
"F",42,4.7975
"F",61,4.7975
"F",69,4.79777777777778
"M",51,4.79805555555556
"M",48,4.79833333333333
"F",37,4.79861111111111
"F",24,4.79916666666667
"M",49,4.80027777777778
"F",49,4.80055555555556
"M",62,4.80083333333333
"M",41,4.80083333333333
"M",51,4.80111111111111
"F",36,4.80138888888889
"M",66,4.80166666666667
"M",41,4.80194444444444
"F",25,4.80194444444444
"M",32,4.80222222222222
"M",33,4.80222222222222
"M",32,4.80222222222222
"F",36,4.80222222222222
"F",30,4.80305555555555
"F",66,4.80305555555555
"M",71,4.80305555555555
"M",34,4.80388888888889
"M",37,4.80416666666667
"M",42,4.80416666666667
"M",46,4.80444444444444
"M",42,4.80444444444444
"F",20,4.80444444444444
"F",42,4.80472222222222
"M",46,4.805
"F",46,4.80666666666667
"M",28,4.8075
"F",32,4.80833333333333
"M",59,4.80888888888889
"F",45,4.80944444444444
"M",38,4.80944444444444
"F",45,4.80972222222222
"F",47,4.81027777777778
"M",55,4.81055555555556
"M",60,4.81138888888889
"M",63,4.81166666666667
"M",65,4.81166666666667
"M",21,4.81166666666667
"F",48,4.81194444444444
"F",73,4.81194444444444
"M",66,4.81222222222222
"F",39,4.81222222222222
"M",39,4.81305555555556
"M",66,4.81305555555556
"M",72,4.81333333333333
"F",42,4.81333333333333
"M",52,4.81333333333333
"M",51,4.81361111111111
"F",41,4.81361111111111
"F",39,4.81388888888889
"F",29,4.81388888888889
"M",32,4.81416666666667
"F",49,4.81416666666667
"M",58,4.81416666666667
"M",58,4.81444444444444
"F",47,4.81444444444444
"M",45,4.81472222222222
"F",52,4.81583333333333
"M",28,4.81583333333333
"M",59,4.81611111111111
"F",63,4.81638888888889
"M",27,4.81638888888889
"F",45,4.81694444444444
"M",61,4.81694444444444
"M",39,4.81722222222222
"M",28,4.81777777777778
"M",40,4.81805555555556
"M",27,4.81805555555556
"M",54,4.81805555555556
"M",29,4.81833333333333
"M",50,4.81888888888889
"M",23,4.81916666666667
"M",58,4.81972222222222
"M",50,4.81972222222222
"M",54,4.82027777777778
"M",49,4.82083333333333
"F",37,4.82111111111111
"M",72,4.82138888888889
"M",51,4.82138888888889
"M",54,4.82138888888889
"M",45,4.82138888888889
"M",40,4.82166666666667
"M",44,4.82166666666667
"M",68,4.82166666666667
"M",67,4.82194444444444
"M",58,4.8225
"M",42,4.82305555555556
"F",60,4.82333333333333
"F",60,4.82444444444444
"M",55,4.82444444444444
"F",35,4.82472222222222
"F",21,4.825
"M",38,4.825
"M",37,4.82527777777778
"F",32,4.82555555555555
"F",38,4.82555555555555
"M",47,4.82583333333333
"M",25,4.82638888888889
"M",38,4.82666666666667
"F",49,4.82694444444444
"F",26,4.82694444444444
"M",33,4.82777777777778
"F",41,4.82833333333333
"M",66,4.82861111111111
"M",31,4.82888888888889
"F",43,4.82916666666667
"F",21,4.82916666666667
"F",34,4.82944444444444
"F",47,4.82972222222222
"F",23,4.83
"M",36,4.83027777777778
"F",36,4.83083333333333
"F",32,4.83111111111111
"M",58,4.83166666666667
"F",45,4.83194444444444
"F",25,4.83222222222222
"M",51,4.83222222222222
"M",34,4.8325
"F",23,4.83305555555556
"M",60,4.83333333333333
"F",28,4.83388888888889
"M",26,4.83416666666667
"M",38,4.83416666666667
"F",47,4.835
"F",49,4.835
"F",44,4.83583333333333
"F",51,4.83583333333333
"M",44,4.83722222222222
"F",41,4.83722222222222
"F",31,4.83833333333333
"M",55,4.83861111111111
"M",62,4.83888888888889
"F",51,4.83972222222222
"M",54,4.84027777777778
"M",39,4.84027777777778
"M",42,4.84055555555556
"F",65,4.84111111111111
"F",49,4.84111111111111
"F",36,4.84277777777778
"F",45,4.84333333333333
"M",70,4.84361111111111
"F",46,4.84361111111111
"M",53,4.84361111111111
"F",38,4.84388888888889
"F",51,4.84416666666667
"M",61,4.845
"F",35,4.84555555555556
"F",41,4.84555555555556
"F",35,4.84583333333333
"M",38,4.84638888888889
"M",30,4.84694444444444
"M",51,4.84722222222222
"M",34,4.84722222222222
"F",28,4.84805555555555
"M",30,4.84833333333333
"M",51,4.84888888888889
"F",64,4.84916666666667
"F",43,4.84972222222222
"F",40,4.84972222222222
"F",33,4.85027777777778
"F",41,4.85055555555556
"F",30,4.85083333333333
"M",72,4.85083333333333
"F",67,4.85083333333333
"F",27,4.85111111111111
"M",55,4.85222222222222
"F",27,4.85222222222222
"F",37,4.85222222222222
"M",36,4.85277777777778
"M",75,4.85388888888889
"F",36,4.85388888888889
"M",53,4.85416666666667
"F",49,4.85416666666667
"M",54,4.85527777777778
"M",29,4.85611111111111
"F",41,4.85611111111111
"M",29,4.85611111111111
"M",38,4.85694444444444
"M",27,4.85694444444444
"F",25,4.85694444444444
"F",42,4.85722222222222
"M",20,4.85722222222222
"M",52,4.8575
"M",56,4.85777777777778
"F",37,4.85777777777778
"M",48,4.85861111111111
"M",40,4.85861111111111
"M",56,4.85888888888889
"M",68,4.85916666666667
"F",34,4.85916666666667
"M",55,4.86055555555556
"F",49,4.86083333333333
"F",24,4.86111111111111
"F",30,4.86111111111111
"F",30,4.86111111111111
"M",38,4.86111111111111
"F",27,4.86194444444444
"F",32,4.86194444444444
"F",28,4.86194444444444
"F",24,4.86222222222222
"F",31,4.8625
"F",51,4.86277777777778
"M",30,4.86305555555556
"M",30,4.86333333333333
"F",38,4.86361111111111
"F",29,4.86388888888889
"M",54,4.86388888888889
"F",51,4.86416666666667
"F",37,4.86444444444444
"F",25,4.86472222222222
"M",27,4.86555555555555
"F",27,4.86638888888889
"F",27,4.8675
"F",27,4.8675
"F",31,4.86805555555556
"M",58,4.86861111111111
"M",32,4.86944444444445
"M",52,4.87
"F",30,4.87027777777778
"F",40,4.87027777777778
"M",37,4.87055555555556
"F",66,4.87083333333333
"F",50,4.87083333333333
"F",31,4.87138888888889
"M",61,4.87138888888889
"F",60,4.87166666666667
"F",41,4.87194444444444
"M",35,4.87194444444444
"M",51,4.87277777777778
"F",45,4.87333333333333
"M",36,4.87333333333333
"M",41,4.87333333333333
"M",47,4.87388888888889
"M",33,4.87416666666667
"F",41,4.87444444444445
"M",24,4.87444444444445
"M",57,4.87472222222222
"F",42,4.87555555555556
"F",29,4.87611111111111
"M",40,4.87638888888889
"M",62,4.87666666666667
"M",49,4.87777777777778
"M",35,4.87777777777778
"M",57,4.87805555555556
"M",38,4.87833333333333
"F",55,4.87833333333333
"M",26,4.87888888888889
"F",53,4.87944444444445
"M",54,4.87972222222222
"F",28,4.88027777777778
"M",53,4.88055555555556
"F",51,4.88055555555556
"M",45,4.88138888888889
"M",43,4.88138888888889
"M",39,4.88166666666667
"M",41,4.88194444444444
"M",37,4.88194444444444
"F",58,4.8825
"F",29,4.88277777777778
"F",55,4.88277777777778
"M",65,4.88333333333333
"F",49,4.88333333333333
"M",21,4.88416666666667
"M",40,4.88416666666667
"M",59,4.88527777777778
"F",43,4.88527777777778
"M",50,4.88527777777778
"M",61,4.88583333333333
"F",26,4.88583333333333
"M",66,4.88611111111111
"M",61,4.88638888888889
"F",24,4.88805555555555
"M",39,4.88833333333333
"F",56,4.88833333333333
"F",25,4.88888888888889
"F",25,4.88916666666667
"M",29,4.88916666666667
"F",51,4.88916666666667
"M",65,4.88916666666667
"M",60,4.88944444444444
"M",72,4.88944444444444
"M",54,4.89027777777778
"F",58,4.89027777777778
"M",29,4.89083333333333
"M",33,4.89138888888889
"M",28,4.89166666666667
"M",45,4.89166666666667
"M",49,4.8925
"F",32,4.8925
"F",34,4.89305555555555
"F",61,4.89361111111111
"F",40,4.89388888888889
"F",32,4.89444444444444
"F",45,4.89472222222222
"M",62,4.895
"F",20,4.89527777777778
"M",19,4.89527777777778
"F",38,4.89555555555556
"M",27,4.89611111111111
"F",22,4.89638888888889
"M",28,4.89638888888889
"F",33,4.89666666666667
"F",25,4.89666666666667
"F",26,4.89694444444444
"F",50,4.89722222222222
"F",31,4.8975
"M",48,4.8975
"F",65,4.8975
"M",72,4.89777777777778
"F",55,4.89777777777778
"M",53,4.89805555555555
"F",39,4.89888888888889
"F",60,4.89944444444444
"F",27,4.89972222222222
"M",39,4.90027777777778
"M",39,4.90027777777778
"F",34,4.90138888888889
"M",57,4.90222222222222
"M",41,4.90222222222222
"M",33,4.90277777777778
"M",52,4.90361111111111
"F",50,4.90444444444444
"F",25,4.905
"F",32,4.90527777777778
"M",20,4.90555555555556
"M",22,4.90583333333333
"M",24,4.90638888888889
"F",54,4.90666666666667
"M",34,4.90722222222222
"M",61,4.90722222222222
"M",46,4.9075
"F",40,4.90777777777778
"F",64,4.90833333333333
"F",31,4.90861111111111
"M",71,4.90916666666667
"M",38,4.90972222222222
"M",33,4.90972222222222
"F",26,4.91
"F",30,4.91027777777778
"F",27,4.91194444444444
"M",58,4.91194444444444
"M",61,4.9125
"M",38,4.91333333333333
"M",24,4.91361111111111
"F",22,4.91388888888889
"F",19,4.91388888888889
"F",26,4.91416666666667
"M",28,4.91416666666667
"M",20,4.91416666666667
"M",60,4.91416666666667
"F",23,4.91472222222222
"F",59,4.91472222222222
"F",26,4.91611111111111
"F",38,4.91777777777778
"F",42,4.91805555555556
"M",27,4.91805555555556
"F",51,4.91805555555556
"F",50,4.91833333333333
"F",52,4.91861111111111
"M",48,4.91888888888889
"F",34,4.91916666666667
"M",47,4.91972222222222
"M",66,4.92
"F",32,4.92083333333333
"F",61,4.92083333333333
"F",61,4.92138888888889
"M",41,4.92194444444444
"M",40,4.92222222222222
"M",60,4.9225
"M",49,4.9225
"F",35,4.9225
"F",55,4.92277777777778
"M",65,4.92277777777778
"M",66,4.92333333333333
"M",55,4.92361111111111
"M",62,4.92444444444445
"F",37,4.92444444444445
"F",58,4.92472222222222
"F",58,4.9275
"M",46,4.9275
"M",46,4.9275
"M",52,4.92944444444444
"M",56,4.93
"F",48,4.93055555555556
"F",41,4.93111111111111
"M",25,4.93222222222222
"M",32,4.93277777777778
"M",40,4.93305555555556
"F",25,4.93305555555556
"M",62,4.93305555555556
"F",40,4.93333333333333
"M",34,4.93333333333333
"M",39,4.93361111111111
"M",50,4.93388888888889
"F",55,4.93388888888889
"F",57,4.93416666666667
"M",52,4.93416666666667
"F",29,4.93444444444444
"F",52,4.935
"F",47,4.93527777777778
"F",26,4.93527777777778
"M",66,4.93527777777778
"F",38,4.93583333333333
"M",47,4.93583333333333
"F",30,4.93583333333333
"M",40,4.93611111111111
"F",35,4.93638888888889
"M",29,4.93638888888889
"M",48,4.93666666666667
"M",35,4.93694444444444
"F",43,4.93694444444444
"F",30,4.9375
"M",42,4.93777777777778
"F",23,4.93805555555556
"F",24,4.93805555555556
"F",29,4.93861111111111
"M",27,4.93861111111111
"F",45,4.93888888888889
"F",49,4.93972222222222
"F",37,4.94083333333333
"F",22,4.94083333333333
"M",45,4.94111111111111
"M",49,4.94138888888889
"M",37,4.94138888888889
"M",54,4.94166666666667
"M",51,4.94166666666667
"F",55,4.9425
"M",22,4.9425
"F",38,4.94305555555556
"F",44,4.94333333333333
"M",54,4.94333333333333
"M",30,4.94388888888889
"M",77,4.94555555555556
"F",50,4.94583333333333
"F",56,4.94583333333333
"M",51,4.94611111111111
"F",19,4.94694444444445
"M",26,4.94694444444445
"M",34,4.9475
"F",29,4.94777777777778
"F",51,4.94777777777778
"F",50,4.94805555555556
"M",36,4.94888888888889
"M",55,4.94972222222222
"F",51,4.94972222222222
"F",35,4.94972222222222
"M",25,4.95055555555556
"M",52,4.95083333333333
"M",64,4.95111111111111
"M",37,4.95111111111111
"F",46,4.95166666666667
"F",24,4.95194444444444
"F",50,4.95222222222222
"F",25,4.95222222222222
"F",51,4.95277777777778
"F",29,4.95277777777778
"M",64,4.95333333333333
"M",61,4.95333333333333
"F",52,4.95333333333333
"M",43,4.95388888888889
"F",40,4.95388888888889
"F",59,4.95416666666667
"M",55,4.95416666666667
"M",22,4.95583333333333
"M",40,4.95638888888889
"M",41,4.95666666666667
"M",41,4.95666666666667
"M",34,4.95694444444444
"F",31,4.9575
"F",34,4.9575
"F",55,4.95805555555556
"F",35,4.95888888888889
"F",34,4.95916666666667
"M",60,4.95944444444444
"M",38,4.95972222222222
"M",39,4.96027777777778
"F",40,4.96055555555556
"M",46,4.96055555555556
"M",55,4.96194444444444
"F",43,4.96222222222222
"F",26,4.9625
"M",32,4.96305555555556
"M",40,4.96305555555556
"M",46,4.96305555555556
"F",39,4.96333333333333
"F",44,4.96388888888889
"F",43,4.96388888888889
"M",42,4.96416666666667
"M",80,4.96444444444444
"M",44,4.96444444444444
"M",41,4.96472222222222
"F",27,4.965
"M",36,4.96555555555556
"F",39,4.96555555555556
"M",51,4.96583333333333
"F",54,4.96611111111111
"F",47,4.96666666666667
"F",38,4.96694444444444
"F",41,4.96722222222222
"F",37,4.9675
"F",36,4.9675
"M",35,4.96833333333333
"M",30,4.96944444444444
"M",27,4.96972222222222
"F",35,4.96972222222222
"F",26,4.97027777777778
"F",50,4.97055555555556
"F",26,4.97055555555556
"F",37,4.97055555555556
"F",43,4.97083333333333
"F",43,4.97083333333333
"F",61,4.97083333333333
"F",41,4.97083333333333
"M",58,4.97083333333333
"M",43,4.97083333333333
"M",49,4.97138888888889
"F",36,4.97138888888889
"F",51,4.97166666666667
"F",40,4.97166666666667
"M",28,4.97222222222222
"M",45,4.97277777777778
"F",28,4.97333333333333
"M",51,4.97361111111111
"F",55,4.97416666666667
"M",53,4.97444444444444
"F",32,4.97555555555556
"F",49,4.97583333333333
"F",34,4.97583333333333
"F",65,4.97611111111111
"M",42,4.97611111111111
"F",48,4.97638888888889
"M",53,4.97638888888889
"M",29,4.97638888888889
"F",57,4.97666666666667
"M",60,4.97805555555556
"M",44,4.97805555555556
"F",34,4.97805555555556
"F",53,4.97805555555556
"M",26,4.97861111111111
"M",37,4.97972222222222
"F",42,4.98
"F",24,4.98055555555556
"M",59,4.98055555555556
"F",35,4.98083333333333
"M",66,4.98111111111111
"M",54,4.98111111111111
"M",35,4.98166666666667
"F",34,4.98166666666667
"F",30,4.98166666666667
"F",27,4.98194444444444
"M",56,4.98194444444444
"F",47,4.9825
"F",33,4.98305555555556
"F",49,4.98305555555556
"F",25,4.98333333333333
"F",61,4.98333333333333
"M",64,4.98416666666667
"F",40,4.98444444444444
"F",50,4.98472222222222
"M",39,4.98472222222222
"F",52,4.98527777777778
"M",35,4.98527777777778
"M",28,4.98583333333333
"M",46,4.98611111111111
"F",64,4.98666666666667
"M",51,4.98694444444444
"M",70,4.98722222222222
"F",58,4.98833333333333
"M",36,4.98861111111111
"F",18,4.99138888888889
"F",49,4.99305555555556
"M",46,4.99333333333333
"M",51,4.99361111111111
"M",55,4.99361111111111
"F",45,4.99388888888889
"M",50,4.99444444444444
"M",50,4.99444444444444
"F",34,4.99555555555556
"M",53,4.99666666666667
"M",58,4.99666666666667
"F",27,4.99722222222222
"F",25,4.99777777777778
"F",53,4.99805555555556
"M",32,4.99805555555556
"F",45,4.99805555555556
"M",29,4.99805555555556
"M",41,4.99833333333333
"M",34,4.99916666666667
"F",35,4.99944444444444
"F",44,5
"F",52,5.00027777777778
"F",40,5.00027777777778
"M",66,5.00111111111111
"M",39,5.00166666666667
"F",60,5.00222222222222
"F",23,5.00305555555556
"M",48,5.00416666666667
"F",28,5.00416666666667
"M",62,5.005
"F",42,5.00527777777778
"M",53,5.00583333333333
"M",50,5.00583333333333
"M",67,5.00638888888889
"F",47,5.00666666666667
"M",38,5.00694444444444
"M",52,5.00722222222222
"M",45,5.0075
"F",22,5.00805555555556
"M",28,5.00972222222222
"F",54,5.01055555555556
"F",28,5.01083333333333
"M",34,5.01138888888889
"F",36,5.01194444444444
"M",38,5.01194444444444
"M",40,5.01222222222222
"M",48,5.0125
"F",50,5.01277777777778
"F",38,5.01277777777778
"M",36,5.01305555555556
"F",30,5.01361111111111
"M",36,5.01361111111111
"F",76,5.01388888888889
"F",39,5.01416666666667
"M",58,5.01444444444444
"M",27,5.01444444444444
"M",27,5.015
"F",34,5.015
"F",35,5.01527777777778
"F",35,5.01527777777778
"F",23,5.01638888888889
"F",49,5.01777777777778
"M",60,5.01888888888889
"M",38,5.01916666666667
"M",52,5.02083333333333
"F",33,5.02111111111111
"F",31,5.02194444444444
"M",58,5.0225
"F",60,5.02277777777778
"M",39,5.025
"M",63,5.02611111111111
"F",50,5.02638888888889
"M",45,5.02666666666667
"M",48,5.02777777777778
"F",36,5.02833333333333
"M",52,5.02861111111111
"M",47,5.02972222222222
"F",49,5.03055555555556
"F",39,5.03083333333333
"M",46,5.03138888888889
"F",45,5.0325
"F",22,5.03277777777778
"F",41,5.03305555555556
"M",54,5.03472222222222
"M",67,5.03527777777778
"M",45,5.03555555555556
"F",41,5.03583333333333
"M",47,5.03611111111111
"F",37,5.03638888888889
"F",35,5.03638888888889
"F",49,5.03805555555556
"M",31,5.03916666666667
"F",28,5.04027777777778
"M",72,5.04083333333333
"M",54,5.04083333333333
"F",44,5.04138888888889
"F",52,5.04194444444444
"M",30,5.0425
"M",35,5.04361111111111
"F",29,5.04416666666667
"F",33,5.04472222222222
"M",32,5.04638888888889
"M",38,5.04722222222222
"F",26,5.0475
"M",50,5.04861111111111
"F",36,5.04888888888889
"M",27,5.04888888888889
"F",24,5.04944444444444
"F",39,5.04972222222222
"F",31,5.05
"M",54,5.05027777777778
"F",52,5.05055555555556
"F",25,5.05111111111111
"M",31,5.05194444444444
"M",47,5.05222222222222
"M",49,5.05222222222222
"F",58,5.0525
"F",41,5.05388888888889
"M",65,5.05388888888889
"M",38,5.05416666666667
"F",61,5.05416666666667
"M",50,5.05527777777778
"M",52,5.05583333333333
"F",30,5.05583333333333
"F",40,5.05694444444444
"F",42,5.05944444444444
"F",67,5.06027777777778
"M",30,5.06027777777778
"M",38,5.06055555555556
"M",35,5.06055555555556
"M",37,5.06138888888889
"F",30,5.06138888888889
"F",46,5.06222222222222
"F",47,5.0625
"F",57,5.0625
"F",39,5.0625
"M",35,5.06333333333333
"F",21,5.06444444444444
"F",55,5.06583333333333
"M",44,5.06611111111111
"M",47,5.06722222222222
"F",47,5.06777777777778
"F",54,5.06777777777778
"F",22,5.06777777777778
"F",45,5.06805555555556
"F",44,5.06833333333333
"F",45,5.06861111111111
"M",63,5.06944444444444
"M",32,5.06944444444444
"M",63,5.06972222222222
"F",37,5.07027777777778
"F",36,5.07027777777778
"F",40,5.07055555555556
"F",37,5.07111111111111
"M",40,5.0725
"M",39,5.07277777777778
"M",44,5.07333333333333
"M",58,5.07361111111111
"F",34,5.07361111111111
"M",49,5.07444444444444
"F",20,5.07555555555555
"M",39,5.07722222222222
"F",24,5.07722222222222
"F",30,5.0775
"F",44,5.0775
"M",43,5.0775
"F",55,5.07861111111111
"M",24,5.07861111111111
"M",48,5.07888888888889
"M",43,5.07916666666667
"F",41,5.07944444444444
"M",61,5.07944444444444
"F",44,5.07972222222222
"M",52,5.08
"M",59,5.08055555555556
"F",32,5.08083333333333
"F",62,5.08111111111111
"M",35,5.08111111111111
"M",65,5.08305555555556
"F",27,5.08555555555556
"F",30,5.08611111111111
"M",43,5.08611111111111
"F",25,5.08611111111111
"F",29,5.09027777777778
"M",42,5.09083333333333
"M",34,5.09083333333333
"F",47,5.09083333333333
"F",27,5.09111111111111
"F",29,5.0925
"F",37,5.09277777777778
"M",38,5.09277777777778
"M",40,5.09361111111111
"M",39,5.09361111111111
"F",28,5.09444444444444
"M",30,5.09472222222222
"M",36,5.095
"M",52,5.09555555555556
"M",72,5.09555555555556
"M",58,5.09638888888889
"M",39,5.09722222222222
"F",71,5.09722222222222
"M",62,5.09722222222222
"F",25,5.09777777777778
"M",44,5.09805555555555
"F",25,5.09805555555555
"M",28,5.09833333333333
"M",61,5.09944444444444
"M",75,5.09972222222222
"F",50,5.10055555555556
"F",59,5.10083333333333
"M",47,5.10166666666667
"F",37,5.10194444444444
"M",46,5.10277777777778
"M",27,5.10333333333333
"F",29,5.10472222222222
"M",39,5.105
"F",48,5.10527777777778
"F",24,5.10583333333333
"M",58,5.10638888888889
"F",25,5.10666666666667
"F",28,5.1075
"M",34,5.10805555555556
"M",31,5.10833333333333
"F",35,5.10833333333333
"M",33,5.10861111111111
"F",33,5.10861111111111
"M",60,5.10888888888889
"F",49,5.11
"M",47,5.11
"F",56,5.11055555555556
"F",44,5.11055555555556
"M",60,5.11083333333333
"M",53,5.11083333333333
"M",50,5.11111111111111
"M",52,5.11166666666667
"F",35,5.11416666666667
"F",25,5.11416666666667
"F",42,5.11444444444444
"M",45,5.11444444444444
"M",56,5.11444444444444
"F",52,5.11444444444444
"F",28,5.11472222222222
"M",66,5.115
"F",52,5.11583333333333
"F",65,5.11638888888889
"F",35,5.11888888888889
"F",47,5.11944444444444
"M",57,5.12027777777778
"F",48,5.12138888888889
"M",54,5.12166666666667
"F",20,5.12277777777778
"M",56,5.12333333333333
"M",32,5.12333333333333
"M",42,5.12444444444444
"F",24,5.12472222222222
"M",65,5.125
"F",51,5.12555555555555
"M",55,5.12666666666667
"F",63,5.1275
"M",59,5.1275
"M",42,5.12805555555556
"M",64,5.12805555555556
"M",39,5.12833333333333
"M",40,5.12833333333333
"M",65,5.12833333333333
"M",41,5.12861111111111
"F",50,5.13027777777778
"F",46,5.13055555555556
"M",35,5.13416666666667
"M",35,5.135
"M",58,5.13638888888889
"F",51,5.13666666666667
"F",40,5.13694444444444
"M",52,5.13694444444444
"F",43,5.13833333333333
"F",58,5.13833333333333
"F",28,5.13888888888889
"M",46,5.13916666666667
"M",27,5.13944444444444
"M",35,5.13944444444444
"M",48,5.13944444444444
"M",66,5.13972222222222
"M",45,5.14083333333333
"F",29,5.14111111111111
"M",30,5.14138888888889
"F",61,5.14166666666667
"F",56,5.14222222222222
"M",28,5.1425
"F",27,5.1425
"F",43,5.14277777777778
"F",40,5.14388888888889
"F",32,5.14416666666667
"M",50,5.14444444444444
"M",37,5.14472222222222
"M",68,5.145
"M",53,5.14583333333333
"F",25,5.14583333333333
"F",27,5.14611111111111
"M",69,5.14694444444445
"F",41,5.14805555555556
"F",36,5.14833333333333
"M",54,5.14944444444444
"M",21,5.15083333333333
"M",47,5.15111111111111
"F",57,5.15194444444445
"M",38,5.15277777777778
"F",46,5.15277777777778
"M",49,5.15333333333333
"M",46,5.15388888888889
"F",45,5.15416666666667
"F",39,5.15416666666667
"M",39,5.15444444444444
"F",30,5.155
"F",56,5.15527777777778
"F",27,5.15694444444444
"F",60,5.15694444444444
"M",22,5.15777777777778
"F",28,5.15777777777778
"F",48,5.15972222222222
"F",33,5.16027777777778
"F",22,5.16138888888889
"F",38,5.16166666666667
"M",51,5.16222222222222
"F",28,5.1625
"F",30,5.16305555555556
"M",36,5.16361111111111
"M",66,5.16361111111111
"M",66,5.16416666666667
"M",48,5.16444444444444
"M",46,5.16472222222222
"F",35,5.16638888888889
"F",26,5.16666666666667
"M",37,5.16805555555556
"M",59,5.16805555555556
"M",32,5.16805555555556
"F",39,5.16916666666667
"F",34,5.16944444444445
"F",25,5.17138888888889
"M",48,5.17166666666667
"M",64,5.17194444444444
"F",49,5.17277777777778
"F",23,5.17333333333333
"F",38,5.17472222222222
"M",49,5.17666666666667
"F",46,5.17666666666667
"M",25,5.17666666666667
"F",66,5.17666666666667
"F",24,5.17666666666667
"F",37,5.17722222222222
"M",40,5.1775
"M",37,5.1775
"M",38,5.1775
"F",30,5.17777777777778
"M",41,5.17833333333333
"M",58,5.17916666666667
"M",51,5.17916666666667
"F",38,5.17972222222222
"M",42,5.18138888888889
"M",39,5.18166666666667
"F",56,5.18222222222222
"M",76,5.18305555555556
"M",36,5.18361111111111
"M",51,5.18388888888889
"M",50,5.18416666666667
"M",44,5.18444444444444
"M",48,5.18444444444444
"F",31,5.18444444444444
"F",31,5.185
"M",70,5.18583333333333
"M",65,5.18694444444444
"M",29,5.18722222222222
"F",21,5.18916666666667
"M",32,5.18944444444444
"M",29,5.18972222222222
"F",38,5.18972222222222
"M",42,5.19111111111111
"M",63,5.19138888888889
"M",34,3.11472222222222
"M",33,3.11472222222222
"M",48,3.11527777777778
"F",25,3.11527777777778
"M",39,3.11527777777778
"M",33,3.11555555555556
"M",42,3.11555555555556
"M",37,3.11555555555556
"M",25,3.11555555555556
"F",34,3.11583333333333
"F",50,3.11583333333333
"M",40,3.11583333333333
"M",48,3.11611111111111
"M",27,3.11638888888889
"M",24,3.11638888888889
"M",33,3.11666666666667
"M",52,3.11666666666667
"M",26,3.11694444444444
"M",24,3.11694444444444
"M",40,3.11694444444444
"M",32,3.11722222222222
"M",29,3.11722222222222
"M",33,3.11722222222222
"M",29,3.11722222222222
"M",23,3.1175
"M",27,3.1175
"M",32,3.1175
"M",24,3.11777777777778
"M",32,3.11777777777778
"M",30,3.11777777777778
"M",24,3.11805555555556
"M",32,3.11805555555556
"M",25,3.11805555555556
"M",24,3.11805555555556
"M",31,3.11833333333333
"M",47,3.11861111111111
"M",29,3.11861111111111
"M",35,3.11861111111111
"F",35,3.11861111111111
"M",19,3.11888888888889
"F",37,3.11888888888889
"M",35,3.11888888888889
"M",31,3.11916666666667
"M",52,3.11944444444444
"M",52,3.11944444444444
"M",36,3.11972222222222
"M",30,3.11972222222222
"M",45,3.11972222222222
"M",24,3.12
"M",29,3.12
"M",30,3.12027777777778
"M",36,3.12027777777778
"M",45,3.12055555555556
"F",31,3.12083333333333
"M",44,3.12083333333333
"M",44,3.12083333333333
"F",23,3.12111111111111
"F",31,3.12111111111111
"M",43,3.12138888888889
"M",35,3.12166666666667
"M",50,3.12166666666667
"M",34,3.12166666666667
"M",24,3.12194444444444
"M",26,3.12222222222222
"M",24,3.12222222222222
"M",36,3.12222222222222
"M",34,3.1225
"M",19,3.1225
"M",43,3.1225
"M",35,3.12277777777778
"M",46,3.12277777777778
"M",29,3.12277777777778
"M",38,3.12277777777778
"M",32,3.12305555555556
"F",24,3.12305555555556
"M",25,3.12305555555556
"M",44,3.12333333333333
"M",50,3.12333333333333
"M",41,3.12333333333333
"M",55,3.12333333333333
"M",44,3.12361111111111
"M",45,3.12361111111111
"M",27,3.12361111111111
"M",43,3.12388888888889
"M",36,3.12388888888889
"M",26,3.12388888888889
"M",43,3.12416666666667
"M",30,3.12444444444444
"M",38,3.12444444444444
"M",33,3.12472222222222
"M",19,3.12472222222222
"M",36,3.125
"M",35,3.125
"M",32,3.125
"M",37,3.12527777777778
"F",25,3.12527777777778
"M",45,3.12555555555556
"M",38,3.12555555555556
"M",32,3.12555555555556
"M",40,3.12555555555556
"F",23,5.19138888888889
"F",22,5.19194444444444
"F",36,5.19222222222222
"F",43,5.19305555555556
"F",23,5.19361111111111
"M",47,5.19472222222222
"M",55,5.195
"M",42,5.19527777777778
"F",24,5.19527777777778
"M",56,5.19555555555556
"M",50,5.19638888888889
"M",51,5.19666666666667
"F",31,5.1975
"F",47,5.1975
"F",37,5.19777777777778
"F",68,5.19888888888889
"M",39,5.19888888888889
"M",40,5.19916666666667
"M",67,5.19972222222222
"M",71,5.20083333333333
"F",33,5.20111111111111
"M",42,5.20111111111111
"F",53,5.20166666666667
"M",46,5.20194444444444
"M",43,5.20194444444444
"F",39,5.20277777777778
"M",60,5.20305555555556
"F",51,5.20333333333333
"F",27,5.20333333333333
"F",35,5.20555555555556
"F",61,5.20638888888889
"F",50,5.20666666666667
"F",46,5.20666666666667
"M",57,5.2075
"F",57,5.20805555555556
"F",33,5.20861111111111
"M",38,5.21027777777778
"F",65,5.21027777777778
"F",26,5.21055555555556
"M",32,5.21111111111111
"M",60,5.21111111111111
"M",48,5.21194444444444
"F",48,5.21333333333333
"M",38,5.21472222222222
"F",54,5.21611111111111
"M",59,5.21611111111111
"M",57,5.21666666666667
"M",53,5.21722222222222
"M",54,5.21722222222222
"F",41,5.21888888888889
"M",30,5.21944444444444
"F",33,5.21944444444444
"F",32,5.21944444444444
"M",43,5.21972222222222
"M",29,5.21972222222222
"M",36,5.22083333333333
"M",67,5.22138888888889
"F",50,5.22277777777778
"F",58,5.22277777777778
"F",22,5.22305555555556
"M",28,5.22305555555556
"F",44,5.22444444444444
"M",44,5.22472222222222
"F",35,5.225
"F",24,5.22527777777778
"M",61,5.22777777777778
"M",50,5.22805555555556
"M",54,5.22833333333333
"M",47,5.23
"M",73,5.23027777777778
"M",30,5.23083333333333
"M",41,5.23083333333333
"M",35,5.23083333333333
"M",62,5.23194444444444
"F",39,5.2325
"F",73,5.23416666666667
"F",26,5.23527777777778
"F",47,5.23583333333333
"M",49,5.23611111111111
"F",39,5.23666666666667
"M",54,5.23666666666667
"M",62,5.23722222222222
"M",44,5.23805555555556
"M",40,5.23805555555556
"F",51,5.23944444444444
"F",50,5.24027777777778
"F",33,5.24055555555556
"F",43,5.24055555555556
"M",61,5.24055555555556
"F",24,5.24194444444444
"F",29,5.24388888888889
"F",40,5.245
"M",51,5.245
"F",31,5.24555555555556
"M",23,5.24583333333333
"M",52,5.24583333333333
"F",21,5.24638888888889
"F",40,5.24972222222222
"F",60,5.25055555555556
"F",53,5.25111111111111
"M",66,5.25138888888889
"M",27,5.25166666666667
"F",32,5.25222222222222
"F",30,5.25277777777778
"M",40,5.25305555555556
"M",40,5.25333333333333
"M",58,5.25555555555556
"M",67,5.25583333333333
"F",31,5.25888888888889
"M",45,5.25888888888889
"M",39,5.25972222222222
"M",60,5.25972222222222
"F",27,5.26
"F",29,5.26027777777778
"F",46,5.26027777777778
"M",54,5.26138888888889
"M",45,5.26194444444444
"M",26,5.26333333333333
"M",54,5.26361111111111
"F",49,5.26666666666667
"M",69,5.26944444444444
"F",42,5.27
"M",43,5.27
"M",41,5.27083333333333
"M",53,5.27222222222222
"M",40,5.27222222222222
"F",26,5.27361111111111
"F",34,5.27416666666667
"M",63,5.27416666666667
"F",21,5.27527777777778
"F",21,5.27527777777778
"M",43,5.27583333333333
"F",53,5.27638888888889
"M",49,5.27861111111111
"F",47,5.27916666666667
"F",31,5.28166666666667
"F",39,5.28194444444444
"F",38,5.28305555555556
"M",36,5.28361111111111
"M",69,5.28416666666667
"F",57,5.28416666666667
"M",47,5.28527777777778
"M",76,5.28666666666667
"F",26,5.28833333333333
"F",29,5.28861111111111
"F",28,5.29
"F",30,5.29083333333333
"F",43,5.29111111111111
"M",50,5.29194444444444
"F",47,5.29305555555556
"F",27,5.29333333333333
"M",48,5.29361111111111
"F",61,5.29416666666667
"F",30,5.29416666666667
"F",44,5.29472222222222
"F",35,5.29472222222222
"F",48,5.29472222222222
"M",23,5.29555555555556
"M",49,5.29583333333333
"M",55,5.29666666666667
"M",21,5.29694444444444
"M",54,5.29722222222222
"F",46,5.29722222222222
"F",47,5.29722222222222
"F",38,5.2975
"M",33,5.29861111111111
"M",33,5.29861111111111
"M",33,5.29888888888889
"M",45,5.29944444444444
"M",51,5.3
"M",27,5.30055555555556
"F",38,5.30111111111111
"F",40,5.30111111111111
"F",42,5.30138888888889
"M",37,5.30277777777778
"M",27,5.30277777777778
"F",44,5.30305555555555
"F",46,5.30333333333333
"F",28,5.30333333333333
"M",39,5.30472222222222
"F",26,5.305
"F",42,5.305
"F",43,5.30638888888889
"F",40,5.30694444444444
"F",35,5.3075
"F",72,5.30916666666667
"M",56,5.30916666666667
"M",33,5.30944444444444
"F",44,5.30944444444444
"F",29,5.30972222222222
"M",32,5.31055555555556
"M",69,5.31083333333333
"F",34,5.31166666666667
"F",39,5.31166666666667
"F",48,5.31194444444444
"M",76,5.31277777777778
"F",26,5.31361111111111
"M",38,5.31611111111111
"M",34,5.31722222222222
"F",31,5.3175
"M",21,5.31805555555556
"F",52,5.31833333333333
"F",50,5.32083333333333
"M",48,5.32111111111111
"F",43,5.32305555555556
"F",40,5.32333333333333
"M",43,5.32333333333333
"M",54,5.32333333333333
"M",24,5.325
"F",23,5.32555555555555
"M",60,5.32583333333333
"M",41,5.33
"M",47,5.33027777777778
"M",52,5.33083333333333
"M",38,5.33138888888889
"M",50,5.33138888888889
"F",42,5.33166666666667
"M",62,5.33222222222222
"M",45,5.33388888888889
"M",33,5.33444444444444
"F",34,5.33555555555556
"F",47,5.33583333333333
"F",26,5.33583333333333
"F",26,5.33611111111111
"F",30,5.33694444444444
"M",40,5.33722222222222
"F",41,5.33805555555556
"F",29,5.33833333333333
"M",47,5.33861111111111
"F",42,5.33888888888889
"F",48,5.33944444444444
"F",46,5.33972222222222
"M",27,5.34027777777778
"F",28,5.34055555555556
"M",26,5.34138888888889
"F",49,5.34222222222222
"F",26,5.3425
"F",30,5.34277777777778
"M",59,5.34333333333333
"M",54,5.34611111111111
"M",35,5.34638888888889
"M",69,5.34666666666667
"F",54,5.34694444444444
"F",34,5.34722222222222
"F",28,5.3475
"M",28,5.3475
"M",70,5.34805555555555
"M",42,5.34916666666667
"M",47,5.34944444444444
"M",40,5.34944444444444
"M",53,5.34972222222222
"F",37,5.35
"M",45,5.35
"M",33,5.35388888888889
"M",58,5.35388888888889
"F",52,5.355
"F",62,5.35638888888889
"F",22,5.35722222222222
"M",43,5.35805555555556
"F",36,5.35861111111111
"M",61,5.35888888888889
"F",23,5.35944444444444
"F",22,5.36027777777778
"M",19,5.36055555555556
"M",30,5.36083333333333
"M",65,5.36194444444444
"F",18,5.36361111111111
"F",55,5.36388888888889
"F",48,5.36416666666667
"M",64,5.36472222222222
"F",28,5.36638888888889
"F",40,5.36666666666667
"M",52,5.36722222222222
"F",52,5.36777777777778
"M",60,5.36916666666667
"F",35,5.36972222222222
"M",33,5.36972222222222
"F",30,5.37083333333333
"F",59,5.37111111111111
"F",28,5.37166666666667
"F",28,5.37277777777778
"M",31,5.37277777777778
"M",41,5.37333333333333
"F",35,5.375
"F",41,5.37527777777778
"F",61,5.37611111111111
"F",34,5.37638888888889
"F",36,5.37805555555556
"F",43,5.37805555555556
"M",48,5.38
"M",34,5.38
"M",58,5.38027777777778
"F",51,5.38111111111111
"M",51,5.38111111111111
"F",25,5.38138888888889
"F",53,5.38472222222222
"M",60,5.38527777777778
"F",26,5.38555555555556
"M",71,5.38777777777778
"F",54,5.38833333333333
"M",61,5.38888888888889
"M",49,5.39138888888889
"M",54,5.39166666666667
"F",23,5.39166666666667
"F",32,5.39305555555556
"M",60,5.39333333333333
"F",59,5.39416666666667
"M",72,5.39416666666667
"M",46,5.39555555555556
"F",54,5.39638888888889
"F",26,5.39722222222222
"M",33,5.3975
"M",45,5.39861111111111
"M",46,5.39916666666667
"M",66,5.39972222222222
"F",26,5.40138888888889
"F",30,5.40138888888889
"F",31,5.40166666666667
"F",28,5.40305555555556
"F",26,5.40388888888889
"F",35,5.40472222222222
"M",37,5.40583333333333
"M",77,5.40583333333333
"F",24,5.40861111111111
"M",69,5.40861111111111
"M",29,5.41111111111111
"F",52,5.41111111111111
"F",30,5.41166666666667
"M",50,5.41194444444444
"F",25,5.41333333333333
"F",42,5.41416666666667
"F",39,5.41583333333333
"F",38,5.41611111111111
"M",54,5.41888888888889
"M",62,5.41944444444445
"M",65,5.42055555555556
"M",37,5.42361111111111
"M",55,5.42361111111111
"F",36,5.4275
"F",26,5.42833333333333
"F",43,5.42944444444444
"M",51,5.43138888888889
"F",51,5.43194444444444
"F",53,5.43194444444444
"M",24,5.43527777777778
"F",28,5.43694444444444
"F",38,5.43833333333333
"M",64,5.43916666666667
"F",37,5.44
"M",31,5.44
"F",53,5.44
"F",54,5.44083333333333
"M",43,5.44111111111111
"M",55,5.4425
"F",26,5.44388888888889
"F",42,5.44666666666667
"F",27,5.44722222222222
"F",37,5.44777777777778
"M",40,5.44777777777778
"M",36,5.44916666666667
"M",39,5.44944444444444
"M",31,5.44972222222222
"M",37,5.4525
"M",62,5.455
"M",30,5.45555555555556
"F",29,5.45555555555556
"M",27,5.45555555555556
"M",59,5.45638888888889
"M",35,5.45666666666667
"F",46,5.45666666666667
"M",38,5.45722222222222
"M",57,5.45777777777778
"M",33,5.45888888888889
"M",55,5.45944444444444
"M",41,5.46027777777778
"M",54,5.46055555555556
"M",53,5.46055555555556
"M",41,5.46527777777778
"M",50,5.46555555555556
"F",45,5.46583333333333
"F",29,5.46638888888889
"M",32,5.46638888888889
"M",66,5.46694444444444
"F",28,5.46694444444444
"M",55,5.46833333333333
"M",54,5.46861111111111
"M",47,5.46888888888889
"M",53,5.47027777777778
"F",40,5.47111111111111
"F",60,5.47111111111111
"M",51,5.47138888888889
"F",40,5.47222222222222
"F",28,5.47222222222222
"F",23,5.47333333333333
"F",31,5.47444444444444
"F",45,5.47472222222222
"F",25,5.47611111111111
"F",67,5.47611111111111
"F",50,5.47861111111111
"M",59,5.47888888888889
"F",35,5.47888888888889
"F",24,5.47916666666667
"M",35,5.47972222222222
"M",64,5.47972222222222
"M",37,5.48111111111111
"M",50,5.48222222222222
"M",65,5.48305555555556
"F",34,5.48361111111111
"M",37,5.485
"M",53,5.48583333333333
"M",33,5.49055555555556
"M",41,5.49055555555556
"F",23,5.49083333333333
"M",47,5.49083333333333
"F",39,5.49111111111111
"M",72,5.49138888888889
"F",40,5.49166666666667
"M",50,5.4925
"F",27,5.49638888888889
"F",28,5.49666666666667
"F",62,5.49666666666667
"M",39,5.49722222222222
"F",24,5.49833333333333
"M",31,5.49861111111111
"M",38,5.5
"F",64,5.50055555555556
"F",35,5.50055555555556
"F",25,5.50111111111111
"M",68,5.50111111111111
"M",35,5.50472222222222
"M",46,5.5075
"F",45,5.50861111111111
"F",30,5.50916666666667
"M",32,5.50916666666667
"F",42,5.5125
"M",38,5.5125
"M",27,5.51305555555556
"M",42,5.51305555555556
"F",50,5.51472222222222
"F",45,5.51527777777778
"M",39,5.51527777777778
"M",36,5.5175
"M",26,5.51833333333333
"M",75,5.52
"F",65,5.52194444444444
"M",48,5.52416666666667
"M",68,5.52416666666667
"F",50,5.52444444444444
"F",28,5.52638888888889
"F",30,5.52694444444444
"F",43,5.52722222222222
"F",72,5.5275
"F",55,5.53
"M",44,5.53027777777778
"M",41,5.53055555555556
"F",28,5.53083333333333
"F",35,5.53333333333333
"F",37,5.53611111111111
"M",50,5.53638888888889
"F",36,5.53833333333333
"M",49,5.54055555555556
"F",41,5.54055555555556
"M",44,5.54055555555556
"M",71,5.54138888888889
"M",59,5.54444444444444
"F",54,5.545
"M",56,5.54583333333333
"M",36,5.54666666666667
"F",43,5.54888888888889
"M",57,5.55
"M",51,5.55027777777778
"M",54,5.55027777777778
"M",58,5.55055555555556
"F",49,5.55111111111111
"F",63,5.55333333333333
"F",40,5.55361111111111
"F",47,5.55416666666667
"F",51,5.55472222222222
"F",54,5.55611111111111
"F",36,5.55694444444444
"M",51,5.55722222222222
"F",25,5.55722222222222
"M",52,5.55833333333333
"M",48,5.55944444444444
"F",46,5.56027777777778
"M",51,5.56166666666667
"F",41,5.56194444444444
"M",38,5.56416666666667
"F",57,5.56638888888889
"F",40,5.56777777777778
"M",71,5.57027777777778
"F",24,5.57416666666667
"M",29,5.57555555555555
"F",50,5.57722222222222
"F",50,5.5775
"F",26,5.5775
"F",50,5.57777777777778
"M",53,5.58527777777778
"M",35,5.58666666666667
"F",23,5.58722222222222
"F",60,5.58805555555556
"F",33,5.58972222222222
"M",48,5.59166666666667
"F",57,5.5925
"M",48,5.59361111111111
"M",61,5.59527777777778
"F",32,5.59805555555555
"F",23,5.59916666666667
"F",49,5.6
"M",36,5.60055555555556
"F",47,5.6025
"M",54,5.60333333333333
"F",53,5.60583333333333
"M",62,5.60583333333333
"M",39,5.60777777777778
"M",57,5.60777777777778
"F",31,5.60777777777778
"F",60,5.60888888888889
"F",26,5.60972222222222
"M",34,5.61138888888889
"F",30,5.61194444444444
"M",42,5.61333333333333
"F",37,5.61361111111111
"M",70,5.61416666666667
"M",65,5.61527777777778
"M",66,5.61638888888889
"F",32,5.61638888888889
"F",39,5.61694444444444
"F",36,5.61722222222222
"F",49,5.62083333333333
"F",50,5.62305555555556
"F",26,5.62777777777778
"F",26,5.62916666666667
"F",25,5.62944444444445
"F",41,5.63
"F",57,5.63055555555556
"F",37,5.63194444444444
"F",23,5.63222222222222
"F",46,5.6325
"F",47,5.63388888888889
"F",62,5.63444444444444
"M",22,5.63555555555556
"M",45,5.63666666666667
"F",32,5.6375
"F",53,5.63972222222222
"M",55,5.64111111111111
"M",51,5.64194444444444
"F",33,5.64194444444444
"F",32,5.64194444444444
"M",24,5.64222222222222
"F",23,5.6425
"F",20,5.64277777777778
"F",26,5.64944444444444
"M",42,5.64972222222222
"F",31,5.65277777777778
"M",46,5.65583333333333
"F",49,5.65611111111111
"M",51,5.65694444444444
"F",29,5.65888888888889
"M",53,5.66
"M",56,5.66222222222222
"F",40,5.66416666666667
"F",42,5.66555555555556
"M",39,5.66555555555556
"M",39,5.66555555555556
"M",38,5.66555555555556
"F",28,5.66638888888889
"F",40,5.66777777777778
"M",39,5.66805555555556
"M",26,5.67055555555556
"F",27,5.67055555555556
"F",33,5.67083333333333
"F",34,5.67472222222222
"F",30,5.67611111111111
"F",41,5.67916666666667
"M",25,5.67972222222222
"F",60,5.68
"F",59,5.68027777777778
"F",39,5.68055555555556
"F",46,5.68111111111111
"F",25,5.68222222222222
"F",51,5.68361111111111
"F",26,5.685
"F",22,5.68527777777778
"F",36,5.68638888888889
"M",38,5.6875
"F",59,5.69083333333333
"M",58,5.69277777777778
"M",45,5.69277777777778
"M",55,5.69444444444444
"M",45,5.69527777777778
"F",40,5.69611111111111
"M",52,5.69611111111111
"F",47,5.69638888888889
"M",47,5.6975
"F",33,5.69777777777778
"M",37,5.69972222222222
"M",39,5.70527777777778
"M",35,5.70722222222222
"M",36,5.70722222222222
"M",40,5.70972222222222
"F",39,5.71083333333333
"M",25,5.71277777777778
"F",46,5.71416666666667
"F",29,5.71666666666667
"M",45,5.7225
"F",41,5.725
"F",40,5.72555555555556
"F",49,5.72916666666667
"M",46,5.73
"M",40,5.73333333333333
"F",42,5.73694444444444
"F",41,5.7375
"F",43,5.74027777777778
"F",43,5.74055555555556
"M",48,5.74083333333333
"M",69,5.74277777777778
"M",48,5.74305555555556
"F",47,5.74361111111111
"F",41,5.74472222222222
"M",27,5.745
"F",46,5.74777777777778
"F",20,5.74916666666667
"F",34,5.74972222222222
"F",25,5.75055555555556
"F",35,5.75277777777778
"M",56,5.75416666666667
"M",70,5.75444444444444
"F",24,5.75444444444444
"M",60,5.75666666666667
"F",49,5.76055555555556
"F",55,5.76083333333333
"F",63,5.76166666666667
"M",44,5.76277777777778
"F",46,5.76361111111111
"M",38,5.76611111111111
"F",55,5.76722222222222
"F",44,5.76888888888889
"M",72,5.77083333333333
"M",46,5.77166666666667
"M",46,5.775
"F",65,5.77555555555556
"M",39,5.77722222222222
"F",30,5.77722222222222
"F",30,5.77888888888889
"M",33,5.77888888888889
"F",27,5.78361111111111
"F",26,5.78361111111111
"F",35,5.78527777777778
"M",43,5.78555555555556
"M",30,5.78722222222222
"F",28,5.78722222222222
"F",43,5.78805555555556
"M",34,5.79
"M",50,5.79055555555556
"F",36,5.79166666666667
"F",40,5.79555555555556
"M",46,5.79666666666667
"M",29,5.79805555555556
"F",23,5.79861111111111
"M",66,5.79888888888889
"F",53,5.80055555555556
"F",60,5.80194444444444
"F",35,5.80361111111111
"M",40,5.80944444444444
"F",50,5.81194444444444
"M",26,5.81222222222222
"M",52,5.81388888888889
"M",30,5.81388888888889
"F",42,5.815
"F",29,5.8175
"F",25,5.82111111111111
"M",28,5.82138888888889
"M",59,5.82666666666667
"M",41,5.82805555555556
"F",44,5.82805555555556
"F",50,5.82805555555556
"F",37,5.82888888888889
"F",41,5.83472222222222
"M",47,5.835
"M",57,5.83555555555556
"F",50,5.83555555555556
"M",46,5.84055555555556
"M",42,5.84138888888889
"F",29,5.84194444444444
"M",65,5.84527777777778
"F",29,5.84555555555556
"F",35,5.8475
"M",48,5.84861111111111
"F",46,5.84916666666667
"M",51,5.84944444444444
"M",41,5.84972222222222
"M",25,5.85027777777778
"F",30,5.85027777777778
"F",60,5.85138888888889
"M",33,5.85361111111111
"F",36,5.85611111111111
"F",27,5.85694444444444
"M",28,5.85694444444444
"M",24,5.85972222222222
"F",55,5.86
"F",25,5.86194444444444
"F",55,5.86222222222222
"M",40,5.86305555555556
"F",28,5.86416666666667
"M",35,5.86777777777778
"M",29,5.87111111111111
"F",40,5.87555555555556
"F",25,5.87611111111111
"F",27,5.87805555555556
"M",25,5.87805555555556
"M",61,5.87944444444445
"F",46,5.87944444444445
"M",65,5.88305555555556
"M",46,5.88638888888889
"M",65,5.88666666666667
"F",42,5.88722222222222
"F",47,5.88722222222222
"F",45,5.89
"F",46,5.89138888888889
"M",54,5.89194444444444
"M",63,5.89361111111111
"F",56,5.89527777777778
"M",44,5.89916666666667
"M",38,5.89972222222222
"F",40,5.90055555555556
"F",31,5.90472222222222
"F",54,5.90583333333333
"F",48,5.90638888888889
"M",50,5.90638888888889
"F",37,5.90805555555556
"F",51,5.91
"F",39,5.91083333333333
"M",69,5.91472222222222
"F",52,5.91527777777778
"F",40,5.91638888888889
"M",60,5.91694444444444
"F",28,5.91805555555556
"M",47,5.92222222222222
"M",32,5.92277777777778
"F",42,5.92305555555556
"M",74,5.9275
"F",33,5.92805555555556
"M",27,5.92861111111111
"F",25,5.92944444444444
"M",72,5.93138888888889
"F",50,5.93972222222222
"F",24,5.94222222222222
"M",66,5.9425
"F",26,5.94333333333333
"F",39,5.94361111111111
"M",58,5.94472222222222
"F",28,5.94555555555556
"M",22,5.94722222222222
"M",59,5.94833333333333
"M",45,5.95055555555556
"F",60,5.96305555555556
"F",44,5.96305555555556
"F",46,5.96305555555556
"M",67,5.96416666666667
"F",45,5.965
"M",43,5.96694444444444
"M",49,5.9675
"M",32,5.96972222222222
"M",55,5.97083333333333
"F",50,5.97166666666667
"F",34,5.97222222222222
"M",76,5.9725
"F",25,5.97333333333333
"F",20,5.97611111111111
"M",62,5.97611111111111
"F",27,5.97861111111111
"F",42,5.97888888888889
"M",57,5.98166666666667
"F",36,5.98555555555556
"F",48,5.98861111111111
"M",39,5.98861111111111
"M",61,5.9925
"M",58,5.99416666666667
"F",45,5.99777777777778
"F",26,5.99916666666667
"F",23,5.99972222222222
"M",46,6.00027777777778
"F",31,6.00111111111111
"M",54,6.00111111111111
"M",51,6.00111111111111
"F",56,6.00138888888889
"F",50,6.00194444444444
"F",35,6.00416666666667
"F",39,6.00555555555556
"M",40,6.00666666666667
"M",66,6.01027777777778
"F",38,6.01527777777778
"M",20,6.01611111111111
"F",19,6.01611111111111
"M",50,6.01638888888889
"F",40,6.02111111111111
"M",53,6.02527777777778
"M",45,6.02722222222222
"M",28,6.03083333333333
"F",32,6.03111111111111
"F",66,6.0325
"F",33,6.03305555555556
"F",53,6.035
"F",42,6.03638888888889
"F",32,6.03694444444444
"M",55,6.0375
"F",31,6.04083333333333
"F",45,6.04472222222222
"M",29,6.05555555555556
"M",40,6.05888888888889
"F",39,6.06638888888889
"F",41,6.07194444444444
"M",32,6.07638888888889
"M",69,6.08555555555556
"M",66,6.08694444444444
"F",36,6.09888888888889
"F",36,6.09916666666667
"F",36,6.10305555555555
"M",81,6.10638888888889
"F",61,6.10694444444444
"F",68,6.1225
"F",70,6.12277777777778
"M",58,6.13083333333333
"F",23,6.13666666666667
"M",50,6.14555555555556
"M",34,6.15083333333333
"M",46,6.15166666666667
"F",29,6.16944444444445
"M",67,6.1775
"M",34,6.21055555555556
"M",81,6.28222222222222
"F",26,6.36138888888889
"M",51,7.13638888888889
"M",57,7.13666666666667
"M",38,7.26722222222222
"F",45,7.2675
"M",54,7.52638888888889
"M",55,7.52666666666667
"M",30,3.12555555555556
"F",21,3.12555555555556
"M",40,3.12583333333333
"M",33,3.12611111111111
"M",43,3.12611111111111
"M",40,3.12611111111111
"M",39,3.12611111111111
"M",35,3.12638888888889
"M",32,3.12638888888889
"M",35,3.12638888888889
"M",42,3.12666666666667
"M",38,3.12666666666667
"M",46,3.12666666666667
"M",43,3.12694444444444
"M",50,3.12722222222222
"M",53,3.1275
"M",30,3.1275
"M",46,3.1275
"M",53,3.1275
"M",35,3.12805555555556
"M",44,3.12805555555556
"M",45,3.12833333333333
"M",38,3.12833333333333
"M",30,3.12861111111111
"M",43,3.12861111111111
"M",23,3.12861111111111
"M",46,3.12888888888889
"M",42,3.12888888888889
"M",40,3.12888888888889
"M",34,3.12888888888889
"M",38,3.12916666666667
"M",51,3.12916666666667
"M",55,3.12916666666667
"M",41,3.12944444444444
"M",36,3.12944444444444
"M",27,3.12944444444444
"F",42,3.12944444444444
"M",34,3.12972222222222
"M",26,3.13
"M",27,3.13
"M",43,3.13027777777778
"M",46,3.13027777777778
"M",40,3.13027777777778
"M",35,3.13027777777778
"M",53,3.13055555555556
"M",24,3.13083333333333
"M",37,3.13083333333333
"M",38,3.13083333333333
"M",42,3.13083333333333
"M",46,3.13083333333333
"M",47,3.13111111111111
"M",29,3.13111111111111
"M",42,3.13111111111111
"M",20,3.13111111111111
"M",21,3.13138888888889
"M",36,3.13138888888889
"M",56,3.13166666666667
"M",46,3.13194444444444
"M",42,3.13194444444444
"F",36,3.13222222222222
"M",24,3.13222222222222
"M",23,3.13222222222222
"M",41,3.13222222222222
"M",29,3.13222222222222
"M",28,3.13222222222222
"M",26,3.13222222222222
"M",47,3.13222222222222
"F",28,3.1325
"M",42,3.1325
"M",32,3.13277777777778
"M",35,3.13277777777778
"M",45,3.13305555555556
"M",54,3.13305555555556
"F",26,3.13305555555556
"M",43,3.13333333333333
"M",38,3.13333333333333
"M",51,3.13333333333333
"M",52,3.13333333333333
"M",48,3.13361111111111
"M",31,3.13361111111111
"M",31,3.13361111111111
"M",43,3.13361111111111
"M",37,3.13361111111111
"F",34,3.13416666666667
"M",27,3.13444444444444
"M",41,3.13444444444444
"M",37,3.13444444444444
"M",29,3.13472222222222
"M",34,3.13472222222222
"M",31,3.13472222222222
"F",27,3.135
"M",27,3.135
"M",51,3.13527777777778
"F",27,3.13527777777778
"M",50,3.13527777777778
"M",42,3.13527777777778
"M",37,3.13555555555556
"M",45,3.13583333333333
"M",36,3.13583333333333
"M",36,3.13583333333333
"M",43,3.13583333333333
"M",46,3.13638888888889
"M",30,3.13638888888889
"M",37,3.13666666666667
"M",48,3.13666666666667
"M",36,3.13666666666667
"M",39,3.13666666666667
"M",27,3.13666666666667
"M",47,3.13694444444444
"M",27,3.13694444444444
"M",45,3.13694444444444
"M",26,3.13722222222222
"M",34,3.13722222222222
"M",43,3.13722222222222
"M",37,3.1375
"M",38,3.1375
"M",28,3.13777777777778
"M",42,3.13805555555556
"M",36,3.13833333333333
"M",38,3.13833333333333
"F",26,3.13861111111111
"M",42,3.13861111111111
"M",26,3.13861111111111
"M",43,3.13861111111111
"M",31,3.13861111111111
"M",45,3.13888888888889
"M",34,3.13888888888889
"M",28,3.13888888888889
"M",39,3.13888888888889
"M",24,3.13916666666667
"M",38,3.13916666666667
"F",22,3.13944444444444
"M",38,3.13944444444444
"F",24,3.13944444444444
"M",52,3.13944444444444
"F",24,3.13944444444444
"F",45,3.13972222222222
"M",42,3.13972222222222
"M",26,3.13972222222222
"M",20,3.13972222222222
"M",34,3.13972222222222
"M",24,3.14
"M",45,3.14
"F",24,3.14027777777778
"M",42,3.14027777777778
"M",31,3.14027777777778
"M",43,3.14027777777778
"M",37,3.14083333333333
"M",45,3.14111111111111
"M",23,3.14111111111111
"M",31,3.14111111111111
"M",34,3.14111111111111
"M",42,3.14111111111111
"M",59,3.14111111111111
"M",29,3.14111111111111
"M",28,3.14166666666667
"M",36,3.14166666666667
"M",30,3.14166666666667
"M",35,3.14194444444444
"M",37,3.1425
"M",35,3.1425
"M",37,3.1425
"M",21,3.14277777777778
"M",43,3.14277777777778
"M",35,3.14277777777778
"M",40,3.14305555555556
"F",30,3.14305555555556
"M",48,3.14305555555556
"M",35,3.14361111111111
"M",28,3.14361111111111
"M",44,3.14361111111111
"M",29,3.14388888888889
"M",36,3.14388888888889
"M",49,3.14388888888889
"M",58,3.14388888888889
"M",34,3.14416666666667
"M",27,3.14416666666667
"M",52,3.14444444444444
"M",32,3.14444444444444
"M",30,3.14444444444444
"M",37,3.14444444444444
"M",48,3.14444444444444
"M",30,3.14472222222222
"M",30,3.14472222222222
"M",37,3.14472222222222
"M",33,3.145
"M",35,3.145
"M",37,3.145
"M",41,3.14527777777778
"M",41,3.14527777777778
"M",34,3.14555555555556
"M",31,3.14555555555556
"M",42,3.14555555555556
"M",24,3.14583333333333
"F",50,3.14583333333333
"M",54,3.14611111111111
"M",41,3.14611111111111
"M",31,3.14611111111111
"M",32,3.14638888888889
"M",42,3.14638888888889
"M",32,3.14666666666667
"M",46,3.14666666666667
"M",29,3.14666666666667
"M",32,3.14666666666667
"M",37,3.14666666666667
"M",48,3.14694444444444
"M",46,3.14694444444444
"M",30,3.14694444444444
"M",42,3.14694444444444
"M",50,3.14694444444444
"M",34,3.14694444444444
"F",25,3.14722222222222
"M",50,3.14722222222222
"M",27,3.14722222222222
"M",37,3.14777777777778
"M",35,3.14777777777778
"M",29,3.14777777777778
"M",37,3.14777777777778
"M",48,3.14777777777778
"M",37,3.14777777777778
"M",51,3.14805555555556
"M",22,3.14805555555556
"M",26,3.14805555555556
"M",20,3.14805555555556
"M",40,3.14805555555556
"F",30,3.14805555555556
"M",44,3.14805555555556
"M",43,3.14833333333333
"M",37,3.14861111111111
"M",41,3.14861111111111
"M",44,3.14861111111111
"M",30,3.14888888888889
"M",36,3.14888888888889
"M",47,3.14916666666667
"M",26,3.14916666666667
"M",36,3.14916666666667
"M",26,3.14916666666667
"M",35,3.14916666666667
"M",45,3.14944444444444
"M",51,3.14944444444444
"M",32,3.14972222222222
"M",43,3.14972222222222
"M",35,3.14972222222222
"M",32,3.15
"M",45,3.15
"M",53,3.15027777777778
"M",39,3.15027777777778
"M",45,3.15055555555556
"M",36,3.15083333333333
"M",27,3.15083333333333
"F",24,3.15083333333333
"M",43,3.15111111111111
"M",41,3.15111111111111
"M",30,3.15111111111111
"M",40,3.15111111111111
"M",37,3.15138888888889
"M",35,3.15138888888889
"M",36,3.15166666666667
"M",50,3.15166666666667
"M",36,3.15166666666667
"M",33,3.15166666666667
"M",48,3.15166666666667
"M",33,3.15194444444444
"M",29,3.15194444444444
"M",32,3.15222222222222
"M",30,3.15222222222222
"M",50,3.15222222222222
"M",22,3.15222222222222
"M",28,3.15222222222222
"M",33,3.1525
"M",37,3.15277777777778
"M",54,3.15305555555556
"M",45,3.15305555555556
"M",41,3.15305555555556
"M",38,3.15333333333333
"M",44,3.15333333333333
"M",32,3.15361111111111
"M",27,3.15361111111111
"M",42,3.15361111111111
"M",51,3.15361111111111
"M",30,3.15361111111111
"M",23,3.15361111111111
"M",31,3.15416666666667
"M",47,3.15416666666667
"F",29,3.15444444444444
"M",19,3.15444444444444
"M",32,3.15472222222222
"M",35,3.15472222222222
"M",42,3.15472222222222
"F",35,3.15472222222222
"M",41,3.15472222222222
"M",50,3.15472222222222
"F",34,3.15472222222222
"M",29,3.15472222222222
"M",29,3.155
"M",34,3.155
"M",24,3.155
"M",35,3.155
"M",42,3.155
"M",36,3.15527777777778
"M",42,3.15527777777778
"M",27,3.15527777777778
"M",35,3.15527777777778
"M",27,3.15527777777778
"M",29,3.15555555555556
"M",29,3.15583333333333
"M",30,3.15583333333333
"M",26,3.15583333333333
"M",41,3.15611111111111
"F",30,3.15611111111111
"M",28,3.15638888888889
"M",42,3.15638888888889
"M",29,3.15638888888889
"M",39,3.15666666666667
"M",40,3.15666666666667
"M",33,3.15694444444444
"M",25,3.15694444444444
"M",24,3.15722222222222
"M",24,3.15722222222222
"M",35,3.15722222222222
"M",52,3.15722222222222
"M",32,3.15722222222222
"F",27,3.1575
"F",33,3.1575
"M",26,3.1575
"M",33,3.15777777777778
"F",39,3.15777777777778
"M",45,3.15805555555556
"F",43,3.15805555555556
"F",29,3.15805555555556
"M",43,3.15805555555556
"F",36,3.15833333333333
"M",41,3.15833333333333
"M",31,3.15833333333333
"M",44,3.15833333333333
"M",24,3.15833333333333
"M",43,3.15833333333333
"M",50,3.15888888888889
"F",24,3.15888888888889
"M",32,3.15888888888889
"M",33,3.15916666666667
"F",44,3.15916666666667
"M",41,3.15916666666667
"M",41,3.15944444444444
"M",37,3.15944444444444
"F",44,3.15944444444444
"M",50,3.15944444444444
"M",43,3.15944444444444
"M",33,3.15972222222222
"M",28,3.15972222222222
"M",29,3.16
"M",40,3.16
"M",55,3.16
"M",55,3.16
"M",26,3.16
"F",35,3.16027777777778
"M",40,3.16027777777778
"F",30,3.16027777777778
"M",30,3.16055555555556
"M",49,3.16055555555556
"M",50,3.16055555555556
"M",19,3.16055555555556
"M",39,3.16055555555556
"M",46,3.16083333333333
"M",34,3.16083333333333
"M",43,3.16083333333333
"F",27,3.16083333333333
"M",34,3.16083333333333
"M",38,3.16083333333333
"M",34,3.16083333333333
"M",48,3.16083333333333
"M",45,3.16111111111111
"M",23,3.16111111111111
"M",40,3.16138888888889
"M",34,3.16138888888889
"M",19,3.16166666666667
"M",39,3.16166666666667
"M",47,3.16166666666667
"M",32,3.16166666666667
"M",32,3.16166666666667
"M",31,3.16166666666667
"M",45,3.16194444444444
"M",50,3.16194444444444
"M",49,3.16194444444444
"M",44,3.16222222222222
"F",37,3.16222222222222
"M",38,3.1625
"M",36,3.1625
"F",26,3.16305555555556
"M",27,3.16305555555556
"M",33,3.16333333333333
"M",26,3.16333333333333
"M",26,3.16361111111111
"M",52,3.16361111111111
"M",43,3.16361111111111
"M",31,3.16361111111111
"M",27,3.16388888888889
"M",38,3.16388888888889
"M",34,3.16388888888889
"M",44,3.16388888888889
"M",29,3.16388888888889
"M",46,3.16388888888889
"M",39,3.16416666666667
"M",43,3.16444444444444
"M",27,3.16444444444444
"M",57,3.16444444444444
"M",30,3.16444444444444
"M",34,3.16444444444444
"M",42,3.16444444444444
"M",37,3.16472222222222
"M",44,3.16472222222222
"M",22,3.16472222222222
"M",39,3.165
"M",41,3.165
"M",26,3.165
"M",34,3.165
"M",35,3.165
"M",60,3.165
"M",27,3.165
"M",46,3.16527777777778
"M",34,3.16527777777778
"M",31,3.16527777777778
"M",38,3.16555555555556
"M",44,3.16555555555556
"M",26,3.16555555555556
"M",35,3.16555555555556
"M",25,3.16555555555556
"M",37,3.16583333333333
"M",32,3.16583333333333
"M",20,3.16583333333333
"M",35,3.16583333333333
"M",46,3.16611111111111
"M",45,3.16611111111111
"F",40,3.16638888888889
"M",45,3.16638888888889
"M",36,3.16666666666667
"M",41,3.16666666666667
"M",27,3.16666666666667
"M",31,3.16666666666667
"M",46,3.16694444444444
"M",24,3.16694444444444
"M",32,3.16694444444444
"M",41,3.16694444444444
"M",43,3.16694444444444
"M",29,3.16694444444444
"M",41,3.16694444444444
"F",30,3.16694444444444
"M",36,3.1675
"M",31,3.1675
"M",40,3.1675
"M",42,3.1675
"M",45,3.1675
"M",43,3.1675
"M",36,3.1675
"M",40,3.16777777777778
"F",34,3.16777777777778
"F",29,3.16805555555556
"M",60,3.16805555555556
"M",20,3.16833333333333
"F",37,3.16833333333333
"M",51,3.16833333333333
"M",34,3.16861111111111
"F",36,3.16861111111111
"M",26,3.16888888888889
"M",28,3.16916666666667
"M",23,3.16916666666667
"M",53,3.16944444444444
"M",42,3.16944444444444
"M",35,3.16972222222222
"M",41,3.16972222222222
"M",37,3.16972222222222
"M",40,3.16972222222222
"M",22,3.17
"M",38,3.17
"M",37,3.17
"F",38,3.17027777777778
"M",35,3.17027777777778
"M",26,3.17027777777778
"M",43,3.17027777777778
"M",45,3.17055555555556
"M",43,3.17055555555556
"F",42,3.17083333333333
"M",42,3.17083333333333
"M",46,3.17111111111111
"M",33,3.17111111111111
"M",36,3.17111111111111
"M",36,3.17111111111111
"M",21,3.17111111111111
"F",24,3.17111111111111
"M",25,3.17138888888889
"M",41,3.17138888888889
"F",43,3.17138888888889
"M",40,3.17166666666667
"M",37,3.17166666666667
"M",41,3.17194444444444
"M",38,3.17194444444444
"M",54,3.17194444444444
"M",51,3.17222222222222
"M",41,3.17222222222222
"F",26,3.17277777777778
"M",26,3.17277777777778
"M",43,3.17277777777778
"M",40,3.17277777777778
"M",21,3.17305555555556
"M",30,3.17305555555556
"M",40,3.17305555555556
"M",42,3.17333333333333
"M",44,3.17333333333333
"M",27,3.17333333333333
"M",45,3.17333333333333
"M",47,3.17333333333333
"M",32,3.17361111111111
"M",48,3.17388888888889
"M",26,3.17388888888889
"M",39,3.17388888888889
"M",49,3.17388888888889
"F",26,3.17416666666667
"M",24,3.17416666666667
"M",48,3.17416666666667
"M",27,3.17416666666667
"M",41,3.17416666666667
"F",35,3.17416666666667
"M",30,3.17444444444444
"M",37,3.17444444444444
"M",30,3.175
"M",30,3.175
"M",37,3.175
"M",20,3.17527777777778
"M",45,3.17555555555556
"M",39,3.17555555555556
"M",37,3.17555555555556
"F",29,3.17555555555556
"M",29,3.17555555555556
"M",33,3.17555555555556
"M",39,3.17583333333333
"M",46,3.17583333333333
"M",25,3.17583333333333
"M",40,3.17611111111111
"M",42,3.17611111111111
"M",49,3.17638888888889
"M",37,3.17638888888889
"M",37,3.17638888888889
"M",49,3.17638888888889
"M",38,3.17638888888889
"F",38,3.17666666666667
"M",41,3.17666666666667
"M",39,3.17666666666667
"M",37,3.17694444444444
"M",44,3.17722222222222
"M",47,3.17722222222222
"M",39,3.1775
"M",42,3.1775
"M",47,3.1775
"M",32,3.17777777777778
"M",45,3.17833333333333
"F",33,3.17861111111111
"M",44,3.17861111111111
"M",37,3.17888888888889
"M",47,3.17888888888889
"M",52,3.17916666666667
"M",42,3.17916666666667
"M",26,3.17944444444444
"M",32,3.17944444444444
"M",35,3.17944444444444
"M",46,3.17944444444444
"M",39,3.17944444444444
"F",22,3.17972222222222
"M",34,3.17972222222222
"M",26,3.17972222222222
"F",37,3.18
"M",27,3.18
"M",25,3.18027777777778
"M",38,3.18055555555556
"M",37,3.18055555555556
"F",31,3.18083333333333
"F",36,3.18083333333333
"M",39,3.18083333333333
"M",38,3.18111111111111
"M",38,3.18111111111111
"M",39,3.18111111111111
"M",38,3.18138888888889
"M",49,3.18166666666667
"M",37,3.18166666666667
"M",47,3.18194444444444
"M",24,3.18194444444444
"M",38,3.18222222222222
"M",29,3.18222222222222
"M",31,3.1825
"M",42,3.1825
"M",35,3.1825
"M",56,3.1825
"F",22,3.1825
"M",32,3.18277777777778
"M",37,3.18277777777778
"F",21,3.18277777777778
"F",37,3.18305555555556
"M",22,3.18305555555556
"M",33,3.18333333333333
"M",41,3.18333333333333
"M",40,3.18333333333333
"M",31,3.18333333333333
"M",36,3.18361111111111
"M",24,3.18361111111111
"M",28,3.18361111111111
"M",35,3.18388888888889
"F",34,3.18416666666667
"M",31,3.18416666666667
"M",36,3.18416666666667
"M",31,3.18444444444444
"M",40,3.18472222222222
"M",32,3.18472222222222
"M",40,3.18472222222222
"M",24,3.18472222222222
"M",49,3.185
"M",49,3.185
"F",26,3.185
"F",23,3.18527777777778
"M",44,3.18555555555556
"M",46,3.18555555555556
"M",45,3.18583333333333
"M",34,3.18583333333333
"M",50,3.18583333333333
"M",41,3.18611111111111
"M",38,3.18611111111111
"M",54,3.18611111111111
"M",41,3.18611111111111
"M",43,3.18611111111111
"M",44,3.18611111111111
"F",48,3.18638888888889
"M",48,3.18638888888889
"M",40,3.18638888888889
"M",50,3.18666666666667
"M",38,3.18666666666667
"M",41,3.18666666666667
"F",41,3.18722222222222
"M",45,3.18722222222222
"F",36,3.18722222222222
"M",41,3.1875
"M",37,3.1875
"M",34,3.1875
"M",45,3.18777777777778
"F",26,3.18777777777778
"M",28,3.18777777777778
"M",33,3.18805555555556
"F",36,3.18805555555556
"M",49,3.18833333333333
"F",32,3.18833333333333
"M",41,3.18833333333333
"M",42,3.18861111111111
"M",36,3.18888888888889
"M",42,3.18888888888889
"F",24,3.18888888888889
"M",39,3.18916666666667
"M",43,3.18944444444444
"M",45,3.18944444444444
"M",37,3.18944444444444
"F",25,3.18972222222222
"M",47,3.18972222222222
"M",32,3.18972222222222
"M",39,3.18972222222222
"M",33,3.19
"M",23,3.19
"M",41,3.19027777777778
"M",49,3.19055555555556
"M",42,3.19055555555556
"M",54,3.19083333333333
"M",26,3.19083333333333
"M",32,3.19111111111111
"F",43,3.19111111111111
"F",27,3.19111111111111
"M",29,3.19138888888889
"M",37,3.19138888888889
"M",41,3.19166666666667
"M",39,3.19166666666667
"M",24,3.19166666666667
"M",40,3.19166666666667
"F",23,3.19166666666667
"M",47,3.19194444444444
"M",29,3.19222222222222
"M",44,3.19222222222222
"M",45,3.19222222222222
"M",47,3.1925
"M",32,3.1925
"M",60,3.1925
"M",46,3.19277777777778
"M",36,3.19277777777778
"M",39,3.19277777777778
"M",30,3.19277777777778
"M",54,3.19277777777778
"M",31,3.19333333333333
"M",47,3.19333333333333
"F",46,3.19333333333333
"F",49,3.19361111111111
"M",42,3.19361111111111
"M",52,3.19361111111111
"M",57,3.19361111111111
"M",24,3.19388888888889
"F",28,3.19388888888889
"M",34,3.19388888888889
"M",36,3.19416666666667
"M",30,2.76583333333333
"M",26,2.76611111111111
"M",22,2.76694444444444
"M",46,2.76694444444444
"M",34,2.76722222222222
"M",45,2.76777777777778
"M",34,2.76777777777778
"M",39,2.76777777777778
"M",41,2.76833333333333
"M",27,2.76861111111111
"F",28,2.77111111111111
"M",23,2.77138888888889
"M",37,2.77166666666667
"M",30,2.77166666666667
"M",30,2.77166666666667
"M",22,2.77166666666667
"M",43,2.77166666666667
"M",31,2.77194444444444
"M",21,2.7725
"M",21,2.77277777777778
"M",26,2.77472222222222
"M",56,2.77472222222222
"M",32,2.77611111111111
"M",26,2.77638888888889
"M",21,2.77694444444444
"M",26,2.77722222222222
"M",44,2.77805555555556
"M",53,2.77805555555556
"M",46,2.77833333333333
"M",28,2.77833333333333
"M",38,2.77861111111111
"M",27,2.77888888888889
"M",31,2.77916666666667
"F",27,2.78083333333333
"M",39,2.78083333333333
"M",33,2.78111111111111
"M",35,2.78166666666667
"M",44,2.78166666666667
"M",24,2.78194444444444
"M",47,2.78222222222222
"M",31,2.7825
"M",43,2.78305555555556
"M",31,2.78361111111111
"M",28,2.78361111111111
"M",32,2.78388888888889
"M",24,2.78388888888889
"M",50,2.78416666666667
"F",43,2.78444444444444
"M",36,2.78527777777778
"M",37,2.78611111111111
"M",28,2.78666666666667
"M",32,2.7875
"M",31,2.78805555555556
"M",35,2.78861111111111
"M",27,2.78888888888889
"M",29,2.78916666666667
"M",34,2.78916666666667
"M",38,2.78972222222222
"M",29,2.79055555555556
"M",46,2.79083333333333
"M",26,2.79111111111111
"M",28,2.79222222222222
"M",28,2.79277777777778
"M",32,2.79388888888889
"M",31,2.79416666666667
"M",41,2.795
"M",33,2.79694444444444
"M",50,2.79722222222222
"M",28,2.79722222222222
"M",42,2.79777777777778
"F",32,2.79916666666667
"M",41,2.79944444444444
"M",45,2.79944444444444
"M",36,2.79972222222222
"M",19,2.80055555555556
"M",36,2.80055555555556
"M",30,2.80138888888889
"M",37,2.80166666666667
"M",39,2.80194444444444
"M",26,2.80222222222222
"M",30,2.80333333333333
"M",38,2.80333333333333
"M",35,2.80361111111111
"M",37,2.80361111111111
"F",40,2.80416666666667
"M",28,2.80444444444444
"M",21,2.80527777777778
"M",35,2.80527777777778
"M",40,2.80583333333333
"M",28,2.8075
"M",19,2.80777777777778
"M",29,2.80805555555556
"M",30,2.80805555555556
"M",39,2.80861111111111
"M",45,2.80916666666667
"M",28,2.81
"M",25,2.81055555555556
"M",37,2.81083333333333
"M",38,2.81111111111111
"M",36,2.81333333333333
"M",30,3.19416666666667
"M",30,3.19416666666667
"M",49,3.19444444444444
"F",26,3.19444444444444
"M",54,3.19444444444444
"M",40,3.19472222222222
"F",31,3.19472222222222
"F",26,3.195
"M",52,3.195
"M",53,3.195
"M",39,3.19527777777778
"M",49,3.19555555555556
"M",22,3.19555555555556
"M",42,3.19555555555556
"M",42,3.19555555555556
"M",48,3.19555555555556
"M",52,3.19555555555556
"M",37,3.19583333333333
"M",42,3.19583333333333
"M",40,3.19611111111111
"M",47,3.19611111111111
"M",41,3.19611111111111
"M",30,3.19638888888889
"M",42,3.19638888888889
"M",32,3.19638888888889
"M",35,3.19666666666667
"M",45,3.19666666666667
"M",49,3.19694444444444
"M",27,3.19694444444444
"M",20,3.19694444444444
"M",25,3.19694444444444
"M",45,3.19694444444444
"M",35,3.19694444444444
"M",35,3.19694444444444
"M",26,3.19722222222222
"M",50,3.19722222222222
"F",27,3.19722222222222
"M",26,3.1975
"M",47,3.1975
"M",39,3.19777777777778
"M",52,3.19777777777778
"F",34,3.19805555555556
"M",46,3.19805555555556
"M",30,3.19805555555556
"M",32,3.19805555555556
"M",34,3.19805555555556
"M",49,3.19833333333333
"M",26,3.19833333333333
"M",42,3.19833333333333
"M",51,3.19861111111111
"F",25,3.19861111111111
"M",36,3.19861111111111
"M",26,3.19888888888889
"M",43,3.19888888888889
"M",23,3.19888888888889
"M",42,3.19888888888889
"M",29,3.19916666666667
"M",51,3.19916666666667
"M",23,3.19944444444444
"M",42,3.19944444444444
"F",25,3.19944444444444
"M",25,3.19944444444444
"M",49,3.19972222222222
"M",50,3.19972222222222
"M",32,3.19972222222222
"F",50,3.19972222222222
"M",42,3.19972222222222
"M",40,3.2
"M",38,3.2
"M",27,3.20027777777778
"M",23,3.20055555555556
"M",42,3.20055555555556
"M",48,3.20055555555556
"F",34,3.20083333333333
"M",40,3.20083333333333
"F",30,3.20083333333333
"M",33,3.20111111111111
"M",28,3.20138888888889
"M",32,3.20138888888889
"M",51,3.20138888888889
"M",33,3.20166666666667
"M",38,3.20166666666667
"M",45,3.20222222222222
"M",32,3.2025
"M",41,3.2025
"M",43,3.2025
"M",25,3.20277777777778
"F",31,3.20277777777778
"M",39,3.20277777777778
"M",37,3.20305555555556
"M",26,3.20305555555556
"M",23,3.20333333333333
"M",37,3.20333333333333
"M",39,3.20333333333333
"M",22,3.20333333333333
"M",36,3.20333333333333
"M",29,3.20333333333333
"F",24,3.20361111111111
"M",37,3.20388888888889
"M",27,3.20416666666667
"M",33,3.20416666666667
"M",44,3.20416666666667
"M",41,3.20444444444444
"M",39,3.20444444444444
"M",41,3.20444444444444
"M",51,3.20444444444444
"M",38,3.20444444444444
"M",24,3.20472222222222
"M",41,3.20472222222222
"M",38,3.205
"M",42,3.205
"F",28,3.205
"M",29,3.20527777777778
"M",42,3.20527777777778
"M",41,3.20527777777778
"M",48,3.20527777777778
"M",29,3.20555555555556
"M",52,3.20555555555556
"M",34,3.20583333333333
"M",37,3.20583333333333
"M",49,3.20583333333333
"M",40,3.20583333333333
"M",31,3.20611111111111
"M",25,3.20611111111111
"M",28,3.20611111111111
"M",37,3.20611111111111
"F",28,3.20611111111111
"M",52,3.20638888888889
"M",55,3.20638888888889
"M",41,3.20638888888889
"M",54,3.20638888888889
"M",30,3.20666666666667
"M",50,3.20666666666667
"M",45,3.20666666666667
"M",49,3.20666666666667
"M",27,3.20694444444444
"M",27,3.20722222222222
"M",34,3.2075
"M",47,3.20777777777778
"M",44,3.20777777777778
"M",47,3.20805555555556
"M",41,3.20833333333333
"M",33,3.20833333333333
"M",32,3.20833333333333
"F",30,3.20861111111111
"M",25,3.20861111111111
"M",45,3.20861111111111
"F",41,3.20861111111111
"F",30,3.20861111111111
"M",39,3.20861111111111
"M",40,3.20916666666667
"M",32,3.20916666666667
"M",46,3.20944444444444
"M",33,3.20944444444444
"M",31,3.20944444444444
"M",50,3.20972222222222
"M",45,3.20972222222222
"M",41,3.20972222222222
"M",25,3.20972222222222
"M",47,3.21
"M",34,3.21
"M",30,3.21
"M",37,3.21027777777778
"M",28,3.21027777777778
"M",42,3.21055555555556
"M",32,3.21055555555556
"M",59,3.21055555555556
"M",41,3.21083333333333
"M",42,3.21083333333333
"M",25,3.21138888888889
"F",37,3.21138888888889
"M",55,3.21166666666667
"M",40,3.21166666666667
"M",31,3.21166666666667
"M",33,3.21194444444444
"M",42,3.21194444444444
"M",28,3.21194444444444
"M",46,3.21222222222222
"M",50,3.21222222222222
"M",39,3.21222222222222
"M",36,3.21222222222222
"M",40,3.21222222222222
"F",41,3.2125
"M",42,3.2125
"M",39,3.21277777777778
"M",44,3.21277777777778
"M",27,3.21277777777778
"F",27,3.21305555555556
"M",46,3.21305555555556
"F",42,3.21333333333333
"M",48,3.21333333333333
"F",31,3.21333333333333
"M",39,3.21333333333333
"M",20,3.21361111111111
"M",34,3.21361111111111
"M",58,3.21388888888889
"M",50,3.21388888888889
"M",21,3.21388888888889
"M",38,3.21388888888889
"M",38,3.21388888888889
"M",51,3.21388888888889
"M",29,3.21388888888889
"M",40,3.21388888888889
"M",33,3.21416666666667
"M",40,3.21444444444444
"M",41,3.21444444444444
"M",42,3.21444444444444
"M",24,3.21472222222222
"M",31,3.21472222222222
"M",54,3.215
"M",35,3.215
"F",40,3.215
"M",32,3.215
"M",24,3.215
"F",32,3.21527777777778
"M",44,3.21527777777778
"M",25,3.21555555555556
"F",25,3.21555555555556
"M",43,3.21555555555556
"F",42,3.21583333333333
"M",39,3.21583333333333
"F",23,3.21583333333333
"M",22,3.21611111111111
"M",40,3.21611111111111
"M",48,3.21611111111111
"M",44,3.21611111111111
"M",62,3.21638888888889
"M",37,3.21638888888889
"M",43,3.21638888888889
"M",58,3.21638888888889
"M",50,3.21638888888889
"M",50,3.21638888888889
"M",39,3.21666666666667
"M",32,3.21666666666667
"M",39,3.21666666666667
"M",45,3.21666666666667
"M",43,3.21666666666667
"M",58,3.21666666666667
"M",46,3.21694444444444
"M",45,3.21694444444444
"M",45,3.21694444444444
"M",41,3.21694444444444
"M",39,3.21722222222222
"M",40,3.21722222222222
"M",46,3.21722222222222
"M",37,3.2175
"M",31,3.21777777777778
"M",45,3.21777777777778
"M",45,3.21777777777778
"M",30,3.21777777777778
"M",54,3.21777777777778
"M",37,3.21805555555556
"M",47,3.21805555555556
"M",34,3.21833333333333
"F",37,3.21833333333333
"M",38,3.21833333333333
"M",39,3.21833333333333
"M",25,3.21861111111111
"M",43,3.21861111111111
"M",38,3.21861111111111
"M",27,3.21861111111111
"M",44,3.21861111111111
"M",32,3.21861111111111
"M",36,3.21861111111111
"F",30,3.21888888888889
"M",33,3.21888888888889
"M",52,3.21916666666667
"M",29,3.21944444444444
"M",52,3.21944444444444
"M",27,3.21944444444444
"M",43,3.21972222222222
"M",40,3.22
"M",41,3.22
"M",39,3.22
"M",35,3.22
"M",37,3.22
"M",51,3.22
"M",51,3.22
"M",55,3.22
"M",38,3.22027777777778
"M",36,3.22027777777778
"M",50,3.22027777777778
"M",35,3.22055555555556
"M",40,3.22055555555556
"M",38,3.22055555555556
"F",23,3.22055555555556
"M",35,3.22055555555556
"M",35,3.22083333333333
"M",39,3.22083333333333
"M",37,3.22083333333333
"F",28,3.22083333333333
"M",46,3.22111111111111
"M",42,3.22138888888889
"M",29,3.22138888888889
"M",40,3.22138888888889
"M",48,3.22166666666667
"M",36,3.22194444444444
"M",32,3.22194444444444
"M",38,3.22194444444444
"M",45,3.22222222222222
"M",37,3.22222222222222
"M",31,3.22222222222222
"M",35,3.22222222222222
"M",45,3.2225
"M",54,3.2225
"F",28,3.2225
"M",45,3.2225
"M",45,3.2225
"M",41,3.22277777777778
"F",24,3.22277777777778
"M",48,3.22277777777778
"M",46,3.22277777777778
"M",45,3.22305555555556
"M",49,3.22333333333333
"M",34,3.22361111111111
"M",38,3.22388888888889
"M",43,3.22388888888889
"M",38,3.22388888888889
"M",50,3.22416666666667
"M",21,3.22416666666667
"F",44,3.22444444444444
"M",43,3.22472222222222
"M",39,3.22472222222222
"M",19,3.225
"M",40,3.225
"M",42,3.225
"F",38,3.22527777777778
"M",26,3.22527777777778
"M",44,3.22555555555556
"M",34,3.22555555555556
"M",42,3.22555555555556
"F",19,3.22583333333333
"M",37,3.22583333333333
"M",36,3.22583333333333
"M",27,3.22583333333333
"M",44,3.22583333333333
"M",43,3.22611111111111
"M",25,3.22611111111111
"M",36,3.22638888888889
"M",50,3.22638888888889
"M",49,3.22638888888889
"M",35,3.22638888888889
"F",30,3.22666666666667
"M",31,3.22666666666667
"M",42,3.22694444444444
"M",42,3.22694444444444
"M",43,3.22722222222222
"M",49,3.22722222222222
"F",35,3.22722222222222
"M",26,3.2275
"M",40,3.2275
"M",47,3.2275
"M",34,3.22777777777778
"F",37,3.22777777777778
"M",53,3.22805555555556
"M",31,3.22805555555556
"M",45,3.22805555555556
"F",28,3.22805555555556
"M",41,3.22805555555556
"M",30,3.22805555555556
"M",36,3.22805555555556
"F",25,3.22833333333333
"M",51,3.22833333333333
"M",35,3.22833333333333
"M",51,3.22833333333333
"F",26,3.22833333333333
"M",42,3.22833333333333
"M",51,3.22833333333333
"M",22,3.22833333333333
"M",39,3.22861111111111
"M",41,3.22861111111111
"M",39,3.22861111111111
"F",28,3.22888888888889
"M",36,3.22888888888889
"M",39,3.22888888888889
"M",28,3.22916666666667
"M",26,3.22916666666667
"M",40,3.22944444444444
"F",40,3.22944444444444
"F",19,3.22944444444444
"M",38,3.22972222222222
"M",35,3.22972222222222
"M",44,3.22972222222222
"M",44,3.22972222222222
"M",43,3.23
"M",47,3.23
"M",53,3.23027777777778
"F",25,3.23055555555556
"F",27,3.23055555555556
"M",44,3.23055555555556
"F",45,3.23055555555556
"M",43,3.23083333333333
"M",49,3.23083333333333
"M",30,3.23083333333333
"M",28,3.23083333333333
"F",23,3.23083333333333
"M",38,3.23083333333333
"M",28,3.23083333333333
"M",39,3.23111111111111
"M",41,3.23111111111111
"F",36,3.23111111111111
"M",41,3.23111111111111
"M",24,3.23138888888889
"M",50,3.23138888888889
"M",50,3.23138888888889
"M",48,3.23138888888889
"M",38,3.23166666666667
"M",49,3.23194444444444
"M",33,3.23194444444444
"M",43,3.23222222222222
"M",46,3.2325
"M",25,3.2325
"M",42,3.23277777777778
"M",46,3.23277777777778
"M",44,3.23277777777778
"M",49,3.23277777777778
"M",39,3.23305555555556
"F",26,3.23305555555556
"M",40,3.23305555555556
"M",37,3.23305555555556
"M",22,3.23305555555556
"M",27,3.23305555555556
"M",44,3.23305555555556
"M",35,3.23305555555556
"M",26,3.23305555555556
"F",36,3.23333333333333
"M",41,3.23333333333333
"M",42,3.23333333333333
"F",42,3.23361111111111
"M",44,3.23361111111111
"M",36,3.23388888888889
"M",37,3.23416666666667
"M",40,3.23416666666667
"M",31,3.23416666666667
"M",30,3.23416666666667
"F",25,3.23416666666667
"M",30,3.23444444444444
"M",29,3.23444444444444
"M",40,3.23444444444444
"M",41,3.23444444444444
"M",27,3.23444444444444
"F",27,3.235
"M",45,3.235
"M",60,3.235
"M",21,3.235
"M",48,3.23527777777778
"M",48,3.23555555555556
"M",35,3.23555555555556
"M",47,3.23555555555556
"F",23,3.23555555555556
"M",45,3.23583333333333
"M",54,3.23583333333333
"M",25,3.23611111111111
"M",54,3.23611111111111
"M",40,3.23611111111111
"M",49,3.23611111111111
"M",39,3.23611111111111
"M",39,3.23611111111111
"F",25,3.23638888888889
"M",30,3.23638888888889
"M",37,3.23638888888889
"M",36,3.23666666666667
"M",34,3.23694444444444
"F",34,3.23722222222222
"M",34,3.2375
"F",24,3.2375
"M",36,3.2375
"M",41,3.2375
"M",47,3.23777777777778
"M",60,3.23805555555556
"M",42,3.23805555555556
"M",36,3.23805555555556
"M",36,3.23805555555556
"M",34,3.23833333333333
"M",43,3.23833333333333
"M",35,3.23833333333333
"M",38,3.23833333333333
"M",46,3.23861111111111
"M",35,3.23861111111111
"M",40,3.23888888888889
"M",42,3.23888888888889
"F",27,3.23916666666667
"M",43,3.23916666666667
"M",37,3.23916666666667
"M",37,3.23916666666667
"M",41,3.23944444444444
"M",25,3.23972222222222
"F",48,3.23972222222222
"M",26,3.23972222222222
"F",31,3.23972222222222
"M",29,3.23972222222222
"M",31,3.24
"M",28,3.24
"M",25,3.24
"M",33,3.24
"M",29,3.24
"M",36,3.24027777777778
"M",36,3.24027777777778
"M",34,3.24027777777778
"M",34,3.24027777777778
"M",41,3.24055555555556
"M",39,3.24055555555556
"M",26,3.24055555555556
"M",47,3.24083333333333
"M",33,3.24111111111111
"M",36,3.24111111111111
"M",42,3.24138888888889
"M",41,3.24138888888889
"M",29,3.24138888888889
"M",20,3.24166666666667
"M",36,3.24166666666667
"M",28,3.24166666666667
"M",27,3.24166666666667
"M",46,3.24166666666667
"M",38,3.24166666666667
"M",37,3.24166666666667
"M",38,3.24166666666667
"M",29,3.24194444444444
"M",47,3.24222222222222
"M",47,3.24222222222222
"M",39,3.24222222222222
"M",42,3.24222222222222
"M",37,3.24222222222222
"M",45,3.2425
"M",41,3.2425
"M",49,3.2425
"F",29,3.2425
"M",47,3.2425
"M",41,3.24277777777778
"M",44,3.24277777777778
"F",29,3.24277777777778
"M",42,3.24277777777778
"M",29,3.24277777777778
"M",33,3.24277777777778
"F",31,3.24277777777778
"F",47,3.24277777777778
"F",29,3.24277777777778
"M",41,3.24277777777778
"M",47,3.24305555555556
"M",41,3.24305555555556
"M",37,3.24305555555556
"M",33,3.24305555555556
"M",52,3.24333333333333
"M",42,3.24333333333333
"M",37,3.24333333333333
"M",46,3.24333333333333
"F",36,3.24333333333333
"M",43,3.24361111111111
"M",42,3.24361111111111
"M",38,3.24361111111111
"M",22,3.24361111111111
"M",27,3.24361111111111
"M",37,3.24361111111111
"F",35,3.24388888888889
"M",24,3.24388888888889
"M",45,3.24416666666667
"M",45,3.24416666666667
"M",31,3.24416666666667
"M",47,3.24416666666667
"M",43,3.24416666666667
"M",42,3.24444444444444
"M",44,3.24444444444444
"M",47,3.24444444444444
"M",47,3.24472222222222
"F",25,3.24472222222222
"M",43,3.24472222222222
"F",28,3.24472222222222
"M",36,3.245
"M",39,3.245
"M",42,3.24527777777778
"M",41,3.24527777777778
"M",46,3.24527777777778
"M",53,3.24527777777778
"M",44,3.24555555555556
"M",40,3.24555555555556
"M",26,3.24555555555556
"F",31,3.24583333333333
"F",32,3.24583333333333
"M",27,3.24583333333333
"M",47,3.24583333333333
"M",45,3.24583333333333
"M",40,3.24611111111111
"M",38,3.24611111111111
"M",35,3.24638888888889
"M",20,3.24638888888889
"M",38,3.24638888888889
"F",46,3.24638888888889
"M",40,3.24638888888889
"F",23,3.24638888888889
"F",23,3.24638888888889
"M",22,3.24666666666667
"M",26,3.24694444444444
"M",36,3.24694444444444
"M",39,3.24694444444444
"M",45,3.24722222222222
"F",27,3.24722222222222
"M",53,3.2475
"M",37,3.2475
"F",24,3.2475
"M",35,3.2475
"M",50,3.2475
"M",38,3.24777777777778
"M",35,3.24777777777778
"M",48,3.24777777777778
"M",36,3.24777777777778
"M",41,3.24777777777778
"M",43,3.24777777777778
"M",38,3.24777777777778
"M",48,3.24805555555556
"M",31,3.24805555555556
"M",40,3.24833333333333
"M",42,3.24833333333333
"M",28,3.24861111111111
"M",48,3.24861111111111
"M",40,3.24861111111111
"M",35,3.24916666666667
"M",34,3.24944444444444
"M",38,3.24944444444444
"M",24,3.24972222222222
"M",43,3.24972222222222
"M",42,3.25
"M",44,3.25
"M",40,3.25
"M",46,3.25027777777778
"M",38,3.25027777777778
"M",37,3.25055555555556
"M",49,3.25055555555556
"M",37,3.25055555555556
"F",27,3.25055555555556
"M",49,3.25055555555556
"M",21,3.25083333333333
"M",26,3.25111111111111
"M",49,3.25111111111111
"M",37,3.25111111111111
"F",24,3.25138888888889
"M",29,3.25166666666667
"M",22,3.25166666666667
"M",45,3.25166666666667
"M",36,3.25166666666667
"M",44,3.25166666666667
"M",50,3.25194444444444
"M",26,3.25194444444444
"M",38,3.25194444444444
"M",31,3.25222222222222
"M",49,3.25222222222222
"M",38,3.25222222222222
"M",36,3.2525
"M",42,3.2525
"M",35,3.25277777777778
"M",44,3.25277777777778
"M",49,3.25277777777778
"M",46,3.25305555555556
"F",33,3.25333333333333
"M",35,3.25333333333333
"F",37,3.25333333333333
"M",47,3.25361111111111
"M",36,3.25361111111111
"M",39,3.25361111111111
"M",53,3.25388888888889
"M",42,3.25416666666667
"M",49,3.25416666666667
"M",49,3.25416666666667
"M",44,3.25416666666667
"M",43,3.25416666666667
"M",44,3.25444444444444
"M",47,3.25444444444444
"M",28,3.25444444444444
"M",52,3.25444444444444
"F",23,3.25444444444444
"M",46,3.25444444444444
"M",44,3.25472222222222
"F",26,3.25472222222222
"M",31,3.25472222222222
"F",25,3.25472222222222
"M",40,3.25472222222222
"M",36,3.25472222222222
"M",47,3.255
"M",37,3.25527777777778
"M",44,3.25527777777778
"F",35,3.25527777777778
"M",49,3.25555555555556
"F",35,3.25555555555556
"M",47,3.25555555555556
"M",37,3.25555555555556
"M",29,3.25555555555556
"F",40,3.25555555555556
"M",49,3.25555555555556
"M",41,3.25583333333333
"M",40,3.25583333333333
"M",43,3.25583333333333
"M",51,3.25583333333333
"F",43,3.25583333333333
"M",39,3.25583333333333
"M",28,3.25611111111111
"F",25,3.25638888888889
"M",34,3.25638888888889
"M",29,3.25666666666667
"M",38,3.25666666666667
"M",39,3.25694444444444
"F",27,3.25694444444444
"M",55,3.25694444444444
"F",24,3.25694444444444
"M",27,3.25722222222222
"M",52,3.25722222222222
"M",41,3.25722222222222
"F",27,3.2575
"F",29,3.2575
"M",41,3.2575
"M",38,3.2575
"F",27,3.25777777777778
"F",43,3.25777777777778
"M",37,3.25777777777778
"F",38,3.25777777777778
"F",37,3.25777777777778
"M",37,3.25777777777778
"M",43,3.25805555555556
"M",36,3.25805555555556
"M",49,3.25805555555556
"M",50,3.25833333333333
"M",52,3.25833333333333
"M",39,3.25861111111111
"M",54,3.25888888888889
"M",35,3.25888888888889
"M",47,3.25888888888889
"F",45,3.25888888888889
"F",23,3.25888888888889
"M",27,3.25888888888889
"M",32,3.25916666666667
"M",40,3.25916666666667
"M",37,3.25944444444444
"M",30,3.25944444444444
"F",43,3.25944444444444
"F",25,3.25944444444444
"M",49,3.25944444444444
"M",37,3.25944444444444
"M",41,3.25972222222222
"M",38,3.25972222222222
"M",42,3.26
"M",45,3.26
"M",47,3.26
"M",49,3.26027777777778
"M",33,3.26027777777778
"M",42,3.26027777777778
"M",41,3.26027777777778
"M",23,3.26055555555556
"M",41,3.26055555555556
"M",48,3.26083333333333
"M",41,3.26111111111111
"M",36,3.26111111111111
"F",43,3.26111111111111
"M",22,3.26111111111111
"M",36,3.26111111111111
"M",30,3.26138888888889
"M",52,3.26138888888889
"F",29,3.26138888888889
"M",40,3.26166666666667
"M",22,3.26166666666667
"M",37,3.26166666666667
"M",40,3.26166666666667
"M",35,3.26194444444444
"M",41,3.26194444444444
"M",54,3.26194444444444
"M",24,3.26194444444444
"M",36,3.26222222222222
"M",47,3.26222222222222
"M",38,3.26222222222222
"F",28,3.26222222222222
"M",42,3.2625
"M",43,3.2625
"M",42,3.2625
"M",30,3.26277777777778
"M",38,3.26277777777778
"F",23,3.26277777777778
"M",36,3.26305555555556
"M",25,3.26305555555556
"M",46,3.26333333333333
"M",22,3.26333333333333
"M",47,3.26333333333333
"M",38,3.26333333333333
"M",35,3.26333333333333
"M",38,3.26361111111111
"M",27,3.26361111111111
"M",25,3.26361111111111
"M",35,3.26388888888889
"M",21,3.26388888888889
"M",55,3.26388888888889
"M",35,3.26388888888889
"M",48,3.26388888888889
"M",48,3.26388888888889
"M",57,3.26388888888889
"M",38,3.26416666666667
"M",41,3.26416666666667
"M",42,3.26416666666667
"M",51,3.26416666666667
"M",40,3.26416666666667
"F",31,3.26416666666667
"M",43,3.26416666666667
"M",34,3.26416666666667
"M",43,3.26444444444444
"M",37,3.26444444444444
"F",25,3.26444444444444
"F",31,3.26444444444444
"F",28,3.26444444444444
"M",29,3.26444444444444
"M",39,3.26472222222222
"M",38,3.26472222222222
"M",29,3.26472222222222
"F",35,3.26472222222222
"M",38,3.265
"F",20,3.265
"F",25,3.265
"M",35,3.265
"F",41,3.26527777777778
"M",40,3.26527777777778
"M",21,3.26527777777778
"M",27,3.26527777777778
"F",29,3.26527777777778
"M",39,3.26527777777778
"M",36,3.26555555555556
"M",38,3.26555555555556
"M",40,3.26555555555556
"F",32,3.26555555555556
"M",41,3.26555555555556
"M",27,3.26555555555556
"M",50,3.26555555555556
"F",27,3.26583333333333
"M",45,3.26611111111111
"M",43,3.26638888888889
"M",25,3.26638888888889
"M",30,3.26638888888889
"M",47,3.26638888888889
"M",47,3.26666666666667
"M",29,3.26666666666667
"M",23,3.26666666666667
"M",55,3.26666666666667
"M",42,3.26666666666667
"M",37,3.26666666666667
"M",39,3.26666666666667
"F",28,3.26694444444444
"F",28,3.26694444444444
"M",39,3.26694444444444
"M",37,3.26694444444444
"M",44,3.26722222222222
"M",65,3.26722222222222
"F",20,3.26722222222222
"M",47,3.2675
"M",41,3.2675
"M",26,3.26777777777778
"M",35,3.26777777777778
"M",30,3.26777777777778
"M",36,3.26777777777778
"M",43,3.26805555555556
"M",55,3.26805555555556
"M",31,3.26805555555556
"M",48,3.26805555555556
"M",40,3.26805555555556
"M",41,3.26805555555556
"M",26,3.26833333333333
"M",33,3.26833333333333
"M",33,3.26833333333333
"M",31,3.26861111111111
"M",40,3.26888888888889
"F",31,3.26888888888889
"M",23,3.26888888888889
"M",58,3.26916666666667
"F",28,3.26916666666667
"M",42,3.26916666666667
"M",32,3.26944444444444
"M",39,3.26944444444444
"F",40,3.26944444444444
"M",23,3.26972222222222
"M",53,3.26972222222222
"F",28,3.26972222222222
"M",49,3.26972222222222
"M",35,3.26972222222222
"M",49,3.27
"M",43,3.27
"M",39,3.27027777777778
"M",42,3.27027777777778
"M",40,3.27027777777778
"M",36,3.27027777777778
"F",24,3.27055555555556
"M",44,3.27083333333333
"F",23,3.27083333333333
"F",30,3.27083333333333
"F",41,3.27083333333333
"M",33,3.27111111111111
"F",24,3.27111111111111
"M",33,3.27111111111111
"M",42,3.27111111111111
"M",26,3.27111111111111
"M",28,3.27111111111111
"M",53,3.27111111111111
"M",52,3.27166666666667
"M",45,3.27166666666667
"M",56,3.27166666666667
"F",41,3.27166666666667
"M",54,3.27166666666667
"M",46,3.27166666666667
"M",37,3.27194444444444
"M",44,3.27194444444444
"M",55,3.27194444444444
"M",54,3.27194444444444
"M",43,3.27222222222222
"M",56,3.27222222222222
"M",43,3.27222222222222
"M",42,3.2725
"M",50,3.2725
"M",28,3.2725
"M",35,3.27305555555556
"M",41,3.27305555555556
"M",32,3.27305555555556
"M",18,3.27333333333333
"M",29,3.27361111111111
"F",43,3.27361111111111
"M",33,3.27361111111111
"M",40,3.27388888888889
"F",38,3.27388888888889
"M",44,3.27388888888889
"F",32,3.27416666666667
"M",36,3.27416666666667
"M",39,3.27416666666667
"F",33,3.27416666666667
"M",40,3.27444444444444
"M",48,3.27444444444444
"M",45,3.27444444444444
"M",40,3.27444444444444
"M",52,3.27472222222222
"M",44,3.27472222222222
"M",41,3.27472222222222
"M",52,3.275
"F",27,3.275
"M",49,3.275
"M",32,3.275
"F",31,3.27527777777778
"M",43,3.27527777777778
"M",52,3.27555555555556
"M",47,3.27555555555556
"M",50,3.27555555555556
"M",34,3.27555555555556
"M",27,3.27583333333333
"M",31,3.27583333333333
"M",39,3.27583333333333
"M",42,3.27583333333333
"M",48,3.27583333333333
"F",27,3.27611111111111
"M",21,3.27638888888889
"M",44,3.27638888888889
"M",47,3.27638888888889
"F",25,3.27666666666667
"M",20,3.27694444444444
"M",43,3.27722222222222
"M",35,3.27722222222222
"M",35,3.27722222222222
"M",40,3.2775
"M",38,3.27777777777778
"M",29,3.27777777777778
"M",34,3.27777777777778
"M",44,3.27805555555556
"M",44,3.27805555555556
"M",20,3.27805555555556
"M",50,3.27805555555556
"M",41,3.27833333333333
"M",36,3.27833333333333
"M",59,3.27833333333333
"M",49,3.27861111111111
"M",52,3.27861111111111
"M",35,3.27888888888889
"M",48,3.27888888888889
"M",35,3.27888888888889
"F",41,3.27916666666667
"M",45,3.27916666666667
"M",44,3.27916666666667
"M",44,3.27916666666667
"M",43,3.27916666666667
"M",45,3.27916666666667
"F",26,3.27944444444444
"M",30,3.27972222222222
"M",38,3.28
"M",36,3.28
"M",30,3.28027777777778
"M",40,3.28027777777778
"M",21,3.28027777777778
"M",38,3.28027777777778
"M",45,3.28027777777778
"M",44,3.28027777777778
"M",71,3.28055555555556
"M",31,3.28055555555556
"M",40,3.28055555555556
"M",48,3.28083333333333
"M",41,3.28111111111111
"M",37,3.28111111111111
"M",40,3.28111111111111
"M",52,3.28138888888889
"M",48,3.28138888888889
"M",44,3.28138888888889
"F",38,3.28166666666667
"F",28,3.28166666666667
"M",42,3.28166666666667
"M",46,3.28194444444444
"M",45,2.81361111111111
"M",25,2.81361111111111
"M",36,2.81361111111111
"M",27,2.81416666666667
"M",35,2.81444444444444
"M",52,2.81472222222222
"M",27,2.81555555555556
"M",45,2.81583333333333
"M",47,2.81722222222222
"M",38,2.8175
"M",36,2.81805555555556
"M",23,2.81805555555556
"M",51,2.81861111111111
"M",39,2.82055555555556
"M",31,2.82138888888889
"M",32,2.82194444444444
"M",36,2.82222222222222
"M",41,2.8225
"M",26,2.8225
"M",29,2.82277777777778
"M",19,2.82333333333333
"M",45,2.82333333333333
"M",42,2.82333333333333
"M",38,2.82388888888889
"M",31,2.82416666666667
"M",34,2.82444444444444
"M",36,2.82472222222222
"M",47,2.825
"M",39,2.825
"M",32,2.82527777777778
"F",32,2.82611111111111
"F",38,2.82694444444444
"M",32,2.82722222222222
"M",25,2.8275
"M",47,2.82833333333333
"M",19,2.82833333333333
"M",24,2.82861111111111
"M",28,2.82861111111111
"M",43,2.82888888888889
"M",24,2.82916666666667
"F",48,2.82944444444444
"M",34,2.83
"M",34,2.83027777777778
"M",38,2.83027777777778
"F",39,2.83055555555556
"M",44,2.83055555555556
"F",37,2.83083333333333
"M",25,2.83111111111111
"M",37,2.83194444444444
"M",28,2.8325
"M",33,2.8325
"M",39,2.83305555555556
"M",29,2.83388888888889
"F",39,2.83388888888889
"M",45,2.83388888888889
"M",34,2.83444444444444
"F",25,2.83472222222222
"M",24,2.83527777777778
"M",44,2.83527777777778
"M",22,2.83555555555556
"M",29,2.83638888888889
"M",40,2.83694444444444
"M",44,2.8375
"M",27,2.83777777777778
"M",46,2.83805555555556
"M",44,2.83833333333333
"M",43,2.83888888888889
"M",20,2.83888888888889
"M",49,2.83916666666667
"M",42,2.84
"M",43,2.84
"M",52,2.84027777777778
"M",50,2.84083333333333
"M",55,2.84083333333333
"M",45,2.84083333333333
"M",45,2.84083333333333
"M",31,2.84166666666667
"M",28,2.84194444444444
"M",27,2.84305555555556
"M",32,2.84333333333333
"M",28,2.84361111111111
"M",40,2.84444444444444
"M",41,2.84444444444444
"M",31,2.84472222222222
"M",47,2.845
"M",25,2.84527777777778
"M",28,2.84583333333333
"M",42,2.84583333333333
"M",25,2.84611111111111
"M",29,2.84611111111111
"M",44,2.84666666666667
"M",26,2.84694444444444
"M",32,2.84722222222222
"M",38,2.84722222222222
"M",40,2.8475
"M",48,2.84805555555556
"M",32,2.84805555555556
"M",23,2.84833333333333
"F",26,2.84861111111111
"M",34,2.84861111111111
"M",48,3.28222222222222
"F",29,3.28222222222222
"F",27,3.28222222222222
"M",52,3.2825
"F",25,3.2825
"M",31,3.28277777777778
"M",34,3.28277777777778
"M",35,3.28277777777778
"M",24,3.28305555555556
"M",38,3.28333333333333
"M",42,3.28333333333333
"M",53,3.28333333333333
"M",29,3.28333333333333
"M",44,3.28361111111111
"M",32,3.28361111111111
"M",26,3.28361111111111
"M",22,3.28388888888889
"F",25,3.28388888888889
"M",43,3.28388888888889
"M",39,3.28388888888889
"M",42,3.28388888888889
"M",46,3.28416666666667
"M",45,3.28416666666667
"M",41,3.28416666666667
"M",40,3.28416666666667
"F",27,3.28416666666667
"M",42,3.28444444444444
"M",32,3.28444444444444
"M",28,3.28444444444444
"M",25,3.28444444444444
"M",40,3.28472222222222
"F",29,3.285
"M",42,3.285
"M",42,3.28527777777778
"F",37,3.28527777777778
"F",29,3.28527777777778
"M",51,3.28555555555556
"M",31,3.28555555555556
"M",46,3.28555555555556
"M",50,3.28583333333333
"M",29,3.28583333333333
"M",48,3.28583333333333
"M",41,3.28583333333333
"M",38,3.28611111111111
"F",24,3.28611111111111
"M",24,3.28611111111111
"F",43,3.28611111111111
"M",45,3.28638888888889
"M",44,3.28638888888889
"M",40,3.28638888888889
"M",39,3.28666666666667
"M",31,3.28666666666667
"M",45,3.28666666666667
"M",47,3.28666666666667
"F",29,3.28666666666667
"M",41,3.28694444444444
"M",45,3.28694444444444
"M",38,3.28694444444444
"M",37,3.28722222222222
"M",39,3.28722222222222
"M",43,3.2875
"F",25,3.2875
"M",53,3.28777777777778
"M",33,3.28777777777778
"M",43,3.28777777777778
"M",32,3.28777777777778
"M",38,3.28805555555556
"F",44,3.28805555555556
"M",44,3.28833333333333
"M",42,3.28833333333333
"M",45,3.28833333333333
"M",46,3.28833333333333
"M",40,3.28833333333333
"M",37,3.28833333333333
"M",40,3.28861111111111
"M",39,3.28861111111111
"M",23,3.28861111111111
"F",32,3.28861111111111
"M",43,3.28888888888889
"M",40,3.28888888888889
"M",38,3.28916666666667
"M",42,3.28916666666667
"M",42,3.28944444444444
"F",30,3.28972222222222
"M",50,3.28972222222222
"M",25,3.29
"M",41,3.29
"M",42,3.29
"M",25,3.29
"M",44,3.29
"F",29,3.29
"M",27,3.29
"M",35,3.29
"M",48,3.29
"M",40,3.29
"M",20,3.29027777777778
"M",47,3.29027777777778
"F",27,3.29027777777778
"M",40,3.29027777777778
"F",29,3.29027777777778
"F",37,3.29055555555556
"M",60,3.29055555555556
"M",45,3.29083333333333
"M",35,3.29111111111111
"M",55,3.29111111111111
"M",45,3.29111111111111
"M",31,3.29111111111111
"M",45,3.29138888888889
"M",35,3.29138888888889
"F",33,3.29138888888889
"M",38,3.29138888888889
"F",40,3.29138888888889
"M",43,3.29166666666667
"M",35,3.29166666666667
"M",52,3.29166666666667
"M",35,3.29222222222222
"M",37,3.2925
"M",45,3.2925
"M",37,3.2925
"M",38,3.2925
"M",30,3.2925
"M",29,3.29277777777778
"M",29,3.29277777777778
"M",39,3.29277777777778
"M",32,3.29277777777778
"M",40,3.29277777777778
"M",42,3.29305555555556
"M",37,3.29305555555556
"M",24,3.29305555555556
"M",21,3.29305555555556
"M",40,3.29305555555556
"M",30,3.29305555555556
"F",25,3.29305555555556
"M",53,3.29305555555556
"M",46,3.29305555555556
"F",35,3.29333333333333
"M",43,3.29333333333333
"M",38,3.29333333333333
"M",46,3.29333333333333
"M",42,3.29333333333333
"M",42,3.29388888888889
"M",38,3.29416666666667
"M",29,3.29416666666667
"F",42,3.29416666666667
"M",35,3.29444444444444
"M",36,3.29444444444444
"M",31,3.29444444444444
"M",34,3.29444444444444
"M",29,3.29444444444444
"M",40,3.29472222222222
"M",46,3.295
"F",51,3.295
"M",54,3.295
"M",37,3.295
"F",25,3.295
"M",62,3.295
"M",42,3.29527777777778
"M",40,3.29527777777778
"M",48,3.29527777777778
"M",32,3.29527777777778
"F",29,3.29527777777778
"M",33,3.29555555555556
"F",33,3.29555555555556
"M",33,3.29555555555556
"M",48,3.29555555555556
"M",36,3.29555555555556
"M",52,3.29555555555556
"M",49,3.29583333333333
"M",39,3.29583333333333
"M",45,3.29583333333333
"M",50,3.29583333333333
"F",33,3.29611111111111
"M",40,3.29611111111111
"M",39,3.29611111111111
"F",29,3.29611111111111
"M",45,3.29611111111111
"M",31,3.29611111111111
"M",52,3.29638888888889
"M",40,3.29638888888889
"F",25,3.29638888888889
"M",53,3.29638888888889
"M",23,3.29638888888889
"M",37,3.29638888888889
"M",39,3.29638888888889
"M",46,3.29666666666667
"M",50,3.29694444444444
"M",46,3.29694444444444
"F",29,3.29694444444444
"F",29,3.29722222222222
"M",43,3.29722222222222
"M",44,3.2975
"M",51,3.2975
"F",30,3.29777777777778
"M",39,3.29777777777778
"M",54,3.29777777777778
"M",48,3.29805555555556
"M",53,3.29805555555556
"M",43,3.29805555555556
"F",33,3.29805555555556
"M",34,3.29833333333333
"M",46,3.29833333333333
"M",51,3.29833333333333
"F",30,3.29833333333333
"M",27,3.29861111111111
"F",29,3.29861111111111
"M",39,3.29861111111111
"M",43,3.29861111111111
"M",29,3.29861111111111
"M",28,3.29861111111111
"M",28,3.29888888888889
"M",35,3.29888888888889
"F",39,3.29916666666667
"M",43,3.29916666666667
"M",47,3.29944444444444
"M",35,3.29944444444444
"M",28,3.29972222222222
"F",47,3.29972222222222
"F",26,3.29972222222222
"M",41,3.29972222222222
"M",21,3.29972222222222
"M",41,3.29972222222222
"M",41,3.3
"M",35,3.30027777777778
"F",24,3.30027777777778
"M",38,3.30027777777778
"M",25,3.30027777777778
"M",35,3.30027777777778
"M",47,3.30055555555556
"M",38,3.30055555555556
"M",42,3.30083333333333
"M",42,3.30083333333333
"M",49,3.30083333333333
"M",52,3.30111111111111
"M",28,3.30111111111111
"M",38,3.30138888888889
"M",52,3.30138888888889
"M",37,3.30138888888889
"M",37,3.30166666666667
"M",41,3.30166666666667
"M",38,3.30194444444444
"M",48,3.30194444444444
"M",29,3.30194444444444
"M",55,3.30194444444444
"M",42,3.30194444444444
"M",44,3.30194444444444
"M",27,3.30222222222222
"M",30,3.30222222222222
"M",41,3.30222222222222
"M",48,3.3025
"M",28,3.30277777777778
"M",46,3.30277777777778
"M",52,3.30305555555556
"M",45,3.30305555555556
"M",46,3.30305555555556
"M",44,3.30333333333333
"M",44,3.30361111111111
"F",35,3.30361111111111
"M",42,3.30388888888889
"F",25,3.30388888888889
"M",44,3.30388888888889
"M",40,3.30388888888889
"M",39,3.30416666666667
"F",44,3.30416666666667
"M",46,3.30416666666667
"M",35,3.30416666666667
"M",55,3.30416666666667
"M",35,3.30416666666667
"M",38,3.30416666666667
"M",30,3.30416666666667
"M",26,3.30444444444444
"M",24,3.30444444444444
"M",34,3.30444444444444
"M",45,3.30444444444444
"M",43,3.30444444444444
"M",40,3.30472222222222
"M",24,3.305
"F",33,3.305
"M",44,3.305
"F",26,3.30527777777778
"M",46,3.30555555555556
"M",53,3.30555555555556
"F",27,3.30555555555556
"M",40,3.30611111111111
"F",28,3.30611111111111
"M",42,3.30638888888889
"M",36,3.30638888888889
"M",38,3.30666666666667
"F",26,3.30666666666667
"M",29,3.30666666666667
"M",43,3.30666666666667
"M",38,3.30666666666667
"M",42,3.30694444444444
"M",44,3.30694444444444
"M",32,3.30694444444444
"M",41,3.30694444444444
"M",46,3.30722222222222
"F",29,3.30722222222222
"F",26,3.30722222222222
"M",42,3.3075
"M",52,3.3075
"M",49,3.3075
"M",46,3.30777777777778
"M",51,3.30777777777778
"M",54,3.30777777777778
"M",32,3.30777777777778
"M",41,3.30805555555556
"M",45,3.30805555555556
"M",37,3.30805555555556
"M",41,3.30805555555556
"M",58,3.30805555555556
"M",40,3.30805555555556
"M",37,3.30805555555556
"M",29,3.30805555555556
"M",39,3.30833333333333
"M",27,3.30833333333333
"F",27,3.30833333333333
"M",39,3.30833333333333
"M",36,3.30861111111111
"M",40,3.30861111111111
"M",46,3.30861111111111
"M",37,3.30861111111111
"M",33,3.30888888888889
"M",31,3.30888888888889
"M",41,3.30888888888889
"M",44,3.30888888888889
"M",45,3.30888888888889
"F",31,3.30916666666667
"M",43,3.30944444444444
"M",47,3.30944444444444
"M",20,3.30944444444444
"M",34,3.30944444444444
"M",46,3.30944444444444
"M",50,3.30944444444444
"F",24,3.30972222222222
"M",51,3.30972222222222
"M",56,3.30972222222222
"F",26,3.30972222222222
"M",40,3.31
"M",40,3.31
"M",40,3.31
"M",26,3.31
"M",43,3.31027777777778
"M",40,3.31027777777778
"M",42,3.31027777777778
"M",34,3.31055555555556
"M",26,3.31055555555556
"M",31,3.31055555555556
"F",28,3.31083333333333
"M",43,3.31111111111111
"M",55,3.31111111111111
"M",42,3.31138888888889
"M",25,3.31138888888889
"M",39,3.31138888888889
"M",36,3.31166666666667
"M",39,3.31166666666667
"F",36,3.31194444444444
"M",43,3.31194444444444
"M",33,3.31194444444444
"M",50,3.31222222222222
"M",45,3.31222222222222
"M",40,3.31222222222222
"M",29,3.31222222222222
"F",39,3.3125
"M",50,3.3125
"M",40,3.3125
"M",37,3.3125
"F",33,3.31277777777778
"M",45,3.31277777777778
"M",42,3.31277777777778
"M",39,3.31277777777778
"M",54,3.31277777777778
"M",26,3.31305555555556
"M",48,3.31305555555556
"M",26,3.31305555555556
"M",38,3.31333333333333
"M",24,3.31333333333333
"M",22,3.31333333333333
"M",26,3.31333333333333
"M",49,3.31361111111111
"F",38,3.31361111111111
"M",26,3.31361111111111
"M",57,3.31361111111111
"F",23,3.31361111111111
"F",36,3.31388888888889
"F",37,3.31388888888889
"M",52,3.31416666666667
"M",44,3.31444444444444
"M",28,3.31472222222222
"M",52,3.31472222222222
"M",21,3.31472222222222
"F",26,3.31472222222222
"M",42,3.31472222222222
"M",31,3.31472222222222
"M",41,3.31472222222222
"M",37,3.31472222222222
"M",46,3.31472222222222
"F",24,3.315
"M",54,3.315
"M",32,3.315
"M",38,3.315
"M",32,3.31527777777778
"M",63,3.31527777777778
"M",38,3.31527777777778
"M",27,3.31527777777778
"M",42,3.31527777777778
"F",28,3.31527777777778
"M",45,3.31555555555556
"M",48,3.31555555555556
"M",44,3.31555555555556
"F",39,3.31555555555556
"M",42,3.31555555555556
"M",38,3.31583333333333
"M",48,3.31611111111111
"F",28,3.31611111111111
"M",41,3.31611111111111
"M",40,3.31611111111111
"M",32,3.31611111111111
"M",37,3.31611111111111
"M",38,3.31611111111111
"M",40,3.31638888888889
"M",41,3.31638888888889
"M",30,3.31638888888889
"M",28,3.31638888888889
"M",48,3.31666666666667
"F",41,3.31666666666667
"F",24,3.31666666666667
"F",27,3.31666666666667
"M",48,3.31694444444444
"M",48,3.31694444444444
"M",37,3.31694444444444
"F",28,3.31722222222222
"M",33,3.31722222222222
"M",33,3.31722222222222
"F",43,3.31722222222222
"F",38,3.31722222222222
"M",44,3.31722222222222
"M",28,3.3175
"M",45,3.31777777777778
"F",36,3.31777777777778
"M",38,3.31805555555556
"F",20,3.31805555555556
"M",50,3.31805555555556
"M",26,3.31805555555556
"M",51,3.31805555555556
"M",31,3.31805555555556
"M",49,3.31833333333333
"F",32,3.31833333333333
"F",25,3.31833333333333
"M",30,3.31833333333333
"M",45,3.31833333333333
"M",35,3.31888888888889
"M",26,3.31888888888889
"M",36,3.31888888888889
"F",25,3.31916666666667
"M",40,3.31916666666667
"F",42,3.31916666666667
"M",46,3.31916666666667
"M",37,3.31916666666667
"M",41,3.31916666666667
"F",46,3.31944444444444
"M",48,3.31944444444444
"M",51,3.31944444444444
"M",47,3.31972222222222
"M",58,3.31972222222222
"M",44,3.31972222222222
"M",49,3.32
"M",40,3.32
"M",40,3.32
"M",47,3.32
"M",42,3.32
"F",39,3.32
"M",37,3.32
"M",44,3.32
"M",40,3.32027777777778
"M",44,3.32055555555556
"M",50,3.32055555555556
"F",28,3.32055555555556
"M",46,3.32055555555556
"F",36,3.32055555555556
"M",48,3.32083333333333
"M",50,3.32083333333333
"F",41,3.32083333333333
"M",52,3.32083333333333
"M",50,3.32083333333333
"F",43,3.32083333333333
"F",25,3.32111111111111
"M",39,3.32111111111111
"M",43,3.32111111111111
"M",45,3.32111111111111
"M",36,3.32111111111111
"M",42,3.32138888888889
"F",39,3.32138888888889
"M",37,3.32138888888889
"M",42,3.32138888888889
"F",44,3.32138888888889
"M",41,3.32138888888889
"M",52,3.32166666666667
"M",45,3.32166666666667
"M",40,3.32166666666667
"M",35,3.32194444444444
"F",31,3.32194444444444
"M",45,3.32194444444444
"M",32,3.32194444444444
"M",52,3.32222222222222
"M",55,3.32222222222222
"M",49,3.32222222222222
"M",25,3.3225
"F",25,3.3225
"M",56,3.32277777777778
"M",53,3.32277777777778
"M",45,3.32277777777778
"M",37,3.32305555555556
"M",32,3.32305555555556
"M",44,3.32305555555556
"M",49,3.32305555555556
"M",40,3.32305555555556
"M",38,3.32333333333333
"F",23,3.32333333333333
"M",46,3.32361111111111
"F",33,3.32361111111111
"M",38,3.32361111111111
"M",41,3.32388888888889
"M",46,3.32388888888889
"M",37,3.32388888888889
"M",40,3.32416666666667
"F",26,3.32416666666667
"F",26,3.32444444444444
"M",34,3.32444444444444
"M",41,3.32444444444444
"M",42,3.32444444444444
"M",47,3.32444444444444
"M",40,3.32444444444444
"M",39,3.32472222222222
"M",37,3.32472222222222
"F",43,3.32472222222222
"M",38,3.32472222222222
"M",43,3.325
"M",53,3.325
"M",25,3.325
"M",42,3.325
"M",46,3.32527777777778
"M",35,3.32527777777778
"F",28,3.32527777777778
"M",50,3.32527777777778
"F",38,3.32555555555556
"M",46,3.32555555555556
"M",42,3.32555555555556
"M",40,3.32555555555556
"M",49,3.32555555555556
"M",56,3.32583333333333
"M",39,3.32583333333333
"M",49,3.32583333333333
"M",48,3.32611111111111
"M",49,3.32611111111111
"F",47,3.32611111111111
"M",39,3.32611111111111
"M",44,3.32611111111111
"M",21,3.32611111111111
"M",40,3.32638888888889
"M",37,3.32638888888889
"M",50,3.32638888888889
"F",29,3.32694444444444
"M",36,3.32694444444444
"M",54,3.32694444444444
"M",30,3.32722222222222
"M",35,3.32722222222222
"M",38,3.3275
"M",40,3.3275
"M",54,3.3275
"M",37,3.3275
"M",39,3.3275
"M",47,3.3275
"M",47,3.32777777777778
"F",35,3.32777777777778
"M",29,3.32805555555556
"M",47,3.32805555555556
"M",41,3.32805555555556
"M",49,3.32833333333333
"M",49,3.32833333333333
"M",25,3.32833333333333
"M",41,3.32833333333333
"F",30,3.32833333333333
"M",38,3.32833333333333
"M",39,3.32861111111111
"M",24,3.32861111111111
"F",29,3.32861111111111
"M",60,3.32861111111111
"M",27,3.32861111111111
"M",53,3.32861111111111
"M",38,3.32888888888889
"M",40,3.32888888888889
"M",40,3.32888888888889
"M",37,3.32888888888889
"M",39,3.32888888888889
"M",33,3.32916666666667
"M",50,3.32944444444444
"M",31,3.32944444444444
"M",40,3.32944444444444
"M",48,3.32944444444444
"M",58,3.32944444444444
"M",58,3.32972222222222
"M",50,3.32972222222222
"M",43,3.32972222222222
"F",35,3.32972222222222
"F",25,3.33
"M",52,3.33
"M",38,3.33
"F",24,3.33
"M",46,3.33
"M",36,3.33
"M",43,3.33027777777778
"M",45,3.33027777777778
"M",44,3.33027777777778
"M",44,3.33027777777778
"M",47,3.33055555555556
"M",40,3.33055555555556
"M",30,3.33083333333333
"M",45,3.33083333333333
"M",41,3.33111111111111
"M",62,3.33111111111111
"M",29,3.33111111111111
"F",24,3.33111111111111
"F",26,3.33111111111111
"M",48,3.33111111111111
"M",36,3.33138888888889
"M",39,3.33138888888889
"M",25,3.33138888888889
"M",44,3.33138888888889
"M",40,3.33138888888889
"M",47,3.33166666666667
"M",38,3.33166666666667
"M",43,3.33194444444444
"M",29,3.33194444444444
"M",43,3.33194444444444
"M",39,3.33194444444444
"M",41,3.33222222222222
"M",52,3.33222222222222
"M",33,3.33222222222222
"F",31,3.3325
"M",35,3.3325
"M",43,3.3325
"M",28,3.3325
"M",38,3.33277777777778
"M",43,3.33277777777778
"M",37,3.33305555555556
"M",39,3.33333333333333
"F",30,3.33333333333333
"M",32,3.33333333333333
"F",37,3.33333333333333
"M",40,3.33333333333333
"M",54,3.33361111111111
"M",39,3.33361111111111
"F",25,3.33361111111111
"F",34,3.33388888888889
"M",50,3.33388888888889
"M",39,3.33416666666667
"M",42,3.33416666666667
"M",35,3.33416666666667
"M",32,3.33416666666667
"M",41,3.33444444444444
"F",35,3.33444444444444
"M",43,3.33444444444444
"M",52,3.33472222222222
"F",39,3.33472222222222
"F",34,3.33472222222222
"M",30,3.33472222222222
"M",39,3.33472222222222
"M",46,3.33472222222222
"F",28,3.33472222222222
"M",49,3.33472222222222
"F",26,3.33472222222222
"M",41,3.33472222222222
"M",52,3.335
"M",51,3.335
"M",39,3.335
"F",36,3.335
"F",29,3.335
"M",56,3.335
"M",42,3.335
"F",40,3.335
"M",43,3.33527777777778
"M",40,3.33527777777778
"F",21,3.33527777777778
"M",46,3.33527777777778
"F",40,3.33527777777778
"F",24,3.33527777777778
"M",28,3.33555555555556
"M",31,3.33555555555556
"M",34,3.33555555555556
"M",46,3.33555555555556
"F",20,3.33555555555556
"M",53,3.33583333333333
"M",37,3.33583333333333
"M",36,3.33611111111111
"M",50,3.33611111111111
"M",33,3.33611111111111
"F",40,3.33611111111111
"M",40,3.33611111111111
"M",29,3.33611111111111
"M",40,3.33611111111111
"M",45,3.33638888888889
"F",40,3.33638888888889
"M",51,3.33638888888889
"M",38,3.33638888888889
"M",26,3.33638888888889
"M",46,3.33638888888889
"M",41,3.33666666666667
"M",35,3.33666666666667
"F",35,3.33666666666667
"M",40,3.33694444444444
"M",41,3.33694444444444
"M",25,3.33694444444444
"M",33,3.33694444444444
"M",43,3.33694444444444
"M",23,3.33694444444444
"M",34,3.33722222222222
"F",25,3.33722222222222
"M",54,3.33722222222222
"M",51,3.33722222222222
"M",44,3.33722222222222
"F",34,3.3375
"M",45,3.3375
"M",23,3.3375
"M",51,3.33777777777778
"M",38,3.33805555555556
"F",29,3.33805555555556
"M",58,3.33805555555556
"M",44,3.33833333333333
"F",25,3.33833333333333
"M",32,3.33833333333333
"M",49,3.33833333333333
"M",41,3.33861111111111
"M",48,3.33861111111111
"F",26,3.33888888888889
"M",36,3.33888888888889
"M",35,3.33888888888889
"F",34,3.33916666666667
"M",43,3.33916666666667
"F",22,3.33944444444444
"F",38,3.33944444444444
"M",57,3.33944444444444
"F",29,3.33972222222222
"M",35,3.33972222222222
"M",45,3.33972222222222
"M",38,3.33972222222222
"M",41,3.33972222222222
"M",51,3.33972222222222
"M",46,3.33972222222222
"F",31,3.34
"M",41,3.34
"F",21,3.34
"M",27,3.34
"F",24,3.34027777777778
"M",37,3.34027777777778
"M",49,3.34027777777778
"M",25,3.34027777777778
"M",38,3.34027777777778
"M",44,3.34027777777778
"M",42,3.34027777777778
"M",38,3.34055555555556
"M",39,3.34055555555556
"F",25,3.34055555555556
"F",30,3.34055555555556
"M",28,3.34055555555556
"M",36,3.34055555555556
"M",50,3.34083333333333
"M",44,3.34111111111111
"F",42,3.34111111111111
"F",26,3.34166666666667
"M",37,3.34166666666667
"M",28,3.34166666666667
"M",54,3.34166666666667
"F",23,3.34194444444444
"M",44,3.34194444444444
"F",27,3.34194444444444
"M",36,3.34194444444444
"M",43,3.34222222222222
"F",30,3.34222222222222
"M",38,3.3425
"M",48,3.3425
"M",22,3.3425
"M",25,3.34277777777778
"M",43,3.34305555555556
"M",35,3.34305555555556
"M",44,3.34305555555556
"M",25,3.34305555555556
"F",27,3.34305555555556
"F",34,3.34305555555556
"M",41,3.34305555555556
"M",30,3.34305555555556
"M",51,3.34305555555556
"M",38,3.34333333333333
"F",29,3.34333333333333
"M",37,3.34361111111111
"M",42,3.34361111111111
"M",47,3.34361111111111
"M",42,3.34361111111111
"M",38,3.34361111111111
"F",32,3.34361111111111
"F",22,3.34361111111111
"M",26,3.34361111111111
"M",31,3.34388888888889
"F",31,3.34416666666667
"M",29,3.34416666666667
"M",22,3.34416666666667
"F",33,3.34416666666667
"M",48,3.34416666666667
"M",48,3.34416666666667
"M",39,3.34416666666667
"M",37,3.34444444444444
"M",42,3.34444444444444
"M",45,3.34444444444444
"M",40,3.34444444444444
"M",32,3.34444444444444
"M",50,3.34444444444444
"M",35,3.34444444444444
"M",44,3.34472222222222
"M",47,3.345
"F",23,3.345
"M",40,3.345
"M",35,3.345
"M",27,3.345
"M",42,3.34527777777778
"F",35,3.34527777777778
"M",37,3.34527777777778
"M",26,3.34583333333333
"M",46,3.34583333333333
"M",27,3.34583333333333
"M",44,3.34583333333333
"M",51,3.34583333333333
"M",31,3.34583333333333
"F",39,3.34611111111111
"M",41,3.34611111111111
"M",48,3.34638888888889
"F",39,3.34638888888889
"M",25,3.34666666666667
"M",58,3.34666666666667
"M",38,3.34666666666667
"F",27,3.34666666666667
"M",45,3.34666666666667
"M",36,3.34694444444444
"M",27,3.34694444444444
"M",33,3.34722222222222
"F",28,3.34722222222222
"M",46,3.34722222222222
"M",57,3.34722222222222
"F",23,3.34722222222222
"M",45,3.3475
"M",46,3.3475
"M",52,3.3475
"M",45,3.3475
"M",41,3.3475
"M",48,3.3475
"M",40,3.3475
"M",41,3.34777777777778
"M",44,3.34777777777778
"M",45,3.34777777777778
"M",26,3.34777777777778
"M",49,3.34805555555556
"F",38,3.34805555555556
"M",45,3.34805555555556
"M",36,3.34805555555556
"M",48,3.34805555555556
"M",37,3.34833333333333
"F",40,3.34833333333333
"M",57,3.34833333333333
"M",27,3.34833333333333
"F",33,3.34861111111111
"M",40,3.34861111111111
"M",36,3.34861111111111
"F",31,3.34861111111111
"M",34,3.34861111111111
"M",46,3.34916666666667
"F",32,3.34916666666667
"M",56,3.34916666666667
"F",36,3.34944444444444
"M",44,3.34944444444444
"M",25,3.34972222222222
"M",36,3.35
"M",28,3.35
"M",36,3.35
"F",36,3.35027777777778
"M",46,3.35027777777778
"F",28,3.35027777777778
"F",43,3.35055555555556
"F",27,3.35083333333333
"M",38,3.35083333333333
"M",43,3.35083333333333
"F",26,3.35083333333333
"M",43,3.35111111111111
"M",39,3.35111111111111
"M",45,3.35111111111111
"M",42,3.35111111111111
"M",41,3.35111111111111
"M",46,3.35111111111111
"M",43,3.35111111111111
"M",38,3.35138888888889
"M",46,3.35138888888889
"M",42,3.35138888888889
"F",24,3.35138888888889
"M",46,3.35166666666667
"M",35,3.35166666666667
"F",25,3.35166666666667
"F",39,3.35166666666667
"M",54,3.35166666666667
"F",43,3.35166666666667
"M",44,3.35194444444444
"M",27,3.35194444444444
"M",39,3.35194444444444
"M",62,3.35194444444444
"M",41,3.35194444444444
"M",32,3.35194444444444
"F",28,3.35222222222222
"M",37,3.35222222222222
"M",58,3.35222222222222
"F",44,3.35222222222222
"M",37,3.35222222222222
"M",45,3.3525
"F",39,3.3525
"F",25,3.3525
"F",35,3.35305555555556
"M",47,3.35305555555556
"F",28,3.35305555555556
"M",35,3.35305555555556
"M",43,3.35305555555556
"M",35,3.35333333333333
"M",55,3.35333333333333
"M",43,3.35333333333333
"M",28,3.35361111111111
"M",41,3.35361111111111
"M",45,3.35361111111111
"M",50,3.35361111111111
"M",43,3.35361111111111
"F",26,3.35388888888889
"M",27,3.35416666666667
"M",39,3.35416666666667
"M",50,3.35416666666667
"M",54,3.35416666666667
"F",39,3.35416666666667
"M",50,3.35444444444444
"M",50,3.35444444444444
"M",44,3.35444444444444
"F",47,3.35444444444444
"F",29,3.35444444444444
"M",36,3.35472222222222
"M",58,3.35472222222222
"M",47,3.35472222222222
"M",41,3.355
"M",37,3.355
"F",28,3.35555555555556
"M",45,3.35555555555556
"M",20,3.35555555555556
"M",47,3.35555555555556
"M",29,3.35555555555556
"M",41,3.35555555555556
"M",47,3.35555555555556
"F",28,3.35583333333333
"F",44,3.35583333333333
"M",55,3.35583333333333
"M",23,3.35583333333333
"M",47,3.35583333333333
"M",37,3.35611111111111
"F",46,3.35611111111111
"M",50,3.35611111111111
"M",41,3.35611111111111
"M",45,3.35611111111111
"M",51,3.35611111111111
"F",38,3.35611111111111
"M",54,3.35611111111111
"M",55,3.35611111111111
"F",21,3.35638888888889
"M",37,3.35638888888889
"M",40,3.35638888888889
"F",22,3.35638888888889
"M",50,3.35638888888889
"M",42,3.35638888888889
"M",55,3.35638888888889
"M",48,3.35638888888889
"M",40,3.35666666666667
"M",47,3.35666666666667
"M",48,3.35666666666667
"M",45,3.35666666666667
"M",52,3.35666666666667
"M",42,3.35666666666667
"M",47,3.35694444444444
"M",36,3.35694444444444
"M",45,3.35722222222222
"F",21,3.35722222222222
"F",24,3.3575
"F",23,3.3575
"M",43,3.35777777777778
"M",26,3.35777777777778
"F",42,3.35805555555556
"M",44,3.35805555555556
"F",31,3.35805555555556
"M",49,3.35805555555556
"M",46,3.35805555555556
"F",28,3.35833333333333
"F",40,3.35833333333333
"M",50,3.35833333333333
"M",43,2.84861111111111
"M",24,2.84888888888889
"M",45,2.84888888888889
"M",27,2.84916666666667
"M",23,2.84972222222222
"M",38,2.84972222222222
"M",28,2.85
"M",20,2.85083333333333
"M",29,2.85111111111111
"M",35,2.85111111111111
"M",42,2.85138888888889
"M",28,2.85194444444444
"M",37,2.85194444444444
"M",37,2.85194444444444
"M",28,2.8525
"M",39,2.85277777777778
"M",23,2.85305555555556
"M",40,2.85305555555556
"M",32,2.85388888888889
"M",21,2.85388888888889
"M",21,2.85472222222222
"M",51,2.85472222222222
"M",40,2.855
"M",32,2.85527777777778
"M",18,2.85527777777778
"M",33,2.85555555555556
"M",50,2.85611111111111
"M",32,2.85666666666667
"M",24,2.85694444444444
"M",28,2.8575
"M",25,2.8575
"M",42,2.8575
"M",44,2.85805555555556
"F",24,2.85805555555556
"M",33,2.85805555555556
"M",36,2.85833333333333
"M",26,2.85861111111111
"M",41,2.85888888888889
"M",25,2.85888888888889
"M",33,2.85916666666667
"M",29,2.85916666666667
"M",37,2.85944444444444
"M",43,2.86
"M",32,2.86
"M",22,2.86083333333333
"M",33,2.86083333333333
"M",25,2.86111111111111
"M",23,2.86111111111111
"M",38,2.86138888888889
"M",37,2.86166666666667
"M",40,2.86194444444444
"M",25,2.86194444444444
"M",27,2.86194444444444
"M",26,2.86222222222222
"M",24,2.86305555555556
"M",26,2.86305555555556
"M",27,2.86333333333333
"M",29,2.86388888888889
"M",33,2.86388888888889
"M",40,2.86444444444444
"M",38,2.86444444444444
"M",31,2.86527777777778
"M",28,2.86583333333333
"M",41,2.86583333333333
"M",41,2.86583333333333
"M",22,2.86611111111111
"M",42,2.86638888888889
"M",45,2.86638888888889
"M",43,2.86666666666667
"M",28,2.86694444444444
"M",25,2.86722222222222
"M",23,2.8675
"M",33,2.86777777777778
"F",29,2.86805555555556
"M",31,2.86805555555556
"M",40,2.86805555555556
"M",30,2.86916666666667
"M",28,2.86944444444444
"M",43,2.86944444444444
"M",31,2.86972222222222
"M",39,2.87
"M",51,2.87055555555556
"M",27,2.87055555555556
"M",50,2.87083333333333
"M",40,2.87083333333333
"M",34,2.87083333333333
"M",29,2.87138888888889
"M",30,2.87138888888889
"M",45,2.87138888888889
"F",35,2.87166666666667
"M",21,2.87166666666667
"M",37,2.87194444444444
"M",31,2.8725
"M",49,2.87277777777778
"M",29,2.87305555555556
"M",22,2.87305555555556
"F",29,2.87305555555556
"M",22,2.87333333333333
"M",49,2.87388888888889
"M",36,2.87388888888889
"M",60,3.35861111111111
"F",27,3.35888888888889
"F",39,3.35888888888889
"M",43,3.35888888888889
"M",42,3.35916666666667
"F",28,3.35916666666667
"M",33,3.35916666666667
"M",35,3.35916666666667
"M",37,3.35916666666667
"F",28,3.35972222222222
"M",44,3.35972222222222
"M",49,3.36
"M",50,3.36027777777778
"M",45,3.36027777777778
"M",46,3.36027777777778
"M",52,3.36027777777778
"M",47,3.36027777777778
"M",50,3.36027777777778
"M",52,3.36027777777778
"M",33,3.36055555555556
"F",26,3.36055555555556
"M",47,3.36055555555556
"F",34,3.36083333333333
"M",45,3.36083333333333
"M",39,3.36083333333333
"M",30,3.36083333333333
"M",32,3.36083333333333
"M",21,3.36083333333333
"M",45,3.36083333333333
"F",42,3.36111111111111
"M",53,3.36111111111111
"M",41,3.36166666666667
"M",54,3.36194444444444
"M",40,3.36194444444444
"F",40,3.36222222222222
"M",47,3.36222222222222
"M",21,3.36222222222222
"M",38,3.36222222222222
"M",48,3.36222222222222
"M",51,3.3625
"F",45,3.3625
"M",30,3.3625
"M",43,3.3625
"F",35,3.3625
"M",30,3.3625
"F",26,3.3625
"M",47,3.3625
"F",35,3.36277777777778
"M",31,3.36277777777778
"M",40,3.36277777777778
"M",49,3.36305555555556
"M",48,3.36305555555556
"F",45,3.36333333333333
"M",35,3.36333333333333
"M",49,3.36333333333333
"F",29,3.36333333333333
"F",36,3.36333333333333
"M",41,3.36333333333333
"M",40,3.36361111111111
"M",39,3.36361111111111
"M",28,3.36361111111111
"M",43,3.36361111111111
"M",49,3.36388888888889
"M",51,3.36388888888889
"M",47,3.36416666666667
"M",40,3.36416666666667
"F",28,3.36416666666667
"M",48,3.36444444444444
"M",45,3.36444444444444
"M",37,3.36472222222222
"F",43,3.36472222222222
"M",35,3.36472222222222
"M",38,3.36527777777778
"M",45,3.36527777777778
"M",42,3.36555555555556
"M",43,3.36555555555556
"F",31,3.36555555555556
"F",24,3.36555555555556
"M",33,3.36555555555556
"M",38,3.36555555555556
"F",43,3.36555555555556
"M",41,3.36583333333333
"M",62,3.36583333333333
"F",32,3.36583333333333
"M",39,3.36583333333333
"M",36,3.36583333333333
"M",53,3.36583333333333
"M",47,3.36611111111111
"M",48,3.36611111111111
"M",45,3.36611111111111
"M",53,3.36611111111111
"M",39,3.36638888888889
"M",48,3.36638888888889
"M",45,3.36638888888889
"M",39,3.36666666666667
"M",57,3.36666666666667
"M",46,3.36666666666667
"M",41,3.36666666666667
"M",60,3.36666666666667
"M",45,3.36694444444444
"M",57,3.36694444444444
"F",29,3.36722222222222
"M",29,3.36722222222222
"M",48,3.36722222222222
"M",53,3.36722222222222
"M",43,3.36722222222222
"F",29,3.36722222222222
"M",29,3.36722222222222
"F",31,3.3675
"F",29,3.36777777777778
"M",36,3.36777777777778
"M",58,3.36777777777778
"M",33,3.36777777777778
"M",40,3.36777777777778
"M",25,3.36805555555556
"M",50,3.36833333333333
"M",43,3.36833333333333
"F",41,3.36833333333333
"M",42,3.36833333333333
"F",38,3.36833333333333
"M",46,3.36861111111111
"M",31,3.36861111111111
"M",39,3.36861111111111
"M",38,3.36861111111111
"M",52,3.36888888888889
"M",40,3.36888888888889
"M",41,3.36888888888889
"F",26,3.36888888888889
"M",43,3.36888888888889
"F",48,3.36916666666667
"M",60,3.36916666666667
"M",40,3.36916666666667
"F",27,3.36916666666667
"M",36,3.36916666666667
"F",31,3.36944444444444
"M",47,3.36944444444444
"M",21,3.36944444444444
"M",56,3.36972222222222
"F",27,3.36972222222222
"M",44,3.36972222222222
"M",46,3.36972222222222
"F",35,3.36972222222222
"M",30,3.36972222222222
"F",26,3.36972222222222
"M",53,3.36972222222222
"F",34,3.37
"M",38,3.37
"M",37,3.37
"F",44,3.37
"M",47,3.37027777777778
"F",24,3.37027777777778
"F",34,3.37055555555556
"M",30,3.37055555555556
"F",35,3.37055555555556
"F",20,3.37083333333333
"M",47,3.37083333333333
"M",35,3.37083333333333
"M",56,3.37083333333333
"M",45,3.37111111111111
"F",31,3.37111111111111
"M",26,3.37111111111111
"M",47,3.37138888888889
"M",50,3.37138888888889
"M",40,3.37138888888889
"M",39,3.37138888888889
"F",36,3.37138888888889
"F",44,3.37138888888889
"F",35,3.37166666666667
"M",54,3.37166666666667
"M",51,3.37166666666667
"M",38,3.37166666666667
"M",49,3.37166666666667
"M",49,3.37166666666667
"M",31,3.37194444444444
"F",49,3.37194444444444
"M",38,3.37194444444444
"M",21,3.37194444444444
"M",50,3.37222222222222
"M",55,3.37222222222222
"M",54,3.3725
"M",52,3.3725
"M",41,3.3725
"M",44,3.3725
"M",48,3.3725
"F",41,3.37277777777778
"M",24,3.37277777777778
"M",44,3.37277777777778
"M",38,3.37333333333333
"M",33,3.37333333333333
"M",42,3.37361111111111
"M",20,3.37361111111111
"M",43,3.37388888888889
"M",41,3.37388888888889
"F",26,3.37388888888889
"M",44,3.37416666666667
"M",52,3.37416666666667
"M",45,3.37444444444444
"M",43,3.37444444444444
"M",36,3.37472222222222
"F",26,3.37472222222222
"M",45,3.37472222222222
"M",43,3.37472222222222
"F",38,3.37472222222222
"F",29,3.37472222222222
"F",47,3.37472222222222
"M",42,3.37472222222222
"M",48,3.375
"M",48,3.375
"M",49,3.375
"M",29,3.37527777777778
"F",30,3.37527777777778
"M",44,3.37527777777778
"M",55,3.37527777777778
"M",50,3.37555555555556
"M",47,3.37555555555556
"M",42,3.37583333333333
"M",45,3.37583333333333
"M",37,3.37583333333333
"M",41,3.37583333333333
"M",48,3.37611111111111
"F",25,3.37611111111111
"M",52,3.37638888888889
"M",24,3.37638888888889
"M",49,3.37638888888889
"M",48,3.37666666666667
"M",46,3.37666666666667
"M",43,3.37666666666667
"M",46,3.37694444444444
"M",49,3.37694444444444
"M",36,3.37694444444444
"M",44,3.37694444444444
"M",38,3.37694444444444
"F",28,3.37722222222222
"M",61,3.37722222222222
"M",25,3.37722222222222
"M",43,3.37722222222222
"F",27,3.3775
"F",30,3.3775
"M",29,3.3775
"F",23,3.3775
"M",35,3.3775
"M",47,3.3775
"M",34,3.37777777777778
"M",58,3.37777777777778
"M",48,3.37777777777778
"M",41,3.37777777777778
"M",39,3.37777777777778
"F",39,3.37805555555556
"M",44,3.37805555555556
"M",49,3.37805555555556
"F",31,3.37805555555556
"M",46,3.37805555555556
"F",28,3.37805555555556
"M",37,3.37833333333333
"M",47,3.37833333333333
"M",37,3.37861111111111
"M",43,3.37861111111111
"M",43,3.37861111111111
"M",40,3.37861111111111
"M",46,3.37861111111111
"F",36,3.37861111111111
"F",29,3.37888888888889
"F",35,3.37888888888889
"F",35,3.37888888888889
"M",42,3.37916666666667
"M",41,3.37916666666667
"M",30,3.37916666666667
"M",54,3.37916666666667
"M",44,3.37916666666667
"F",36,3.37944444444444
"M",50,3.37972222222222
"F",22,3.37972222222222
"M",42,3.38
"M",47,3.38
"M",43,3.38
"M",33,3.38
"M",46,3.38
"F",43,3.38027777777778
"F",32,3.38027777777778
"M",45,3.38027777777778
"M",49,3.38055555555556
"M",36,3.38055555555556
"M",52,3.38055555555556
"M",30,3.38055555555556
"M",40,3.38083333333333
"M",46,3.38083333333333
"M",47,3.38083333333333
"M",42,3.38083333333333
"M",32,3.38083333333333
"F",41,3.38083333333333
"M",35,3.38083333333333
"M",44,3.38111111111111
"F",39,3.38111111111111
"M",43,3.38111111111111
"F",26,3.38111111111111
"M",46,3.38138888888889
"M",48,3.38166666666667
"F",47,3.38166666666667
"M",36,3.38194444444444
"M",26,3.38194444444444
"F",30,3.38222222222222
"M",40,3.3825
"F",35,3.3825
"M",49,3.3825
"M",46,3.3825
"F",41,3.3825
"M",40,3.38277777777778
"M",45,3.38277777777778
"M",41,3.38277777777778
"M",42,3.38305555555556
"F",24,3.38305555555556
"F",29,3.38305555555556
"M",53,3.38305555555556
"M",22,3.38305555555556
"M",41,3.38305555555556
"F",35,3.38305555555556
"M",31,3.38333333333333
"M",38,3.38333333333333
"M",40,3.38361111111111
"F",26,3.38361111111111
"M",49,3.38361111111111
"M",68,3.38361111111111
"M",40,3.38361111111111
"M",40,3.38388888888889
"M",45,3.38388888888889
"M",51,3.38388888888889
"M",41,3.38388888888889
"M",40,3.38388888888889
"M",50,3.38416666666667
"F",34,3.38416666666667
"M",48,3.38444444444444
"F",26,3.38444444444444
"M",31,3.38444444444444
"M",46,3.38472222222222
"F",40,3.38472222222222
"M",45,3.38472222222222
"M",44,3.38472222222222
"F",28,3.38472222222222
"F",27,3.38472222222222
"M",47,3.385
"M",42,3.385
"M",40,3.385
"M",49,3.385
"M",49,3.385
"M",18,3.38527777777778
"M",37,3.38527777777778
"M",35,3.38527777777778
"M",33,3.38527777777778
"F",37,3.38527777777778
"F",33,3.38527777777778
"F",29,3.38527777777778
"F",34,3.38527777777778
"M",39,3.38555555555556
"M",46,3.38555555555556
"M",36,3.38555555555556
"M",40,3.38583333333333
"M",57,3.38583333333333
"F",27,3.38611111111111
"M",41,3.38611111111111
"F",34,3.38638888888889
"M",50,3.38638888888889
"F",34,3.38638888888889
"M",47,3.38666666666667
"M",37,3.38666666666667
"F",33,3.38666666666667
"M",22,3.38694444444444
"M",44,3.38694444444444
"M",48,3.38722222222222
"M",44,3.38722222222222
"M",43,3.38722222222222
"F",29,3.3875
"M",45,3.3875
"F",45,3.3875
"M",39,3.3875
"F",25,3.38777777777778
"M",47,3.38777777777778
"F",24,3.38777777777778
"M",47,3.38805555555556
"F",26,3.38805555555556
"F",39,3.38805555555556
"M",48,3.38805555555556
"M",52,3.38805555555556
"M",51,3.38805555555556
"M",45,3.38805555555556
"F",22,3.38833333333333
"F",37,3.38833333333333
"F",38,3.38833333333333
"M",44,3.38833333333333
"M",35,3.38833333333333
"M",55,3.38833333333333
"M",39,3.38861111111111
"F",30,3.38861111111111
"M",40,3.38861111111111
"M",35,3.38888888888889
"M",52,3.38888888888889
"M",49,3.38888888888889
"M",50,3.38888888888889
"F",33,3.38916666666667
"M",51,3.38916666666667
"M",49,3.38916666666667
"M",58,3.38916666666667
"M",48,3.38944444444444
"M",50,3.38972222222222
"M",34,3.38972222222222
"M",26,3.39
"F",45,3.39
"M",31,3.39
"M",51,3.39
"F",31,3.39
"M",27,3.39055555555556
"M",46,3.39055555555556
"M",40,3.39055555555556
"M",38,3.39055555555556
"F",23,3.39083333333333
"M",39,3.39083333333333
"F",39,3.39083333333333
"F",41,3.39083333333333
"M",41,3.39111111111111
"M",28,3.39111111111111
"M",37,3.39111111111111
"M",39,3.39111111111111
"M",50,3.39111111111111
"M",70,3.39111111111111
"M",40,3.39111111111111
"F",41,3.39111111111111
"F",21,3.39138888888889
"M",49,3.39138888888889
"F",32,3.39138888888889
"F",28,3.39166666666667
"M",38,3.39166666666667
"M",49,3.39166666666667
"M",49,3.39166666666667
"M",54,3.39194444444444
"M",47,3.39194444444444
"M",39,3.39194444444444
"F",28,3.39194444444444
"M",47,3.39222222222222
"M",35,3.39222222222222
"F",36,3.3925
"M",35,3.39277777777778
"F",30,3.39277777777778
"M",46,3.39305555555556
"F",31,3.39305555555556
"F",42,3.39305555555556
"F",27,3.39333333333333
"M",44,3.39333333333333
"M",30,3.39333333333333
"M",46,3.39333333333333
"M",52,3.39333333333333
"M",46,3.39333333333333
"F",37,3.39333333333333
"M",50,3.39333333333333
"M",45,3.39361111111111
"M",51,3.39361111111111
"F",28,3.39361111111111
"M",33,3.39361111111111
"M",46,3.39361111111111
"F",33,3.39361111111111
"M",45,3.39388888888889
"M",44,3.39388888888889
"M",46,3.39388888888889
"F",33,3.39416666666667
"M",47,3.39444444444444
"F",46,3.39444444444444
"F",24,3.39472222222222
"F",23,3.39472222222222
"M",33,3.395
"M",27,3.395
"M",45,3.39527777777778
"M",31,3.39527777777778
"M",50,3.39527777777778
"M",26,3.39527777777778
"M",47,3.39555555555556
"M",32,3.39555555555556
"M",46,3.39555555555556
"M",40,3.39555555555556
"M",49,3.39555555555556
"M",40,3.39555555555556
"F",27,3.39583333333333
"M",32,3.39583333333333
"M",50,3.39583333333333
"M",48,3.39583333333333
"F",36,3.39583333333333
"M",46,3.39611111111111
"M",42,3.39611111111111
"M",40,3.39611111111111
"M",45,3.39611111111111
"M",43,3.39611111111111
"M",48,3.39611111111111
"M",45,3.39638888888889
"M",26,3.39638888888889
"M",45,3.39638888888889
"F",43,3.39638888888889
"M",46,3.39638888888889
"M",52,3.39666666666667
"F",33,3.39666666666667
"F",32,3.39666666666667
"F",33,3.39666666666667
"F",34,3.39666666666667
"M",45,3.39694444444444
"M",45,3.39694444444444
"M",34,3.39694444444444
"M",51,3.39694444444444
"F",46,3.39722222222222
"M",37,3.3975
"M",36,3.3975
"F",27,3.3975
"M",46,3.3975
"F",23,3.39777777777778
"M",56,3.39777777777778
"M",50,3.39805555555556
"M",30,3.39805555555556
"F",27,3.39805555555556
"F",47,3.39805555555556
"M",47,3.39805555555556
"F",34,3.39805555555556
"M",47,3.39833333333333
"M",54,3.39833333333333
"M",49,3.39833333333333
"M",31,3.39833333333333
"M",54,3.39833333333333
"F",42,3.39833333333333
"M",50,3.39861111111111
"F",25,3.39888888888889
"M",52,3.39888888888889
"F",29,3.39888888888889
"M",45,3.39888888888889
"M",39,3.39916666666667
"F",35,3.39944444444444
"F",24,3.39944444444444
"M",47,3.39944444444444
"M",41,3.39944444444444
"M",61,3.39972222222222
"F",37,3.39972222222222
"F",33,3.39972222222222
"M",36,3.4
"M",47,3.4
"M",36,3.4
"F",41,3.4
"M",53,3.4
"M",33,3.4
"M",32,3.40027777777778
"M",43,3.40027777777778
"M",51,3.40027777777778
"M",35,3.40027777777778
"M",51,3.40027777777778
"M",30,3.40055555555556
"F",23,3.40055555555556
"F",31,3.40055555555556
"F",25,3.40055555555556
"F",30,3.40055555555556
"F",39,3.40055555555556
"M",47,3.40083333333333
"M",36,3.40083333333333
"F",22,3.40083333333333
"M",41,3.40083333333333
"M",40,3.40083333333333
"F",25,3.40111111111111
"M",50,3.40111111111111
"M",48,3.40111111111111
"M",59,3.40111111111111
"M",40,3.40111111111111
"M",44,3.40138888888889
"F",40,3.40166666666667
"M",38,3.40194444444444
"M",31,3.40194444444444
"M",42,3.40194444444444
"F",29,3.40194444444444
"M",46,3.40194444444444
"M",46,3.40194444444444
"M",44,3.40194444444444
"M",41,3.40194444444444
"M",40,3.40194444444444
"M",43,3.40222222222222
"M",39,3.40222222222222
"M",48,3.40222222222222
"M",52,3.40222222222222
"F",21,3.4025
"M",43,3.4025
"F",29,3.4025
"M",49,3.4025
"M",40,3.4025
"M",49,3.40277777777778
"M",34,3.40277777777778
"M",43,3.40305555555556
"M",28,3.40305555555556
"M",48,3.40305555555556
"M",37,3.40305555555556
"M",35,3.40305555555556
"M",22,3.40305555555556
"M",51,3.40305555555556
"M",38,3.40305555555556
"M",38,3.40305555555556
"F",35,3.40333333333333
"M",51,3.40333333333333
"M",45,3.40333333333333
"F",26,3.40361111111111
"F",42,3.40361111111111
"F",42,3.40361111111111
"M",44,3.40361111111111
"M",20,3.40361111111111
"M",41,3.40388888888889
"M",18,3.40388888888889
"M",40,3.40388888888889
"M",46,3.40388888888889
"M",47,3.40388888888889
"M",31,3.40416666666667
"M",56,3.40416666666667
"M",50,3.40416666666667
"M",45,3.40444444444444
"M",45,3.40444444444444
"M",53,3.40444444444444
"F",27,3.40444444444444
"M",53,3.40472222222222
"M",36,3.40472222222222
"M",49,3.40472222222222
"F",28,3.40472222222222
"M",39,3.40472222222222
"M",45,3.405
"M",52,3.405
"M",42,3.405
"M",51,3.405
"M",20,3.40527777777778
"M",41,3.40527777777778
"M",44,3.40527777777778
"F",24,3.40527777777778
"M",44,3.40527777777778
"M",40,3.40555555555556
"M",58,3.40555555555556
"M",31,3.40555555555556
"M",56,3.40555555555556
"M",39,3.40583333333333
"M",53,3.40583333333333
"M",48,3.40583333333333
"M",51,3.40583333333333
"M",29,3.40583333333333
"M",49,3.40583333333333
"F",34,3.40583333333333
"M",58,3.40611111111111
"F",33,3.40611111111111
"F",31,3.40611111111111
"F",36,3.40638888888889
"M",28,3.40638888888889
"F",28,3.40638888888889
"M",45,3.40638888888889
"F",34,3.40666666666667
"M",51,3.40666666666667
"M",45,3.40666666666667
"M",40,3.40666666666667
"M",52,3.40666666666667
"F",42,3.40666666666667
"M",34,3.40666666666667
"M",48,3.40666666666667
"F",34,3.40666666666667
"M",42,3.40666666666667
"M",37,3.40694444444444
"F",28,3.40694444444444
"M",56,3.40694444444444
"F",27,3.40694444444444
"F",26,3.40694444444444
"M",41,3.40694444444444
"F",41,3.40694444444444
"F",27,3.40722222222222
"F",28,3.40722222222222
"F",27,3.40722222222222
"M",53,3.40722222222222
"M",56,3.4075
"M",19,3.4075
"M",34,3.4075
"M",41,3.4075
"M",51,3.4075
"M",48,3.4075
"M",45,3.40777777777778
"M",35,3.40777777777778
"F",26,3.40777777777778
"F",29,3.40777777777778
"M",42,3.40777777777778
"M",43,3.40777777777778
"M",35,3.40777777777778
"M",55,3.40805555555556
"F",35,3.40805555555556
"M",32,3.40833333333333
"F",34,3.40833333333333
"F",36,3.40861111111111
"M",38,3.40861111111111
"M",30,3.40861111111111
"M",50,3.40861111111111
"F",23,3.40861111111111
"F",50,3.40861111111111
"F",29,3.40888888888889
"F",35,3.40888888888889
"M",40,3.40888888888889
"M",46,3.40888888888889
"M",44,3.40888888888889
"M",40,3.40888888888889
"M",41,3.40888888888889
"F",39,3.40888888888889
"M",20,3.40916666666667
"M",21,3.40916666666667
"M",48,3.40916666666667
"M",42,3.40916666666667
"M",26,3.40916666666667
"M",51,3.40916666666667
"F",33,3.40944444444444
"M",40,3.40944444444444
"F",29,3.40944444444444
"M",26,3.40944444444444
"M",45,3.40944444444444
"F",33,3.40944444444444
"F",31,3.40972222222222
"F",50,3.40972222222222
"M",57,3.40972222222222
"F",36,3.40972222222222
"M",39,3.40972222222222
"M",23,3.41
"M",45,3.41
"M",47,3.41
"F",43,3.41027777777778
"M",23,3.41027777777778
"M",41,3.41027777777778
"F",32,3.41027777777778
"M",44,3.41027777777778
"M",40,3.41055555555556
"M",46,3.41055555555556
"M",55,3.41055555555556
"M",29,3.41055555555556
"M",55,3.41083333333333
"M",55,3.41083333333333
"M",29,3.41083333333333
"M",54,3.41083333333333
"M",36,3.41083333333333
"M",39,3.41083333333333
"M",50,3.41111111111111
"M",37,3.41111111111111
"M",35,3.41111111111111
"M",31,3.41111111111111
"M",35,3.41138888888889
"M",46,3.41138888888889
"M",58,3.41138888888889
"F",38,3.41138888888889
"F",24,3.41138888888889
"F",29,3.41138888888889
"M",46,3.41166666666667
"M",42,3.41166666666667
"F",41,3.41166666666667
"M",28,3.41194444444444
"M",43,3.41194444444444
"F",26,3.41222222222222
"M",38,3.41222222222222
"M",45,3.41222222222222
"M",44,3.41222222222222
"F",41,3.41222222222222
"M",47,3.41222222222222
"M",45,3.4125
"M",43,3.4125
"M",44,3.4125
"M",46,3.4125
"M",38,3.4125
"F",29,3.41277777777778
"F",38,3.41277777777778
"M",39,3.41277777777778
"M",51,3.41277777777778
"M",45,3.41277777777778
"M",48,3.41277777777778
"F",22,3.41305555555556
"M",29,3.41305555555556
"M",45,3.41305555555556
"M",47,3.41305555555556
"M",47,3.41305555555556
"M",61,3.41305555555556
"M",42,3.41305555555556
"M",41,3.41333333333333
"M",47,3.41333333333333
"M",48,3.41361111111111
"F",38,3.41361111111111
"F",26,3.41361111111111
"F",43,3.41361111111111
"F",25,3.41361111111111
"M",48,3.41361111111111
"M",25,3.41361111111111
"M",46,3.41361111111111
"F",28,3.41388888888889
"M",41,3.41388888888889
"M",43,3.41416666666667
"M",40,3.41416666666667
"F",40,3.41416666666667
"F",39,3.41444444444444
"M",47,3.41444444444444
"M",38,3.41444444444444
"F",24,3.41444444444444
"F",39,3.41444444444444
"F",28,3.41444444444444
"F",41,3.41472222222222
"F",38,3.41472222222222
"M",43,3.41472222222222
"M",47,3.415
"M",41,3.415
"M",55,3.415
"M",22,3.41527777777778
"M",40,3.41527777777778
"M",50,3.41527777777778
"M",48,3.41527777777778
"M",47,3.41555555555556
"M",21,3.41555555555556
"M",49,3.41555555555556
"M",52,3.41555555555556
"M",24,3.41583333333333
"M",56,3.41583333333333
"M",46,3.41583333333333
"M",36,3.41583333333333
"F",22,3.41583333333333
"F",34,3.41583333333333
"M",43,3.41583333333333
"M",44,3.41611111111111
"F",23,3.41611111111111
"M",42,3.41611111111111
"F",30,3.41611111111111
"M",50,3.41611111111111
"F",30,3.41611111111111
"M",38,3.41638888888889
"F",36,3.41638888888889
"M",60,3.41666666666667
"M",50,3.41666666666667
"M",27,3.41666666666667
"M",58,3.41666666666667
"F",30,3.41666666666667
"M",49,3.41694444444444
"M",36,3.41694444444444
"M",45,3.41694444444444
"M",41,3.41694444444444
"M",45,3.41722222222222
"M",50,3.41722222222222
"M",41,3.41722222222222
"M",40,3.41722222222222
"M",46,3.4175
"M",49,3.4175
"M",46,3.4175
"M",37,3.4175
"M",41,3.4175
"M",26,3.4175
"M",47,3.4175
"F",41,3.4175
"M",54,3.4175
"F",25,3.4175
"M",50,3.41777777777778
"M",36,3.41805555555556
"M",46,3.41805555555556
"M",55,3.41805555555556
"F",27,3.41805555555556
"M",45,3.41805555555556
"M",45,3.41833333333333
"M",44,3.41833333333333
"F",39,3.41833333333333
"F",42,3.41833333333333
"M",43,3.41861111111111
"M",36,3.41861111111111
"M",43,3.41861111111111
"F",27,3.41888888888889
"M",43,3.41888888888889
"M",29,3.41888888888889
"M",53,3.41888888888889
"F",25,3.41888888888889
"M",51,3.41916666666667
"M",47,3.41916666666667
"M",40,3.41944444444444
"M",45,3.41972222222222
"M",43,3.42
"M",45,3.42
"M",52,3.42
"M",52,3.42
"M",28,3.42027777777778
"M",40,3.42027777777778
"M",44,3.42027777777778
"M",45,3.42055555555556
"F",26,3.42055555555556
"F",36,3.42055555555556
"M",44,3.42055555555556
"M",38,3.42055555555556
"M",23,3.42083333333333
"M",45,3.42083333333333
"M",40,3.42083333333333
"M",46,3.42083333333333
"M",51,3.42111111111111
"M",42,3.42111111111111
"F",27,3.42111111111111
"M",36,3.42111111111111
"F",27,3.42111111111111
"M",49,3.42138888888889
"F",30,3.42138888888889
"F",48,3.42138888888889
"F",24,3.42138888888889
"M",54,3.42166666666667
"M",50,3.42166666666667
"M",49,3.42166666666667
"M",50,3.42166666666667
"M",37,3.42194444444444
"M",31,3.42194444444444
"M",38,3.42194444444444
"M",49,3.42194444444444
"F",39,3.42194444444444
"F",34,3.42194444444444
"F",40,3.42194444444444
"M",30,3.42194444444444
"M",33,3.42194444444444
"M",33,3.42222222222222
"M",45,3.42222222222222
"M",51,3.42222222222222
"M",29,3.42222222222222
"F",29,3.42222222222222
"M",46,3.42222222222222
"M",39,3.42222222222222
"F",37,3.4225
"F",36,3.4225
"F",39,3.4225
"M",52,3.4225
"M",31,3.4225
"M",46,3.42277777777778
"M",55,3.42277777777778
"M",48,3.42277777777778
"M",50,3.42305555555556
"M",26,3.42333333333333
"F",50,3.42333333333333
"F",27,3.42333333333333
"F",50,3.42333333333333
"M",33,3.42333333333333
"M",49,3.42333333333333
"M",28,3.42333333333333
"M",53,3.42361111111111
"F",25,3.42361111111111
"M",50,3.42388888888889
"M",45,3.42388888888889
"M",53,3.42388888888889
"M",38,3.42388888888889
"M",41,3.42388888888889
"M",50,3.42416666666667
"F",39,3.42444444444444
"M",51,3.42444444444444
"M",51,3.42444444444444
"M",43,3.42444444444444
"M",49,3.42472222222222
"M",45,3.42472222222222
"F",26,3.42472222222222
"M",43,3.42472222222222
"M",34,3.42472222222222
"M",49,3.425
"M",51,3.425
"M",33,3.425
"M",49,3.42527777777778
"M",45,3.42527777777778
"M",54,3.42527777777778
"M",52,3.42527777777778
"M",50,3.42527777777778
"M",41,3.42527777777778
"M",43,3.42555555555556
"M",38,3.42555555555556
"M",55,3.42583333333333
"M",46,3.42583333333333
"M",48,3.42583333333333
"M",40,3.42583333333333
"M",32,3.42611111111111
"M",43,3.42611111111111
"M",54,3.42611111111111
"F",37,3.42611111111111
"M",42,3.42611111111111
"M",29,3.42611111111111
"F",30,3.42611111111111
"F",49,3.42611111111111
"M",51,3.42611111111111
"M",50,3.42638888888889
"F",31,3.42638888888889
"M",41,3.42666666666667
"F",24,3.42666666666667
"M",27,3.42666666666667
"M",25,3.42666666666667
"M",48,3.42694444444444
"M",36,3.42694444444444
"M",40,3.42694444444444
"F",30,3.42694444444444
"F",24,3.42722222222222
"M",45,3.42722222222222
"M",44,3.42722222222222
"F",24,3.42722222222222
"M",39,3.4275
"F",24,3.4275
"M",36,3.4275
"M",45,3.4275
"M",42,3.4275
"M",26,3.4275
"M",41,3.4275
"M",37,3.42777777777778
"M",45,3.42777777777778
"M",46,3.42777777777778
"F",37,3.42805555555556
"F",45,3.42805555555556
"M",48,3.42805555555556
"M",29,3.42805555555556
"M",45,3.42805555555556
"M",50,3.42805555555556
"M",53,3.42833333333333
"M",47,3.42833333333333
"M",50,2.87416666666667
"M",27,2.87444444444444
"M",42,2.87527777777778
"M",46,2.87555555555556
"M",34,2.87611111111111
"M",25,2.87611111111111
"M",30,2.87638888888889
"M",46,2.87666666666667
"M",40,2.87694444444444
"M",28,2.87694444444444
"M",27,2.87694444444444
"M",21,2.87805555555556
"F",31,2.87833333333333
"M",26,2.87861111111111
"M",52,2.87861111111111
"M",36,2.87888888888889
"M",23,2.87888888888889
"M",23,2.87888888888889
"M",29,2.87888888888889
"F",34,2.87916666666667
"M",25,2.87916666666667
"M",27,2.87944444444444
"M",39,2.88027777777778
"M",20,2.88055555555556
"M",44,2.88111111111111
"M",30,2.88166666666667
"M",36,2.88166666666667
"M",25,2.88194444444444
"M",46,2.88194444444444
"M",21,2.8825
"M",32,2.88277777777778
"M",51,2.88277777777778
"M",27,2.88305555555556
"M",33,2.88333333333333
"M",27,2.88333333333333
"M",28,2.88388888888889
"M",44,2.88388888888889
"M",43,2.88416666666667
"M",32,2.88444444444444
"M",23,2.885
"M",32,2.88527777777778
"M",37,2.88555555555556
"M",41,2.88555555555556
"M",28,2.88583333333333
"M",37,2.88583333333333
"M",32,2.88611111111111
"M",33,2.88638888888889
"M",43,2.88694444444444
"M",38,2.88694444444444
"M",27,2.88694444444444
"M",42,2.88722222222222
"M",18,2.88777777777778
"M",22,2.88777777777778
"M",27,2.88777777777778
"M",33,2.88833333333333
"F",26,2.88888888888889
"M",35,2.88888888888889
"M",22,2.88888888888889
"M",35,2.89
"M",28,2.89
"M",44,2.89055555555556
"M",42,2.89055555555556
"M",31,2.89055555555556
"F",29,2.89111111111111
"M",39,2.89194444444444
"M",29,2.89222222222222
"M",37,2.89222222222222
"M",36,2.89222222222222
"M",28,2.8925
"M",41,2.8925
"M",34,2.89277777777778
"M",18,2.89277777777778
"M",45,2.89305555555556
"M",27,2.89305555555556
"M",24,2.89305555555556
"M",32,2.89333333333333
"M",23,2.89388888888889
"M",41,2.89388888888889
"M",53,2.89416666666667
"M",34,2.89444444444444
"M",32,2.89472222222222
"M",31,2.89472222222222
"M",35,2.89472222222222
"M",33,2.89472222222222
"M",25,2.89472222222222
"M",25,2.89527777777778
"M",24,2.89527777777778
"M",40,2.89583333333333
"M",21,2.89611111111111
"M",25,2.89611111111111
"M",36,2.89666666666667
"M",47,2.89694444444444
"M",19,2.89694444444444
"M",33,2.8975
"M",35,2.89833333333333
"M",41,2.89833333333333
"M",21,2.89861111111111
"M",46,2.89888888888889
"M",22,2.89972222222222
"M",49,2.89972222222222
"M",50,3.42833333333333
"M",38,3.42861111111111
"M",27,3.42861111111111
"M",48,3.42861111111111
"M",34,3.42861111111111
"M",41,3.42861111111111
"F",48,3.42861111111111
"F",24,3.42888888888889
"F",39,3.42888888888889
"F",25,3.42888888888889
"M",44,3.42888888888889
"F",29,3.42888888888889
"F",45,3.42944444444444
"M",53,3.42944444444444
"M",30,3.42944444444444
"F",39,3.42972222222222
"F",43,3.42972222222222
"M",38,3.42972222222222
"F",36,3.42972222222222
"M",51,3.42972222222222
"F",25,3.42972222222222
"M",51,3.43
"M",46,3.43
"M",44,3.43
"M",49,3.43
"M",46,3.43027777777778
"M",43,3.43027777777778
"M",44,3.43027777777778
"M",47,3.43027777777778
"M",46,3.43027777777778
"M",46,3.43055555555556
"M",39,3.43055555555556
"M",51,3.43083333333333
"M",35,3.43083333333333
"M",35,3.43083333333333
"F",30,3.43083333333333
"F",44,3.43111111111111
"M",50,3.43111111111111
"M",54,3.43111111111111
"M",54,3.43111111111111
"F",36,3.43111111111111
"M",35,3.43111111111111
"M",43,3.43111111111111
"M",33,3.43111111111111
"F",48,3.43138888888889
"M",51,3.43138888888889
"F",26,3.43166666666667
"M",47,3.43166666666667
"M",67,3.43166666666667
"F",26,3.43166666666667
"M",28,3.43166666666667
"M",46,3.43194444444444
"M",38,3.43194444444444
"M",41,3.43222222222222
"M",33,3.43222222222222
"F",31,3.43222222222222
"M",46,3.43222222222222
"M",45,3.43222222222222
"M",38,3.43222222222222
"M",48,3.4325
"F",28,3.4325
"M",44,3.4325
"M",37,3.4325
"M",49,3.43277777777778
"F",60,3.43277777777778
"M",45,3.43277777777778
"M",45,3.43277777777778
"M",53,3.43277777777778
"M",48,3.43305555555556
"M",57,3.43333333333333
"M",41,3.43333333333333
"M",46,3.43333333333333
"M",37,3.43361111111111
"M",48,3.43361111111111
"M",43,3.43388888888889
"M",44,3.43388888888889
"M",43,3.43388888888889
"M",45,3.43388888888889
"M",48,3.43416666666667
"M",42,3.43416666666667
"M",42,3.43416666666667
"M",49,3.43416666666667
"M",41,3.43416666666667
"F",54,3.43416666666667
"M",42,3.43416666666667
"M",31,3.43472222222222
"F",33,3.43472222222222
"F",38,3.43472222222222
"M",44,3.43472222222222
"M",52,3.43472222222222
"M",36,3.43472222222222
"F",46,3.435
"M",49,3.435
"M",42,3.435
"M",46,3.435
"M",45,3.43527777777778
"M",46,3.43527777777778
"F",36,3.43527777777778
"M",64,3.43527777777778
"M",40,3.43527777777778
"M",44,3.43555555555556
"F",22,3.43555555555556
"F",31,3.43555555555556
"F",26,3.43555555555556
"F",24,3.43583333333333
"M",45,3.43611111111111
"M",54,3.43611111111111
"M",48,3.43611111111111
"F",35,3.43611111111111
"F",33,3.43611111111111
"M",46,3.43638888888889
"M",57,3.43638888888889
"F",42,3.43638888888889
"M",37,3.43666666666667
"M",46,3.43666666666667
"M",49,3.43666666666667
"M",36,3.43666666666667
"F",32,3.43666666666667
"M",49,3.43666666666667
"F",27,3.43666666666667
"M",44,3.43694444444444
"M",26,3.43694444444444
"M",41,3.43694444444444
"M",53,3.43694444444444
"M",41,3.43694444444444
"M",54,3.43722222222222
"M",41,3.43722222222222
"M",48,3.43722222222222
"M",54,3.43722222222222
"F",31,3.43722222222222
"M",41,3.43722222222222
"M",58,3.43777777777778
"M",50,3.43777777777778
"M",50,3.43805555555556
"M",41,3.43805555555556
"M",43,3.43805555555556
"F",35,3.43805555555556
"F",21,3.43805555555556
"M",37,3.43805555555556
"M",59,3.43833333333333
"F",51,3.43833333333333
"M",52,3.43833333333333
"M",45,3.43861111111111
"M",29,3.43861111111111
"M",34,3.43861111111111
"M",47,3.43888888888889
"M",45,3.43888888888889
"M",52,3.43888888888889
"M",51,3.43888888888889
"M",43,3.43916666666667
"M",37,3.43916666666667
"M",27,3.43916666666667
"M",56,3.43916666666667
"F",34,3.43916666666667
"F",26,3.43916666666667
"M",51,3.43916666666667
"M",46,3.43916666666667
"F",22,3.43944444444444
"F",29,3.43944444444444
"F",42,3.43944444444444
"M",51,3.43944444444444
"F",22,3.43944444444444
"M",58,3.43944444444444
"F",28,3.43972222222222
"F",44,3.43972222222222
"M",50,3.43972222222222
"F",34,3.43972222222222
"M",51,3.43972222222222
"F",40,3.43972222222222
"M",39,3.43972222222222
"M",51,3.43972222222222
"M",47,3.44
"M",61,3.44
"M",46,3.44
"M",44,3.44
"F",47,3.44
"M",49,3.44
"M",44,3.44027777777778
"M",51,3.44027777777778
"M",37,3.44027777777778
"M",32,3.44027777777778
"M",40,3.44027777777778
"F",39,3.44027777777778
"F",27,3.44027777777778
"M",40,3.44027777777778
"F",33,3.44055555555556
"M",29,3.44055555555556
"M",43,3.44055555555556
"F",33,3.44083333333333
"M",61,3.44083333333333
"M",42,3.44083333333333
"M",41,3.44083333333333
"M",45,3.44083333333333
"M",53,3.44111111111111
"F",36,3.44111111111111
"M",40,3.44111111111111
"M",47,3.44111111111111
"M",31,3.44111111111111
"F",36,3.44138888888889
"F",30,3.44138888888889
"M",33,3.44138888888889
"F",28,3.44138888888889
"M",46,3.44166666666667
"F",31,3.44166666666667
"F",27,3.44166666666667
"M",37,3.44166666666667
"M",41,3.44166666666667
"M",24,3.44194444444444
"M",49,3.44194444444444
"M",47,3.44194444444444
"F",30,3.44194444444444
"M",46,3.44222222222222
"M",28,3.44222222222222
"M",33,3.44222222222222
"M",55,3.44222222222222
"M",30,3.4425
"M",33,3.4425
"F",46,3.4425
"F",46,3.4425
"M",47,3.4425
"M",53,3.44277777777778
"F",30,3.44277777777778
"M",20,3.44277777777778
"F",24,3.44305555555556
"M",53,3.44305555555556
"F",40,3.44305555555556
"M",53,3.44333333333333
"M",41,3.44333333333333
"M",45,3.44333333333333
"M",49,3.44333333333333
"F",30,3.44361111111111
"M",51,3.44361111111111
"F",49,3.44361111111111
"M",49,3.44361111111111
"M",35,3.44388888888889
"F",40,3.44388888888889
"M",44,3.44388888888889
"M",47,3.44388888888889
"M",41,3.44388888888889
"M",21,3.44388888888889
"M",36,3.44388888888889
"M",41,3.44416666666667
"M",35,3.44444444444444
"F",35,3.44444444444444
"M",42,3.44444444444444
"F",28,3.44444444444444
"M",51,3.44472222222222
"M",42,3.44472222222222
"M",27,3.445
"M",45,3.445
"M",48,3.445
"F",28,3.445
"M",37,3.44527777777778
"M",37,3.44527777777778
"M",38,3.44527777777778
"M",46,3.44527777777778
"F",28,3.44527777777778
"F",30,3.44527777777778
"M",43,3.44555555555556
"M",32,3.44555555555556
"F",28,3.44555555555556
"M",46,3.44555555555556
"F",21,3.44583333333333
"M",41,3.44583333333333
"M",47,3.44583333333333
"M",36,3.44583333333333
"M",44,3.44583333333333
"M",58,3.44583333333333
"F",29,3.44583333333333
"M",49,3.44611111111111
"M",55,3.44611111111111
"F",39,3.44638888888889
"F",30,3.44638888888889
"F",30,3.44638888888889
"M",44,3.44638888888889
"F",42,3.44638888888889
"M",38,3.44666666666667
"F",41,3.44666666666667
"F",40,3.44666666666667
"M",42,3.44666666666667
"M",20,3.44666666666667
"M",48,3.44666666666667
"M",50,3.44666666666667
"M",46,3.44666666666667
"F",47,3.44666666666667
"M",45,3.44694444444444
"F",42,3.44694444444444
"F",32,3.44694444444444
"F",28,3.44694444444444
"F",30,3.44722222222222
"M",57,3.44722222222222
"M",47,3.44722222222222
"F",44,3.44722222222222
"F",38,3.44777777777778
"M",44,3.44777777777778
"M",36,3.44777777777778
"M",40,3.44777777777778
"M",21,3.44805555555556
"M",21,3.44805555555556
"M",55,3.44805555555556
"M",48,3.44805555555556
"M",43,3.44805555555556
"M",48,3.44805555555556
"M",50,3.44805555555556
"F",37,3.44805555555556
"M",38,3.44833333333333
"M",46,3.44833333333333
"M",36,3.44861111111111
"M",36,3.44861111111111
"F",26,3.44861111111111
"M",43,3.44888888888889
"M",56,3.44888888888889
"M",41,3.44888888888889
"M",54,3.44888888888889
"M",22,3.44888888888889
"F",31,3.44888888888889
"F",23,3.44888888888889
"M",41,3.44888888888889
"M",21,3.44888888888889
"M",37,3.44888888888889
"F",45,3.44916666666667
"M",48,3.44916666666667
"F",40,3.44916666666667
"F",30,3.44916666666667
"M",39,3.44944444444444
"M",49,3.44944444444444
"M",47,3.44944444444444
"M",49,3.44944444444444
"M",45,3.44944444444444
"M",28,3.44944444444444
"M",48,3.44972222222222
"M",42,3.44972222222222
"M",36,3.44972222222222
"F",39,3.44972222222222
"M",47,3.44972222222222
"F",30,3.44972222222222
"F",40,3.44972222222222
"M",45,3.45
"M",49,3.45
"M",45,3.45
"M",38,3.45
"M",45,3.45
"M",42,3.45
"F",31,3.45027777777778
"M",48,3.45027777777778
"M",46,3.45027777777778
"M",46,3.45027777777778
"F",41,3.45027777777778
"M",50,3.45055555555556
"M",45,3.45055555555556
"F",38,3.45055555555556
"M",29,3.45055555555556
"M",38,3.45055555555556
"M",39,3.45083333333333
"M",44,3.45083333333333
"M",52,3.45111111111111
"M",47,3.45111111111111
"M",53,3.45138888888889
"M",53,3.45138888888889
"M",43,3.45138888888889
"M",19,3.45138888888889
"F",41,3.45138888888889
"M",40,3.45138888888889
"F",27,3.45138888888889
"M",23,3.45138888888889
"M",50,3.45138888888889
"F",45,3.45138888888889
"F",29,3.45166666666667
"M",27,3.45166666666667
"M",43,3.45166666666667
"M",35,3.45166666666667
"M",40,3.45166666666667
"F",23,3.45166666666667
"M",39,3.45166666666667
"M",38,3.45166666666667
"F",34,3.45194444444444
"M",51,3.45194444444444
"M",53,3.45194444444444
"M",38,3.45194444444444
"M",40,3.45194444444444
"F",20,3.45194444444444
"F",41,3.45194444444444
"M",36,3.45222222222222
"M",29,3.45222222222222
"M",45,3.45222222222222
"M",40,3.45222222222222
"F",37,3.45222222222222
"M",42,3.45222222222222
"M",51,3.4525
"F",33,3.4525
"F",41,3.4525
"M",44,3.4525
"M",36,3.4525
"F",37,3.4525
"F",26,3.45277777777778
"F",27,3.45277777777778
"M",41,3.45277777777778
"F",33,3.45277777777778
"M",45,3.45305555555556
"M",39,3.45305555555556
"M",35,3.45305555555556
"F",40,3.45305555555556
"M",40,3.45305555555556
"M",47,3.45305555555556
"M",43,3.45305555555556
"M",35,3.45333333333333
"F",36,3.45333333333333
"M",47,3.45333333333333
"M",37,3.45333333333333
"M",51,3.45333333333333
"M",28,3.45333333333333
"F",37,3.45333333333333
"M",41,3.45333333333333
"M",47,3.45361111111111
"M",51,3.45361111111111
"M",33,3.45388888888889
"M",47,3.45388888888889
"M",48,3.45388888888889
"M",48,3.45388888888889
"M",44,3.45388888888889
"M",49,3.45388888888889
"M",54,3.45416666666667
"F",37,3.45416666666667
"M",51,3.45416666666667
"M",24,3.45416666666667
"M",33,3.45444444444444
"M",48,3.45444444444444
"M",55,3.45444444444444
"M",42,3.45444444444444
"M",36,3.45444444444444
"M",33,3.45472222222222
"F",21,3.45472222222222
"M",49,3.45472222222222
"M",42,3.455
"M",47,3.455
"M",41,3.45527777777778
"F",34,3.45527777777778
"M",34,3.45527777777778
"F",37,3.45555555555556
"F",40,3.45555555555556
"M",53,3.45555555555556
"M",46,3.45555555555556
"F",42,3.45555555555556
"M",53,3.45555555555556
"M",46,3.45555555555556
"M",48,3.45555555555556
"M",45,3.45555555555556
"M",41,3.45555555555556
"M",35,3.45555555555556
"M",50,3.45583333333333
"M",46,3.45583333333333
"F",30,3.45611111111111
"M",48,3.45611111111111
"M",43,3.45611111111111
"M",43,3.45638888888889
"M",46,3.45638888888889
"M",45,3.45638888888889
"M",45,3.45638888888889
"M",51,3.45638888888889
"M",32,3.45638888888889
"M",30,3.45638888888889
"M",53,3.45666666666667
"M",38,3.45666666666667
"F",32,3.45666666666667
"M",37,3.45666666666667
"F",36,3.45694444444444
"F",35,3.45694444444444
"M",46,3.45722222222222
"M",47,3.45722222222222
"M",44,3.45722222222222
"M",32,3.45722222222222
"M",46,3.45722222222222
"F",32,3.45722222222222
"M",46,3.4575
"M",41,3.4575
"M",44,3.4575
"M",45,3.4575
"M",43,3.4575
"M",37,3.45777777777778
"M",41,3.45777777777778
"M",48,3.45777777777778
"M",30,3.45777777777778
"M",23,3.45777777777778
"M",50,3.45777777777778
"F",28,3.45805555555556
"M",25,3.45805555555556
"F",26,3.45805555555556
"F",25,3.45805555555556
"M",61,3.45833333333333
"M",46,3.45833333333333
"F",42,3.45833333333333
"M",55,3.45833333333333
"M",30,3.45833333333333
"F",29,3.45861111111111
"M",46,3.45861111111111
"M",55,3.45861111111111
"F",30,3.45861111111111
"M",50,3.45861111111111
"M",46,3.45861111111111
"M",24,3.45861111111111
"M",46,3.45861111111111
"F",32,3.45861111111111
"M",59,3.45888888888889
"M",50,3.45888888888889
"F",25,3.45888888888889
"F",27,3.45888888888889
"M",58,3.45916666666667
"M",56,3.45916666666667
"M",41,3.45916666666667
"M",56,3.45916666666667
"M",47,3.45944444444444
"F",20,3.45944444444444
"F",26,3.45972222222222
"M",50,3.46
"F",26,3.46027777777778
"F",28,3.46027777777778
"M",42,3.46027777777778
"F",42,3.46027777777778
"M",43,3.46027777777778
"F",26,3.46027777777778
"F",32,3.46055555555556
"F",39,3.46055555555556
"M",47,3.46055555555556
"M",39,3.46055555555556
"M",48,3.46055555555556
"M",57,3.46055555555556
"M",46,3.46083333333333
"F",31,3.46083333333333
"F",29,3.46083333333333
"M",40,3.46083333333333
"M",53,3.46083333333333
"M",43,3.46083333333333
"M",33,3.46083333333333
"M",53,3.46083333333333
"M",21,3.46111111111111
"M",45,3.46111111111111
"M",40,3.46111111111111
"M",39,3.46111111111111
"M",64,3.46111111111111
"M",44,3.46111111111111
"M",48,3.46138888888889
"M",45,3.46138888888889
"F",29,3.46138888888889
"M",35,3.46138888888889
"M",45,3.46138888888889
"M",34,3.46138888888889
"F",42,3.46138888888889
"M",19,3.46138888888889
"M",47,3.46166666666667
"M",47,3.46166666666667
"M",45,3.46194444444444
"M",48,3.46194444444444
"F",25,3.46194444444444
"M",51,3.46194444444444
"F",31,3.46194444444444
"F",33,3.46194444444444
"F",20,3.46194444444444
"M",50,3.46194444444444
"M",40,3.46222222222222
"F",29,3.46222222222222
"F",32,3.46222222222222
"M",59,3.46222222222222
"M",47,3.46222222222222
"F",26,3.46222222222222
"M",36,3.46222222222222
"F",45,3.4625
"F",34,3.4625
"M",34,3.4625
"M",41,3.46277777777778
"F",20,3.46277777777778
"M",50,3.46305555555556
"M",48,3.46305555555556
"F",29,3.46305555555556
"F",38,3.46305555555556
"F",36,3.46305555555556
"M",50,3.46305555555556
"M",43,3.46305555555556
"F",26,3.46305555555556
"M",45,3.46333333333333
"F",25,3.46333333333333
"F",30,3.46333333333333
"M",28,3.46361111111111
"F",41,3.46361111111111
"F",29,3.46361111111111
"M",42,3.46361111111111
"M",49,3.46388888888889
"M",36,3.46388888888889
"M",52,3.46388888888889
"F",37,3.46388888888889
"F",37,3.46388888888889
"F",34,3.46416666666667
"M",28,3.46416666666667
"M",38,3.46416666666667
"M",48,3.46444444444444
"M",51,3.46444444444444
"F",33,3.46444444444444
"M",48,3.46444444444444
"M",44,3.46444444444444
"M",47,3.46444444444444
"F",30,3.46444444444444
"M",51,3.46444444444444
"F",26,3.46472222222222
"F",31,3.46472222222222
"F",29,3.465
"M",39,3.465
"M",49,3.465
"M",29,3.465
"F",27,3.465
"F",33,3.465
"M",51,3.46527777777778
"M",37,3.46527777777778
"M",51,3.46527777777778
"M",50,3.46527777777778
"M",40,3.46527777777778
"M",45,3.46555555555556
"M",49,3.46555555555556
"F",28,3.46555555555556
"M",51,3.46555555555556
"F",42,3.46555555555556
"M",45,3.46583333333333
"F",36,3.46583333333333
"M",49,3.46583333333333
"M",51,3.46583333333333
"M",38,3.46611111111111
"M",48,3.46638888888889
"F",42,3.46638888888889
"M",46,3.46666666666667
"M",43,3.46666666666667
"F",48,3.46666666666667
"M",38,3.46666666666667
"M",29,3.46666666666667
"M",40,3.46666666666667
"M",49,3.46666666666667
"M",45,3.46694444444444
"M",35,3.46694444444444
"M",28,3.46694444444444
"M",48,3.46694444444444
"F",26,3.46694444444444
"M",50,3.46694444444444
"M",48,3.46694444444444
"M",43,3.46722222222222
"M",46,3.46722222222222
"F",31,3.46722222222222
"M",54,3.46722222222222
"M",45,3.46722222222222
"M",50,3.46722222222222
"M",43,3.4675
"M",36,3.4675
"M",40,3.4675
"M",46,3.4675
"F",24,3.46777777777778
"M",50,3.46777777777778
"M",37,3.46777777777778
"F",24,3.46777777777778
"M",23,3.46777777777778
"F",41,3.46777777777778
"F",41,3.46777777777778
"F",25,3.46777777777778
"M",41,3.46777777777778
"M",46,3.46805555555556
"F",34,3.46805555555556
"F",34,3.46805555555556
"M",34,3.46805555555556
"F",29,3.46805555555556
"M",54,3.46805555555556
"M",56,3.46833333333333
"M",60,3.46833333333333
"M",45,3.46833333333333
"M",49,3.46833333333333
"F",37,3.46833333333333
"M",23,3.46861111111111
"M",35,3.46861111111111
"M",50,3.46861111111111
"M",40,3.46861111111111
"F",28,3.46861111111111
"F",40,3.46888888888889
"M",47,3.46888888888889
"M",52,3.46888888888889
"F",28,3.46888888888889
"F",52,3.46888888888889
"M",51,3.46916666666667
"F",39,3.46916666666667
"M",41,3.46916666666667
"F",28,3.46916666666667
"M",51,3.46944444444444
"M",54,3.46944444444444
"M",45,3.46944444444444
"F",37,3.46944444444444
"M",47,3.46972222222222
"F",45,3.46972222222222
"M",41,3.46972222222222
"F",23,3.46972222222222
"M",45,3.46972222222222
"M",31,3.47
"M",25,3.47
"F",38,3.47
"M",48,3.47
"M",50,3.47
"M",50,3.47027777777778
"M",42,3.47027777777778
"F",40,3.47027777777778
"F",31,3.47027777777778
"F",37,3.47055555555556
"M",47,3.47055555555556
"F",42,3.47055555555556
"M",45,3.47083333333333
"M",29,3.47083333333333
"F",50,3.47083333333333
"F",30,3.47083333333333
"F",33,3.47083333333333
"M",47,3.47083333333333
"M",45,3.47083333333333
"M",54,3.47083333333333
"M",31,3.47083333333333
"M",48,3.47111111111111
"M",49,3.47111111111111
"M",24,3.47111111111111
"F",29,3.47111111111111
"M",46,3.47111111111111
"F",30,3.47111111111111
"F",23,3.47111111111111
"M",40,3.47111111111111
"M",38,3.47111111111111
"F",35,3.47138888888889
"M",47,3.47138888888889
"M",44,3.47138888888889
"F",32,3.47138888888889
"M",52,3.47138888888889
"M",42,3.47138888888889
"M",40,3.47166666666667
"M",45,3.47166666666667
"M",56,3.47166666666667
"M",53,3.47166666666667
"M",41,3.47166666666667
"M",41,3.47166666666667
"M",35,3.47194444444444
"M",32,3.47194444444444
"M",44,3.47194444444444
"M",46,3.47194444444444
"M",46,3.47194444444444
"M",36,3.47194444444444
"F",40,3.47222222222222
"F",62,3.47222222222222
"M",46,3.47222222222222
"M",55,3.4725
"F",37,3.4725
"M",40,3.4725
"M",48,3.4725
"M",56,3.4725
"M",32,3.47277777777778
"M",44,3.47277777777778
"F",22,3.47277777777778
"M",41,3.47277777777778
"M",54,3.47277777777778
"M",31,3.47277777777778
"F",29,3.47277777777778
"M",47,3.47277777777778
"F",30,3.47277777777778
"M",21,3.47277777777778
"M",56,3.47305555555556
"M",46,3.47305555555556
"M",40,3.47305555555556
"M",35,3.47305555555556
"M",44,3.47333333333333
"F",43,3.47333333333333
"F",22,3.47333333333333
"F",58,3.47361111111111
"M",48,3.47361111111111
"M",48,3.47361111111111
"M",47,3.47361111111111
"M",20,3.47361111111111
"M",48,3.47361111111111
"F",30,3.47361111111111
"M",39,3.47361111111111
"M",48,3.47388888888889
"M",46,3.47388888888889
"F",32,3.47388888888889
"M",45,3.47388888888889
"F",28,3.47388888888889
"F",33,3.47416666666667
"M",28,3.47416666666667
"F",27,3.47416666666667
"M",49,3.47416666666667
"M",45,3.47444444444444
"M",46,3.47444444444444
"M",40,3.47444444444444
"M",45,3.47444444444444
"M",45,3.47444444444444
"M",46,3.47472222222222
"M",52,3.47472222222222
"M",51,3.47472222222222
"M",53,3.475
"M",58,3.475
"M",25,3.475
"F",31,3.475
"M",47,3.475
"M",38,3.47527777777778
"M",52,3.47527777777778
"M",48,3.47527777777778
"M",47,3.47527777777778
"F",31,3.47527777777778
"F",29,3.47527777777778
"F",28,3.47527777777778
"M",47,3.47527777777778
"M",41,3.47555555555556
"F",45,3.47555555555556
"M",43,3.47555555555556
"M",35,3.47555555555556
"F",31,3.47555555555556
"M",52,3.47583333333333
"M",47,3.47583333333333
"F",27,3.47583333333333
"M",45,3.47611111111111
"M",46,3.47611111111111
"M",48,3.47611111111111
"M",40,3.47611111111111
"M",46,3.47611111111111
"M",50,3.47638888888889
"F",43,3.47638888888889
"M",52,3.47638888888889
"M",39,3.47638888888889
"M",42,3.47638888888889
"F",26,3.47666666666667
"F",38,3.47666666666667
"F",23,3.47666666666667
"M",28,3.47666666666667
"M",45,3.47694444444444
"F",45,3.47694444444444
"F",23,3.47694444444444
"F",32,3.47694444444444
"M",49,3.47694444444444
"F",43,3.47694444444444
"M",51,3.47694444444444
"M",44,3.47722222222222
"M",45,3.47722222222222
"F",42,3.47722222222222
"M",49,3.47722222222222
"M",47,3.47722222222222
"M",31,3.47722222222222
"M",35,3.47722222222222
"M",37,3.4775
"M",37,3.4775
"M",38,3.4775
"M",42,3.4775
"M",47,3.47777777777778
"M",53,3.47777777777778
"M",30,3.47777777777778
"F",28,3.47777777777778
"M",22,3.47805555555556
"M",39,3.47805555555556
"M",42,3.47805555555556
"M",49,3.47805555555556
"F",38,3.47805555555556
"M",57,3.47805555555556
"M",48,3.47805555555556
"M",45,3.47805555555556
"M",56,3.47805555555556
"F",42,3.47833333333333
"M",27,3.47833333333333
"M",49,3.47833333333333
"F",39,3.47833333333333
"M",40,3.47833333333333
"M",45,3.47861111111111
"M",42,3.47861111111111
"M",54,3.47861111111111
"M",47,3.47888888888889
"M",49,3.47888888888889
"F",25,3.47888888888889
"F",45,3.47888888888889
"F",43,3.47888888888889
"M",42,3.47888888888889
"F",29,3.47888888888889
"M",36,3.47916666666667
"F",31,3.47916666666667
"F",48,3.47916666666667
"M",40,3.47944444444444
"M",48,3.47944444444444
"M",50,3.47944444444444
"M",48,3.47944444444444
"M",36,3.47944444444444
"M",48,3.47944444444444
"M",49,3.47944444444444
"M",43,3.47944444444444
"M",27,3.47944444444444
"F",27,3.47944444444444
"M",27,3.47944444444444
"M",48,3.47972222222222
"F",44,3.47972222222222
"M",61,3.47972222222222
"F",32,3.48
"M",40,3.48
"F",47,3.48027777777778
"F",27,3.48027777777778
"F",37,3.48027777777778
"M",41,3.48055555555556
"F",31,3.48055555555556
"F",43,3.48055555555556
"F",29,3.48055555555556
"M",30,3.48055555555556
"M",41,3.48055555555556
"F",35,3.48055555555556
"F",36,3.48083333333333
"M",56,3.48083333333333
"F",33,3.48083333333333
"M",29,3.48083333333333
"F",38,3.48083333333333
"F",25,3.48111111111111
"F",40,3.48111111111111
"M",45,3.48111111111111
"M",41,3.48111111111111
"F",56,3.48111111111111
"F",36,3.48111111111111
"F",30,3.48138888888889
"M",37,3.48138888888889
"M",54,3.48138888888889
"M",50,3.48138888888889
"F",42,3.48138888888889
"F",30,3.48138888888889
"M",42,3.48138888888889
"M",49,3.48138888888889
"M",53,3.48166666666667
"M",50,3.48166666666667
"M",47,3.48166666666667
"M",52,3.48166666666667
"M",49,3.48166666666667
"M",48,3.48166666666667
"F",27,3.48166666666667
"M",47,3.48166666666667
"F",26,3.48166666666667
"M",42,3.48166666666667
"M",53,3.48166666666667
"F",38,3.48166666666667
"F",45,3.48194444444444
"M",41,3.48194444444444
"M",56,3.48194444444444
"M",54,3.48194444444444
"F",45,3.48194444444444
"F",43,3.48222222222222
"M",27,3.48222222222222
"F",39,3.48222222222222
"M",35,3.4825
"M",50,3.4825
"M",45,3.48277777777778
"M",46,3.48277777777778
"F",33,3.48277777777778
"F",31,3.48277777777778
"M",35,3.48277777777778
"M",49,3.48305555555556
"F",25,3.48305555555556
"M",46,3.48305555555556
"M",39,3.48305555555556
"M",50,3.48305555555556
"F",39,3.48305555555556
"M",40,3.48333333333333
"M",49,3.48333333333333
"M",54,3.48333333333333
"M",46,3.48333333333333
"F",48,3.48333333333333
"M",51,3.48361111111111
"M",27,3.48361111111111
"M",55,3.48361111111111
"M",45,3.48361111111111
"F",35,3.48361111111111
"M",53,3.48361111111111
"F",25,3.48361111111111
"M",38,3.48361111111111
"M",45,3.48361111111111
"F",42,3.48361111111111
"F",38,3.48361111111111
"F",27,3.48361111111111
"M",42,3.48388888888889
"M",43,3.48388888888889
"M",28,3.48388888888889
"F",46,3.48388888888889
"M",51,3.48388888888889
"M",38,3.48416666666667
"F",33,3.48444444444444
"M",37,3.48444444444444
"F",26,3.48444444444444
"M",34,3.48472222222222
"M",47,3.48472222222222
"M",55,3.48472222222222
"F",27,3.48472222222222
"F",26,3.48472222222222
"M",45,3.48472222222222
"M",40,3.485
"M",41,3.485
"M",37,3.485
"M",52,3.485
"M",50,3.485
"F",44,3.485
"M",38,3.485
"M",46,3.485
"F",31,3.485
"F",38,3.485
"M",48,3.48527777777778
"M",43,3.48527777777778
"M",45,3.48527777777778
"F",47,3.48527777777778
"M",49,3.48527777777778
"M",50,2.90055555555556
"M",46,2.90055555555556
"M",50,2.90083333333333
"F",43,2.90083333333333
"M",40,2.90111111111111
"M",45,2.90111111111111
"M",49,2.90138888888889
"M",31,2.90138888888889
"M",28,2.90166666666667
"M",39,2.90194444444444
"M",28,2.90194444444444
"M",29,2.90222222222222
"M",44,2.90222222222222
"M",30,2.9025
"F",33,2.9025
"M",39,2.90305555555556
"M",23,2.90333333333333
"M",32,2.90361111111111
"M",35,2.90361111111111
"M",37,2.90361111111111
"M",26,2.90388888888889
"M",46,2.90388888888889
"M",29,2.90444444444444
"M",29,2.90472222222222
"M",32,2.90555555555556
"M",19,2.90611111111111
"M",35,2.90611111111111
"M",40,2.90638888888889
"M",36,2.90666666666667
"M",22,2.90666666666667
"M",48,2.90694444444444
"M",28,2.90694444444444
"M",32,2.90722222222222
"M",23,2.90722222222222
"M",31,2.90722222222222
"M",27,2.9075
"M",40,2.9075
"M",27,2.9075
"M",25,2.90777777777778
"M",47,2.90805555555556
"M",29,2.90833333333333
"M",36,2.90833333333333
"M",23,2.90861111111111
"M",35,2.90888888888889
"M",33,2.90888888888889
"M",25,2.90916666666667
"M",33,2.90944444444444
"M",45,2.90944444444444
"M",34,2.90944444444444
"M",34,2.90972222222222
"M",43,2.91055555555556
"M",38,2.91083333333333
"M",38,2.91083333333333
"M",29,2.91138888888889
"M",38,2.91138888888889
"M",29,2.91166666666667
"M",35,2.91166666666667
"M",37,2.91194444444444
"M",38,2.9125
"M",40,2.9125
"M",29,2.91277777777778
"M",26,2.91277777777778
"M",22,2.91277777777778
"M",40,2.91305555555556
"M",32,2.91305555555556
"F",44,2.91333333333333
"M",31,2.91333333333333
"M",21,2.91388888888889
"M",30,2.91388888888889
"M",30,2.91444444444444
"M",39,2.91472222222222
"M",25,2.91472222222222
"M",33,2.91472222222222
"M",39,2.91472222222222
"M",24,2.915
"M",29,2.915
"M",27,2.915
"M",37,2.915
"M",47,2.91527777777778
"M",31,2.91555555555556
"M",35,2.91555555555556
"M",28,2.91583333333333
"M",26,2.91611111111111
"M",28,2.91611111111111
"M",46,2.91638888888889
"M",50,2.91638888888889
"M",32,2.91666666666667
"M",22,2.91666666666667
"M",22,2.91666666666667
"M",29,2.91694444444444
"M",37,2.91694444444444
"M",48,2.91694444444444
"M",37,2.91722222222222
"M",23,2.91722222222222
"M",35,2.91722222222222
"M",30,2.9175
"M",28,2.91805555555556
"M",54,2.91805555555556
"M",40,2.91833333333333
"M",36,2.91833333333333
"M",52,3.48555555555556
"M",47,3.48555555555556
"F",39,3.48555555555556
"F",28,3.48555555555556
"M",47,3.48555555555556
"F",26,3.48555555555556
"M",27,3.48555555555556
"M",36,3.48583333333333
"F",41,3.48583333333333
"M",56,3.48583333333333
"M",46,3.48583333333333
"M",41,3.48583333333333
"M",39,3.48583333333333
"M",43,3.48583333333333
"M",47,3.48583333333333
"M",47,3.48583333333333
"F",26,3.48611111111111
"F",26,3.48611111111111
"M",52,3.48611111111111
"M",30,3.48611111111111
"F",47,3.48611111111111
"M",47,3.48611111111111
"F",24,3.48611111111111
"F",44,3.48611111111111
"F",26,3.48611111111111
"M",25,3.48611111111111
"M",45,3.48611111111111
"M",44,3.48638888888889
"M",19,3.48638888888889
"M",36,3.48638888888889
"M",53,3.48666666666667
"M",59,3.48666666666667
"M",50,3.48666666666667
"M",50,3.48666666666667
"M",23,3.48694444444444
"M",36,3.48694444444444
"M",49,3.48694444444444
"M",24,3.48694444444444
"M",39,3.48694444444444
"M",37,3.48694444444444
"M",42,3.48722222222222
"F",26,3.48722222222222
"M",40,3.4875
"M",45,3.4875
"F",28,3.4875
"M",51,3.48777777777778
"M",23,3.48777777777778
"M",52,3.48777777777778
"M",48,3.48777777777778
"M",50,3.48777777777778
"F",32,3.48777777777778
"F",27,3.48777777777778
"M",33,3.48777777777778
"F",34,3.48777777777778
"F",28,3.48777777777778
"M",47,3.48777777777778
"M",33,3.48805555555556
"F",22,3.48805555555556
"M",32,3.48805555555556
"M",58,3.48805555555556
"F",43,3.48805555555556
"M",49,3.48805555555556
"M",53,3.48805555555556
"M",60,3.48805555555556
"F",32,3.48833333333333
"M",51,3.48833333333333
"M",46,3.48833333333333
"F",23,3.48833333333333
"M",51,3.48833333333333
"M",36,3.48861111111111
"F",34,3.48861111111111
"F",27,3.48861111111111
"M",51,3.48861111111111
"F",29,3.48861111111111
"M",36,3.48861111111111
"M",42,3.48861111111111
"M",44,3.48861111111111
"M",56,3.48888888888889
"M",49,3.48888888888889
"M",51,3.48888888888889
"F",27,3.48916666666667
"M",39,3.48916666666667
"M",32,3.48916666666667
"M",47,3.48916666666667
"F",43,3.48916666666667
"M",48,3.48916666666667
"M",40,3.48916666666667
"M",32,3.48916666666667
"F",40,3.48916666666667
"F",44,3.48944444444444
"F",32,3.48944444444444
"M",45,3.48944444444444
"F",41,3.48944444444444
"M",47,3.48944444444444
"F",23,3.48944444444444
"F",30,3.48972222222222
"F",43,3.48972222222222
"F",34,3.48972222222222
"F",30,3.48972222222222
"F",36,3.48972222222222
"M",51,3.48972222222222
"M",42,3.48972222222222
"M",55,3.48972222222222
"F",39,3.49
"M",60,3.49
"M",19,3.49
"M",43,3.49
"M",44,3.49
"F",26,3.49
"M",50,3.49027777777778
"M",59,3.49027777777778
"M",52,3.49027777777778
"F",27,3.49027777777778
"F",26,3.49027777777778
"M",48,3.49027777777778
"M",54,3.49055555555556
"F",27,3.49055555555556
"F",31,3.49055555555556
"F",36,3.49055555555556
"F",25,3.49055555555556
"M",40,3.49083333333333
"M",42,3.49083333333333
"M",40,3.49083333333333
"M",47,3.49111111111111
"M",30,3.49111111111111
"F",31,3.49111111111111
"M",47,3.49111111111111
"M",55,3.49111111111111
"M",35,3.49138888888889
"M",52,3.49138888888889
"M",46,3.49138888888889
"M",47,3.49138888888889
"F",38,3.49138888888889
"M",51,3.49138888888889
"F",24,3.49166666666667
"M",52,3.49166666666667
"M",54,3.49194444444444
"M",35,3.49194444444444
"M",53,3.49194444444444
"F",23,3.49194444444444
"M",52,3.49194444444444
"F",31,3.49194444444444
"M",29,3.49194444444444
"M",50,3.49222222222222
"M",45,3.49222222222222
"M",56,3.49222222222222
"M",28,3.49222222222222
"M",45,3.49222222222222
"F",29,3.49222222222222
"F",38,3.49222222222222
"M",32,3.49222222222222
"F",34,3.4925
"M",51,3.4925
"M",55,3.4925
"F",35,3.4925
"F",30,3.49277777777778
"F",44,3.49277777777778
"M",34,3.49277777777778
"M",38,3.49277777777778
"M",47,3.49305555555556
"F",30,3.49305555555556
"F",45,3.49305555555556
"F",38,3.49305555555556
"M",57,3.49333333333333
"M",49,3.49333333333333
"M",37,3.49333333333333
"M",48,3.49333333333333
"M",41,3.49333333333333
"F",46,3.49333333333333
"F",38,3.49333333333333
"M",45,3.49361111111111
"M",47,3.49361111111111
"M",41,3.49361111111111
"M",48,3.49361111111111
"M",51,3.49361111111111
"M",47,3.49361111111111
"M",42,3.49388888888889
"M",44,3.49388888888889
"F",44,3.49388888888889
"M",47,3.49388888888889
"M",47,3.49388888888889
"M",43,3.49388888888889
"F",58,3.49416666666667
"M",30,3.49416666666667
"M",48,3.49416666666667
"M",35,3.49416666666667
"M",45,3.49416666666667
"M",46,3.49444444444444
"M",29,3.49444444444444
"M",37,3.49444444444444
"M",46,3.49472222222222
"F",41,3.495
"F",36,3.495
"M",45,3.495
"F",34,3.495
"M",46,3.495
"M",45,3.49527777777778
"M",29,3.49527777777778
"F",49,3.49527777777778
"M",55,3.49555555555556
"F",26,3.49555555555556
"M",44,3.49555555555556
"M",35,3.49555555555556
"F",33,3.49555555555556
"F",20,3.49555555555556
"M",50,3.49583333333333
"F",45,3.49583333333333
"M",51,3.49583333333333
"M",35,3.49583333333333
"F",36,3.49583333333333
"M",51,3.49583333333333
"M",41,3.49611111111111
"F",33,3.49611111111111
"M",62,3.49611111111111
"M",37,3.49611111111111
"M",44,3.49638888888889
"M",45,3.49638888888889
"M",35,3.49638888888889
"M",43,3.49638888888889
"M",47,3.49638888888889
"M",37,3.49638888888889
"M",28,3.49638888888889
"M",41,3.49666666666667
"M",34,3.49666666666667
"M",43,3.49666666666667
"F",37,3.49666666666667
"M",46,3.49666666666667
"F",26,3.49694444444444
"M",43,3.49694444444444
"M",49,3.49694444444444
"M",28,3.49694444444444
"M",45,3.49722222222222
"M",53,3.49722222222222
"F",26,3.49722222222222
"F",47,3.49722222222222
"M",38,3.49722222222222
"M",30,3.49722222222222
"M",21,3.4975
"M",48,3.4975
"M",37,3.4975
"M",46,3.4975
"M",45,3.4975
"F",27,3.4975
"M",46,3.4975
"M",46,3.49777777777778
"F",26,3.49777777777778
"M",46,3.49777777777778
"F",24,3.49777777777778
"F",29,3.49777777777778
"F",30,3.49777777777778
"M",45,3.49777777777778
"F",35,3.49805555555556
"M",38,3.49805555555556
"F",41,3.49805555555556
"M",44,3.49833333333333
"M",52,3.49833333333333
"M",46,3.49833333333333
"M",45,3.49833333333333
"M",40,3.49833333333333
"M",40,3.49861111111111
"M",47,3.49861111111111
"M",59,3.49861111111111
"M",45,3.49861111111111
"M",48,3.49888888888889
"M",35,3.49888888888889
"M",60,3.49888888888889
"F",20,3.49888888888889
"F",41,3.49916666666667
"F",24,3.49916666666667
"M",38,3.49916666666667
"M",45,3.49916666666667
"F",31,3.49916666666667
"M",40,3.49916666666667
"M",37,3.49916666666667
"M",39,3.49916666666667
"M",52,3.49944444444444
"M",51,3.49944444444444
"M",51,3.49944444444444
"M",47,3.49972222222222
"F",35,3.49972222222222
"F",34,3.49972222222222
"M",31,3.49972222222222
"F",24,3.49972222222222
"F",32,3.5
"M",49,3.5
"F",37,3.5
"F",34,3.5
"M",60,3.5
"M",24,3.5
"M",39,3.5
"M",45,3.50027777777778
"M",51,3.50027777777778
"M",46,3.50027777777778
"M",45,3.50027777777778
"F",33,3.50027777777778
"M",39,3.50027777777778
"F",29,3.50055555555556
"F",26,3.50055555555556
"F",35,3.50055555555556
"F",25,3.50055555555556
"M",43,3.50055555555556
"F",27,3.50083333333333
"F",28,3.50083333333333
"F",27,3.50083333333333
"M",54,3.50083333333333
"M",41,3.50111111111111
"M",56,3.50111111111111
"M",48,3.50111111111111
"M",42,3.50111111111111
"M",24,3.50111111111111
"F",26,3.50111111111111
"F",24,3.50166666666667
"M",54,3.50166666666667
"F",38,3.50166666666667
"M",31,3.50166666666667
"F",48,3.50166666666667
"M",45,3.50194444444444
"F",45,3.50194444444444
"M",52,3.50194444444444
"M",55,3.50194444444444
"F",46,3.50222222222222
"M",45,3.50222222222222
"M",45,3.50222222222222
"F",34,3.5025
"M",42,3.5025
"F",52,3.5025
"M",42,3.50277777777778
"F",27,3.50277777777778
"M",47,3.50277777777778
"F",39,3.50277777777778
"F",24,3.50305555555556
"F",50,3.50333333333333
"M",48,3.50333333333333
"F",45,3.50333333333333
"M",31,3.50361111111111
"M",26,3.50361111111111
"M",27,3.50361111111111
"M",42,3.50361111111111
"M",52,3.50388888888889
"M",47,3.50416666666667
"M",45,3.50416666666667
"M",47,3.50416666666667
"M",39,3.50416666666667
"M",47,3.50416666666667
"F",20,3.50444444444444
"M",48,3.50444444444444
"M",28,3.50444444444444
"M",47,3.50444444444444
"M",49,3.50444444444444
"M",52,3.50444444444444
"F",43,3.50472222222222
"F",42,3.50472222222222
"M",47,3.50472222222222
"M",45,3.50472222222222
"F",28,3.50472222222222
"M",47,3.50472222222222
"F",33,3.50472222222222
"F",30,3.50472222222222
"F",46,3.50472222222222
"M",52,3.50472222222222
"F",42,3.505
"M",47,3.505
"M",45,3.505
"M",24,3.505
"M",52,3.50527777777778
"F",41,3.50555555555556
"F",29,3.50555555555556
"F",26,3.50555555555556
"M",45,3.50583333333333
"M",39,3.50583333333333
"M",49,3.50583333333333
"M",51,3.50611111111111
"M",48,3.50611111111111
"M",45,3.50611111111111
"F",29,3.50611111111111
"F",29,3.50611111111111
"F",31,3.50611111111111
"F",32,3.50611111111111
"M",36,3.50638888888889
"F",45,3.50638888888889
"M",49,3.50666666666667
"M",43,3.50666666666667
"M",38,3.50666666666667
"M",37,3.50666666666667
"F",31,3.50666666666667
"M",51,3.50666666666667
"M",47,3.50666666666667
"M",36,3.50666666666667
"F",44,3.50694444444444
"F",29,3.50694444444444
"M",45,3.50694444444444
"M",50,3.50694444444444
"F",28,3.50694444444444
"M",53,3.50694444444444
"F",26,3.50694444444444
"F",44,3.50694444444444
"M",48,3.50722222222222
"F",25,3.50722222222222
"M",52,3.50722222222222
"M",57,3.50722222222222
"M",50,3.50722222222222
"M",48,3.50722222222222
"F",42,3.50722222222222
"M",46,3.50722222222222
"M",52,3.5075
"M",40,3.5075
"M",34,3.5075
"M",24,3.5075
"M",42,3.5075
"M",57,3.5075
"M",46,3.50777777777778
"M",24,3.50777777777778
"M",57,3.50777777777778
"M",46,3.50777777777778
"M",51,3.50777777777778
"M",49,3.50777777777778
"F",24,3.50805555555556
"F",29,3.50805555555556
"M",46,3.50833333333333
"M",39,3.50833333333333
"F",55,3.50833333333333
"F",23,3.50833333333333
"M",42,3.50833333333333
"M",46,3.50833333333333
"F",46,3.50833333333333
"F",36,3.50861111111111
"M",55,3.50861111111111
"M",52,3.50861111111111
"F",44,3.50888888888889
"F",25,3.50888888888889
"M",61,3.50888888888889
"F",47,3.50888888888889
"M",40,3.50888888888889
"M",49,3.50888888888889
"F",47,3.50888888888889
"M",45,3.50888888888889
"F",24,3.50916666666667
"M",39,3.50916666666667
"F",36,3.50916666666667
"M",40,3.50916666666667
"F",39,3.50916666666667
"M",23,3.50916666666667
"M",46,3.50944444444444
"M",34,3.50944444444444
"M",49,3.50944444444444
"F",29,3.50972222222222
"F",30,3.50972222222222
"M",49,3.50972222222222
"M",51,3.50972222222222
"M",49,3.50972222222222
"M",50,3.50972222222222
"F",36,3.51
"F",51,3.51
"F",39,3.51
"M",36,3.51
"F",39,3.51
"M",46,3.51
"M",50,3.51
"M",45,3.51027777777778
"F",39,3.51027777777778
"F",46,3.51027777777778
"M",39,3.51055555555556
"M",45,3.51055555555556
"M",38,3.51055555555556
"F",31,3.51055555555556
"F",32,3.51055555555556
"M",51,3.51055555555556
"M",52,3.51055555555556
"M",49,3.51055555555556
"F",36,3.51055555555556
"M",50,3.51055555555556
"F",25,3.51055555555556
"M",46,3.51055555555556
"M",42,3.51083333333333
"M",46,3.51083333333333
"M",48,3.51083333333333
"M",48,3.51083333333333
"M",51,3.51111111111111
"F",45,3.51111111111111
"M",58,3.51111111111111
"F",27,3.51111111111111
"F",39,3.51111111111111
"M",48,3.51111111111111
"M",41,3.51111111111111
"M",35,3.51111111111111
"F",44,3.51111111111111
"F",49,3.51111111111111
"F",31,3.51111111111111
"F",26,3.51138888888889
"M",33,3.51138888888889
"M",45,3.51138888888889
"F",30,3.51138888888889
"M",48,3.51138888888889
"F",37,3.51138888888889
"F",29,3.51166666666667
"M",45,3.51194444444444
"F",23,3.51194444444444
"M",52,3.51194444444444
"M",38,3.51222222222222
"M",32,3.51222222222222
"F",29,3.51222222222222
"M",39,3.51222222222222
"M",63,3.5125
"M",56,3.5125
"M",47,3.5125
"M",52,3.5125
"M",21,3.5125
"F",60,3.5125
"M",49,3.5125
"M",35,3.51277777777778
"M",46,3.51277777777778
"M",49,3.51305555555556
"F",37,3.51305555555556
"F",44,3.51333333333333
"F",37,3.51361111111111
"F",27,3.51361111111111
"M",40,3.51361111111111
"M",45,3.51361111111111
"F",45,3.51361111111111
"M",29,3.51388888888889
"F",41,3.51388888888889
"M",55,3.51388888888889
"M",60,3.51388888888889
"M",49,3.51388888888889
"F",31,3.51388888888889
"M",42,3.51388888888889
"M",61,3.51388888888889
"F",45,3.51416666666667
"F",29,3.51416666666667
"M",25,3.51444444444444
"F",25,3.51444444444444
"M",58,3.51444444444444
"M",42,3.51444444444444
"F",32,3.51444444444444
"M",50,3.51472222222222
"M",51,3.51472222222222
"M",41,3.51472222222222
"F",26,3.51472222222222
"M",41,3.515
"F",22,3.515
"M",53,3.515
"M",45,3.515
"F",39,3.515
"M",47,3.515
"M",41,3.51527777777778
"M",42,3.51527777777778
"F",23,3.51527777777778
"F",37,3.51527777777778
"F",35,3.51527777777778
"M",44,3.51555555555556
"F",38,3.51555555555556
"F",40,3.51555555555556
"M",33,3.51555555555556
"M",45,3.51583333333333
"M",41,3.51583333333333
"F",34,3.51583333333333
"M",40,3.51583333333333
"M",35,3.51583333333333
"M",43,3.51611111111111
"M",41,3.51611111111111
"F",43,3.51611111111111
"M",35,3.51611111111111
"M",53,3.51638888888889
"M",51,3.51638888888889
"M",32,3.51638888888889
"F",38,3.51638888888889
"M",48,3.51638888888889
"F",29,3.51638888888889
"F",32,3.51638888888889
"M",51,3.51666666666667
"M",47,3.51666666666667
"M",48,3.51666666666667
"M",46,3.51666666666667
"M",49,3.51666666666667
"F",20,3.51694444444444
"M",51,3.51694444444444
"F",37,3.51694444444444
"M",43,3.51694444444444
"F",22,3.51722222222222
"M",47,3.51722222222222
"F",44,3.51722222222222
"F",25,3.51722222222222
"M",53,3.51722222222222
"F",25,3.5175
"F",26,3.5175
"M",49,3.5175
"M",51,3.5175
"M",48,3.51777777777778
"M",45,3.51777777777778
"F",26,3.51777777777778
"M",38,3.51777777777778
"M",53,3.51805555555556
"M",55,3.51805555555556
"F",42,3.51805555555556
"F",41,3.51805555555556
"M",59,3.51805555555556
"F",27,3.51805555555556
"M",45,3.51805555555556
"M",45,3.51805555555556
"M",35,3.51833333333333
"F",33,3.51833333333333
"M",54,3.51833333333333
"M",53,3.51833333333333
"F",29,3.51833333333333
"F",42,3.51861111111111
"M",45,3.51861111111111
"M",51,3.51861111111111
"M",46,3.51888888888889
"M",59,3.51888888888889
"M",35,3.51916666666667
"M",36,3.51916666666667
"F",32,3.51916666666667
"F",39,3.51944444444444
"M",27,3.51944444444444
"M",46,3.51972222222222
"M",33,3.51972222222222
"M",55,3.51972222222222
"M",55,3.51972222222222
"F",27,3.52
"F",25,3.52
"F",28,3.52
"F",38,3.52
"M",36,3.52
"F",40,3.52027777777778
"F",28,3.52027777777778
"M",48,3.52027777777778
"M",39,3.52027777777778
"F",27,3.52027777777778
"M",43,3.52055555555556
"M",55,3.52055555555556
"M",51,3.52055555555556
"M",35,3.52055555555556
"F",38,3.52055555555556
"M",59,3.52083333333333
"F",44,3.52083333333333
"F",43,3.52083333333333
"M",52,3.52083333333333
"F",30,3.52111111111111
"M",40,3.52111111111111
"M",51,3.52138888888889
"M",35,3.52138888888889
"F",37,3.52138888888889
"M",52,3.52138888888889
"M",31,3.52166666666667
"F",33,3.52166666666667
"M",46,3.52166666666667
"F",19,3.52166666666667
"M",46,3.52166666666667
"F",43,3.52166666666667
"M",33,3.52166666666667
"M",41,3.52166666666667
"F",38,3.52166666666667
"M",39,3.52166666666667
"F",25,3.52194444444444
"F",40,3.52194444444444
"F",30,3.52194444444444
"M",31,3.52194444444444
"F",44,3.52194444444444
"F",35,3.52194444444444
"M",57,3.52194444444444
"M",38,3.52222222222222
"M",51,3.52222222222222
"F",35,3.52222222222222
"M",28,3.52222222222222
"M",29,3.52222222222222
"M",40,3.5225
"M",51,3.52277777777778
"F",28,3.52277777777778
"F",37,3.52277777777778
"M",45,3.52277777777778
"M",48,3.52277777777778
"F",31,3.52305555555556
"F",38,3.52305555555556
"M",54,3.52305555555556
"M",35,3.52305555555556
"F",32,3.52333333333333
"F",45,3.52333333333333
"M",50,3.52333333333333
"F",31,3.52333333333333
"M",37,3.52333333333333
"M",26,3.52361111111111
"F",52,3.52361111111111
"F",27,3.52361111111111
"M",27,3.52361111111111
"F",46,3.52361111111111
"M",46,3.52361111111111
"M",62,3.52388888888889
"F",30,3.52388888888889
"M",50,3.52388888888889
"M",40,3.52388888888889
"F",43,3.52416666666667
"M",27,3.52416666666667
"M",34,3.52416666666667
"M",45,3.52416666666667
"F",34,3.52416666666667
"M",56,3.52416666666667
"M",45,3.52444444444444
"M",46,3.52444444444444
"F",26,3.52472222222222
"M",51,3.52472222222222
"M",44,3.52472222222222
"M",38,3.52472222222222
"F",39,3.52472222222222
"M",27,3.52472222222222
"F",27,3.525
"M",42,3.525
"F",28,3.525
"M",35,3.52527777777778
"M",52,3.52527777777778
"F",39,3.52527777777778
"M",50,3.52527777777778
"F",38,3.52527777777778
"M",53,3.52555555555556
"M",45,3.52555555555556
"M",59,3.52555555555556
"M",29,3.52555555555556
"M",29,3.52555555555556
"M",47,3.52555555555556
"M",50,3.52583333333333
"F",40,3.52583333333333
"F",27,3.52583333333333
"M",40,3.52583333333333
"M",53,3.52583333333333
"M",56,3.52583333333333
"M",43,3.52611111111111
"M",56,3.52611111111111
"M",65,3.52611111111111
"M",49,3.52611111111111
"F",31,3.52611111111111
"F",50,3.52611111111111
"M",46,3.52638888888889
"F",39,3.52638888888889
"M",52,3.52666666666667
"F",24,3.52666666666667
"M",51,3.52694444444444
"M",66,3.52694444444444
"M",48,3.52694444444444
"M",52,3.52722222222222
"M",48,3.52722222222222
"F",28,3.52722222222222
"F",30,3.52722222222222
"F",23,3.52722222222222
"M",45,3.52722222222222
"M",48,3.52722222222222
"M",47,3.52722222222222
"M",46,3.52722222222222
"F",31,3.52722222222222
"F",32,3.52777777777778
"M",55,3.52777777777778
"F",23,3.52777777777778
"M",42,3.52805555555556
"F",35,3.52805555555556
"M",45,3.52805555555556
"M",35,3.52805555555556
"M",45,3.52805555555556
"M",36,3.52805555555556
"M",45,3.52833333333333
"M",47,3.52833333333333
"F",31,3.52833333333333
"M",41,3.52861111111111
"F",27,3.52861111111111
"F",39,3.52861111111111
"M",29,3.52861111111111
"M",48,3.52861111111111
"M",46,3.52861111111111
"M",46,3.52888888888889
"M",43,3.52888888888889
"M",52,3.52888888888889
"M",51,3.52888888888889
"M",35,3.52888888888889
"M",51,3.52916666666667
"M",30,3.52916666666667
"M",45,3.52916666666667
"F",28,3.52944444444444
"M",40,3.52944444444444
"M",37,3.52944444444444
"M",52,3.52944444444444
"M",45,3.52944444444444
"M",38,3.52944444444444
"M",51,3.52972222222222
"F",27,3.52972222222222
"F",20,3.52972222222222
"F",47,3.53
"F",28,3.53
"M",46,3.53
"M",44,3.53
"F",33,3.53027777777778
"F",34,3.53027777777778
"F",48,3.53027777777778
"M",43,3.53027777777778
"F",42,3.53027777777778
"M",61,3.53055555555556
"M",53,3.53055555555556
"F",23,3.53083333333333
"F",46,3.53083333333333
"M",52,3.53111111111111
"M",43,3.53111111111111
"M",53,3.53111111111111
"M",36,3.53111111111111
"M",47,3.53111111111111
"M",50,3.53138888888889
"M",49,3.53138888888889
"M",41,3.53138888888889
"F",28,3.53138888888889
"M",58,3.53138888888889
"F",25,3.53138888888889
"M",42,3.53138888888889
"M",43,3.53138888888889
"M",52,3.53166666666667
"F",48,3.53166666666667
"M",52,3.53166666666667
"M",39,3.53166666666667
"F",44,3.53166666666667
"F",37,3.53166666666667
"F",23,3.53166666666667
"M",53,3.53166666666667
"M",55,3.53194444444444
"M",47,3.53194444444444
"F",43,3.53194444444444
"M",62,3.53194444444444
"M",52,3.53194444444444
"M",51,3.53194444444444
"F",27,3.53194444444444
"M",28,3.53194444444444
"M",37,3.53222222222222
"M",52,3.53222222222222
"F",25,3.53222222222222
"F",24,3.53222222222222
"F",27,3.53222222222222
"M",66,3.5325
"M",42,3.53277777777778
"M",45,3.53277777777778
"M",48,3.53277777777778
"M",54,3.53277777777778
"M",52,3.53277777777778
"F",28,3.53277777777778
"F",35,3.53305555555556
"F",40,3.53305555555556
"M",49,3.53305555555556
"F",36,3.53305555555556
"M",50,3.53333333333333
"F",44,3.53333333333333
"M",24,3.53333333333333
"F",44,3.53333333333333
"M",50,3.53361111111111
"F",39,3.53361111111111
"F",30,3.53361111111111
"M",41,3.53361111111111
"M",56,3.53361111111111
"M",50,3.53361111111111
"M",54,3.53361111111111
"F",27,3.53388888888889
"M",51,3.53388888888889
"F",30,3.53388888888889
"M",45,3.53388888888889
"M",29,3.53416666666667
"F",45,3.53416666666667
"M",47,3.53416666666667
"M",58,3.53416666666667
"M",41,3.53416666666667
"F",46,3.53444444444444
"F",32,3.53444444444444
"F",37,3.53444444444444
"F",40,3.53472222222222
"M",50,3.53472222222222
"M",46,3.53472222222222
"F",24,3.535
"M",56,3.535
"M",47,3.535
"F",45,3.53527777777778
"F",33,3.53527777777778
"F",28,3.53527777777778
"F",43,3.53527777777778
"F",30,3.53527777777778
"F",45,3.53527777777778
"F",18,3.53555555555556
"F",32,3.53555555555556
"F",41,3.53555555555556
"F",37,3.53555555555556
"M",46,3.53555555555556
"M",44,3.53555555555556
"M",51,3.53583333333333
"M",50,3.53583333333333
"M",28,3.53583333333333
"M",43,3.53583333333333
"M",50,3.53583333333333
"M",50,3.53583333333333
"M",45,3.53583333333333
"F",24,3.53611111111111
"F",35,3.53611111111111
"F",36,3.53611111111111
"M",45,3.53611111111111
"M",41,3.53611111111111
"F",34,3.53611111111111
"M",40,3.53611111111111
"F",41,3.53638888888889
"F",35,3.53638888888889
"M",59,3.53638888888889
"F",50,3.53638888888889
"M",50,3.53638888888889
"M",60,3.53638888888889
"F",34,3.53638888888889
"M",40,3.53666666666667
"M",51,3.53666666666667
"F",35,3.53666666666667
"M",45,3.53666666666667
"F",37,3.53694444444444
"M",42,3.53694444444444
"M",47,3.53694444444444
"F",30,3.53694444444444
"F",42,3.53722222222222
"M",40,3.53722222222222
"M",36,3.53722222222222
"M",51,3.53722222222222
"F",28,3.5375
"F",31,3.5375
"F",30,3.5375
"F",26,3.5375
"M",52,3.5375
"F",36,3.5375
"F",39,3.53777777777778
"M",39,3.53777777777778
"F",28,3.53777777777778
"M",46,3.53805555555556
"M",30,3.53805555555556
"F",26,3.53805555555556
"M",41,3.53833333333333
"M",41,3.53833333333333
"F",27,3.53833333333333
"F",35,3.53833333333333
"M",55,3.53833333333333
"F",34,3.53833333333333
"M",44,3.53833333333333
"M",46,3.53861111111111
"F",35,3.53861111111111
"F",42,3.53861111111111
"F",42,3.53861111111111
"M",43,3.53861111111111
"F",36,3.53888888888889
"M",39,3.53888888888889
"M",46,3.53888888888889
"M",61,3.53888888888889
"F",34,3.53888888888889
"M",40,3.53888888888889
"M",45,3.53916666666667
"M",66,3.53916666666667
"F",19,3.53916666666667
"M",40,3.53916666666667
"F",36,3.53944444444444
"F",34,3.53944444444444
"M",32,3.53944444444444
"F",26,3.53944444444444
"M",55,3.53944444444444
"F",36,3.53944444444444
"M",39,3.53944444444444
"F",42,3.53972222222222
"F",28,3.53972222222222
"F",30,3.53972222222222
"F",39,3.53972222222222
"F",25,3.53972222222222
"M",37,3.53972222222222
"M",45,3.54
"F",24,3.54
"F",33,3.54
"F",40,3.54
"F",42,3.54
"M",42,3.54
"M",55,3.54
"M",46,3.54
"F",25,3.54
"F",26,3.54
"F",22,3.54027777777778
"F",22,3.54027777777778
"M",47,3.54027777777778
"F",41,3.54027777777778
"M",48,3.54083333333333
"M",46,3.54083333333333
"M",45,3.54111111111111
"M",50,3.54111111111111
"F",26,3.54111111111111
"M",52,3.54111111111111
"M",50,3.54111111111111
"F",25,3.54138888888889
"M",62,3.54166666666667
"F",43,3.54194444444444
"M",51,3.54194444444444
"F",45,3.54194444444444
"M",45,3.54222222222222
"M",49,3.54222222222222
"F",41,3.54222222222222
"F",46,3.54222222222222
"F",24,3.54222222222222
"M",43,3.54222222222222
"M",43,3.54222222222222
"M",46,3.54222222222222
"M",42,3.54222222222222
"F",36,3.5425
"F",40,3.5425
"M",45,3.5425
"M",50,3.54277777777778
"M",30,2.91861111111111
"M",42,2.91888888888889
"M",25,2.91888888888889
"M",35,2.91916666666667
"M",45,2.91916666666667
"M",36,2.91944444444444
"M",28,2.91972222222222
"M",29,2.92027777777778
"F",23,2.92055555555556
"M",23,2.92055555555556
"M",27,2.92055555555556
"M",29,2.92055555555556
"M",30,2.92083333333333
"M",43,2.92083333333333
"M",27,2.92083333333333
"M",43,2.92083333333333
"M",23,2.92166666666667
"M",47,2.92194444444444
"M",36,2.92222222222222
"M",46,2.92222222222222
"M",28,2.92222222222222
"M",24,2.92222222222222
"M",35,2.9225
"F",27,2.92277777777778
"M",51,2.92333333333333
"M",39,2.92416666666667
"M",36,2.92472222222222
"M",23,2.92472222222222
"M",37,2.92472222222222
"M",44,2.925
"M",23,2.92527777777778
"M",25,2.92527777777778
"M",47,2.92527777777778
"M",39,2.92555555555556
"M",36,2.92555555555556
"M",47,2.92555555555556
"M",33,2.92583333333333
"M",27,2.92583333333333
"M",41,2.92583333333333
"M",46,2.92583333333333
"M",35,2.92638888888889
"M",34,2.92666666666667
"M",37,2.92666666666667
"M",45,2.92666666666667
"M",43,2.92722222222222
"F",34,2.9275
"M",40,2.9275
"M",54,2.92805555555556
"M",35,2.92833333333333
"M",34,2.92833333333333
"M",33,2.92861111111111
"M",28,2.92916666666667
"M",34,2.92916666666667
"M",32,2.92944444444444
"M",33,2.92972222222222
"M",23,2.92972222222222
"M",26,2.92972222222222
"M",45,2.93027777777778
"M",39,2.93083333333333
"M",48,2.93111111111111
"M",47,2.93111111111111
"M",21,2.93111111111111
"M",45,2.93138888888889
"M",36,2.93138888888889
"M",28,2.93166666666667
"M",26,2.93166666666667
"M",40,2.93194444444444
"M",46,2.93194444444444
"M",41,2.93194444444444
"M",33,2.93222222222222
"M",23,2.93222222222222
"M",40,2.9325
"M",32,2.9325
"M",32,2.93277777777778
"M",24,2.93333333333333
"M",32,2.93361111111111
"M",42,2.93388888888889
"M",45,2.93388888888889
"M",42,2.93416666666667
"M",36,2.93416666666667
"M",21,2.93416666666667
"M",26,2.93444444444444
"M",21,2.935
"M",55,2.93555555555556
"M",33,2.93555555555556
"M",38,2.93555555555556
"M",60,2.93555555555556
"M",36,2.93638888888889
"M",37,2.93638888888889
"M",31,2.93666666666667
"M",34,2.93694444444444
"M",44,2.93694444444444
"M",24,2.93694444444444
"M",38,2.9375
"M",23,2.9375
"M",35,2.9375
"M",33,2.93805555555556
"M",26,2.93861111111111
"M",27,2.93861111111111
"M",20,2.93861111111111
"M",45,3.54277777777778
"M",41,3.54305555555556
"M",48,3.54305555555556
"F",42,3.54305555555556
"M",52,3.54305555555556
"M",41,3.54305555555556
"M",26,3.54305555555556
"M",45,3.54305555555556
"F",40,3.54305555555556
"F",22,3.54333333333333
"F",26,3.54333333333333
"F",20,3.54333333333333
"F",28,3.54333333333333
"F",23,3.54333333333333
"M",52,3.54333333333333
"M",30,3.54361111111111
"M",41,3.54361111111111
"M",53,3.54361111111111
"M",28,3.54361111111111
"F",38,3.54361111111111
"F",41,3.54361111111111
"M",47,3.54388888888889
"M",50,3.54388888888889
"M",50,3.54388888888889
"M",52,3.54388888888889
"M",45,3.54388888888889
"M",52,3.54388888888889
"M",51,3.54388888888889
"M",40,3.54416666666667
"F",44,3.54416666666667
"M",44,3.54416666666667
"F",40,3.54444444444444
"F",41,3.54472222222222
"F",26,3.54472222222222
"M",22,3.54472222222222
"M",53,3.54472222222222
"M",56,3.54472222222222
"F",28,3.545
"F",38,3.545
"F",39,3.545
"M",55,3.545
"M",45,3.54527777777778
"M",49,3.54555555555556
"F",33,3.54555555555556
"F",28,3.54555555555556
"F",24,3.54555555555556
"M",35,3.54555555555556
"F",38,3.54555555555556
"F",27,3.54583333333333
"F",32,3.54583333333333
"M",37,3.54583333333333
"M",39,3.54583333333333
"M",51,3.54583333333333
"M",26,3.54583333333333
"M",47,3.54611111111111
"M",40,3.54611111111111
"M",49,3.54611111111111
"F",27,3.54611111111111
"M",44,3.54611111111111
"M",49,3.54611111111111
"M",36,3.54611111111111
"M",43,3.54611111111111
"M",46,3.54611111111111
"M",42,3.54611111111111
"M",51,3.54611111111111
"F",44,3.54638888888889
"M",35,3.54638888888889
"M",51,3.54638888888889
"F",39,3.54638888888889
"F",23,3.54638888888889
"F",25,3.54638888888889
"F",43,3.54638888888889
"M",52,3.54666666666667
"F",30,3.54666666666667
"M",53,3.54666666666667
"M",46,3.54666666666667
"F",45,3.54666666666667
"M",30,3.54666666666667
"M",38,3.54666666666667
"F",20,3.54666666666667
"M",51,3.54666666666667
"M",46,3.54694444444444
"F",42,3.54694444444444
"M",44,3.54722222222222
"F",28,3.54722222222222
"M",45,3.54722222222222
"F",27,3.54722222222222
"M",50,3.5475
"M",53,3.54777777777778
"M",45,3.54777777777778
"M",44,3.54777777777778
"M",60,3.54777777777778
"F",30,3.54777777777778
"M",36,3.54777777777778
"M",52,3.54805555555556
"F",26,3.54805555555556
"M",46,3.54833333333333
"M",48,3.54833333333333
"M",46,3.54833333333333
"F",37,3.54833333333333
"M",49,3.54833333333333
"M",47,3.54833333333333
"M",43,3.54833333333333
"F",24,3.54861111111111
"M",46,3.54861111111111
"M",49,3.54861111111111
"M",58,3.54861111111111
"M",38,3.54861111111111
"M",43,3.54888888888889
"M",47,3.54888888888889
"M",58,3.54888888888889
"F",40,3.54888888888889
"F",48,3.54916666666667
"F",45,3.54916666666667
"M",40,3.54916666666667
"M",38,3.54916666666667
"M",26,3.54916666666667
"F",46,3.54944444444444
"M",55,3.54972222222222
"M",45,3.54972222222222
"M",23,3.54972222222222
"M",48,3.54972222222222
"F",43,3.55
"F",40,3.55
"F",26,3.55
"F",31,3.55
"F",28,3.55
"M",26,3.55027777777778
"M",42,3.55027777777778
"F",31,3.55027777777778
"F",41,3.55027777777778
"F",24,3.55027777777778
"F",26,3.55055555555556
"M",51,3.55055555555556
"M",47,3.55055555555556
"M",52,3.55055555555556
"M",29,3.55083333333333
"F",24,3.55083333333333
"F",44,3.55083333333333
"M",46,3.55083333333333
"F",40,3.55083333333333
"M",29,3.55111111111111
"F",24,3.55111111111111
"M",54,3.55111111111111
"M",48,3.55111111111111
"F",27,3.55111111111111
"M",45,3.55111111111111
"F",41,3.55138888888889
"M",44,3.55138888888889
"M",40,3.55138888888889
"F",25,3.55138888888889
"F",42,3.55138888888889
"M",24,3.55138888888889
"M",48,3.55138888888889
"F",31,3.55166666666667
"M",42,3.55166666666667
"M",59,3.55166666666667
"M",52,3.55166666666667
"M",52,3.55166666666667
"F",33,3.55166666666667
"F",25,3.55194444444444
"F",41,3.55194444444444
"M",34,3.55222222222222
"F",25,3.55222222222222
"F",31,3.5525
"M",31,3.5525
"M",48,3.5525
"M",49,3.5525
"M",48,3.5525
"M",45,3.5525
"F",23,3.55277777777778
"M",48,3.55277777777778
"F",35,3.55277777777778
"M",34,3.55277777777778
"F",36,3.55277777777778
"M",41,3.55277777777778
"M",33,3.55277777777778
"F",22,3.55305555555556
"M",29,3.55305555555556
"F",24,3.55305555555556
"F",30,3.55305555555556
"M",46,3.55333333333333
"F",25,3.55333333333333
"M",32,3.55333333333333
"M",35,3.55333333333333
"M",52,3.55333333333333
"F",32,3.55333333333333
"M",38,3.55333333333333
"M",48,3.55361111111111
"M",40,3.55361111111111
"F",36,3.55361111111111
"F",40,3.55361111111111
"M",43,3.55361111111111
"M",39,3.55361111111111
"F",26,3.55361111111111
"M",26,3.55388888888889
"F",43,3.55388888888889
"M",36,3.55388888888889
"M",51,3.55388888888889
"F",51,3.55388888888889
"M",56,3.55416666666667
"F",32,3.55416666666667
"M",39,3.55416666666667
"F",37,3.55416666666667
"F",41,3.55416666666667
"M",23,3.55416666666667
"F",44,3.55416666666667
"F",22,3.55416666666667
"M",51,3.55444444444444
"F",35,3.55444444444444
"M",45,3.55472222222222
"F",50,3.55472222222222
"M",51,3.555
"M",39,3.555
"M",49,3.555
"M",52,3.555
"M",48,3.55527777777778
"F",28,3.55527777777778
"F",35,3.55527777777778
"M",47,3.55527777777778
"F",44,3.55527777777778
"M",49,3.55555555555556
"F",34,3.55555555555556
"F",42,3.55555555555556
"M",41,3.55583333333333
"F",34,3.55583333333333
"F",33,3.55583333333333
"F",31,3.55611111111111
"M",45,3.55611111111111
"F",29,3.55611111111111
"F",46,3.55611111111111
"F",36,3.55638888888889
"F",37,3.55666666666667
"F",42,3.55666666666667
"M",42,3.55666666666667
"M",54,3.55666666666667
"F",24,3.55694444444444
"M",51,3.55694444444444
"F",21,3.55694444444444
"M",51,3.55722222222222
"M",41,3.55722222222222
"M",41,3.55722222222222
"F",30,3.55722222222222
"F",39,3.55722222222222
"M",54,3.55722222222222
"F",37,3.55722222222222
"M",56,3.5575
"M",53,3.5575
"M",49,3.5575
"M",42,3.5575
"F",24,3.5575
"F",45,3.55777777777778
"M",45,3.55777777777778
"F",43,3.55777777777778
"M",30,3.55777777777778
"M",53,3.55777777777778
"M",43,3.55805555555556
"F",41,3.55805555555556
"F",41,3.55805555555556
"F",32,3.55805555555556
"M",51,3.55805555555556
"M",51,3.55805555555556
"M",26,3.55805555555556
"F",26,3.55805555555556
"M",45,3.55805555555556
"M",46,3.55805555555556
"M",38,3.55805555555556
"F",44,3.55805555555556
"M",60,3.55833333333333
"M",50,3.55833333333333
"F",42,3.55833333333333
"M",50,3.55833333333333
"M",48,3.55833333333333
"M",45,3.55833333333333
"M",51,3.55833333333333
"M",40,3.55833333333333
"M",50,3.55861111111111
"M",72,3.55861111111111
"F",31,3.55888888888889
"M",49,3.55888888888889
"M",61,3.55888888888889
"F",27,3.55888888888889
"F",29,3.55888888888889
"M",47,3.55888888888889
"M",54,3.55916666666667
"M",48,3.55916666666667
"M",41,3.55916666666667
"F",42,3.55916666666667
"M",29,3.55944444444444
"F",41,3.55944444444444
"F",27,3.55972222222222
"M",44,3.55972222222222
"M",33,3.55972222222222
"M",21,3.55972222222222
"F",30,3.55972222222222
"M",42,3.55972222222222
"M",36,3.55972222222222
"M",43,3.55972222222222
"F",22,3.55972222222222
"M",51,3.55972222222222
"M",49,3.56
"F",44,3.56
"M",61,3.56
"M",50,3.56027777777778
"F",36,3.56027777777778
"M",57,3.56027777777778
"F",30,3.56055555555556
"M",53,3.56055555555556
"M",47,3.56055555555556
"M",47,3.56055555555556
"M",54,3.56055555555556
"M",51,3.56055555555556
"F",43,3.56083333333333
"M",44,3.56083333333333
"M",47,3.56083333333333
"F",38,3.56083333333333
"M",30,3.56111111111111
"F",43,3.56111111111111
"M",49,3.56111111111111
"M",58,3.56111111111111
"M",43,3.56111111111111
"F",38,3.56111111111111
"F",39,3.56138888888889
"M",45,3.56138888888889
"F",41,3.56138888888889
"M",47,3.56138888888889
"M",41,3.56138888888889
"F",31,3.56138888888889
"M",46,3.56138888888889
"F",49,3.56138888888889
"F",38,3.56166666666667
"F",24,3.56166666666667
"M",46,3.56166666666667
"M",58,3.56166666666667
"M",49,3.56194444444444
"M",45,3.56194444444444
"F",23,3.56194444444444
"F",41,3.56194444444444
"M",37,3.56194444444444
"M",46,3.56222222222222
"M",46,3.56222222222222
"M",57,3.56222222222222
"F",29,3.56222222222222
"M",46,3.56222222222222
"M",44,3.56222222222222
"M",58,3.56222222222222
"M",47,3.56222222222222
"M",53,3.56222222222222
"M",43,3.5625
"F",39,3.5625
"M",63,3.5625
"M",57,3.5625
"M",45,3.56277777777778
"M",49,3.56277777777778
"F",28,3.56277777777778
"F",36,3.56277777777778
"M",42,3.56277777777778
"F",25,3.56305555555556
"F",47,3.56305555555556
"M",61,3.56305555555556
"M",49,3.56305555555556
"M",36,3.56305555555556
"M",49,3.56305555555556
"M",53,3.56333333333333
"F",29,3.56333333333333
"M",46,3.56333333333333
"M",65,3.56333333333333
"F",29,3.56333333333333
"M",55,3.56333333333333
"M",48,3.56333333333333
"M",48,3.56361111111111
"F",40,3.56361111111111
"M",50,3.56361111111111
"F",38,3.56388888888889
"M",37,3.56388888888889
"M",47,3.56388888888889
"M",45,3.56388888888889
"M",48,3.56388888888889
"M",50,3.56388888888889
"F",40,3.56388888888889
"M",50,3.56388888888889
"F",32,3.56388888888889
"F",43,3.56416666666667
"M",37,3.56416666666667
"M",36,3.56416666666667
"M",51,3.56416666666667
"F",38,3.56444444444444
"M",26,3.56444444444444
"M",52,3.56444444444444
"M",46,3.56444444444444
"F",33,3.56444444444444
"F",41,3.56472222222222
"M",51,3.56472222222222
"M",42,3.56472222222222
"F",40,3.56472222222222
"F",40,3.56472222222222
"M",22,3.56472222222222
"M",45,3.565
"M",50,3.565
"M",46,3.565
"M",45,3.565
"M",59,3.565
"F",53,3.565
"F",20,3.565
"M",28,3.565
"M",54,3.565
"M",52,3.56527777777778
"M",40,3.56527777777778
"M",33,3.56527777777778
"M",46,3.56527777777778
"M",57,3.56527777777778
"M",47,3.56527777777778
"M",47,3.56527777777778
"F",28,3.56555555555556
"M",42,3.56555555555556
"M",56,3.56555555555556
"F",31,3.56583333333333
"F",27,3.56583333333333
"M",49,3.56583333333333
"M",46,3.56583333333333
"M",46,3.56583333333333
"M",37,3.56583333333333
"M",53,3.56611111111111
"M",51,3.56611111111111
"F",41,3.56611111111111
"M",43,3.56611111111111
"F",31,3.56638888888889
"F",36,3.56638888888889
"M",32,3.56638888888889
"M",42,3.56638888888889
"M",50,3.56638888888889
"F",28,3.56666666666667
"M",42,3.56666666666667
"M",46,3.56666666666667
"M",46,3.56666666666667
"M",51,3.56666666666667
"M",46,3.56666666666667
"F",25,3.56666666666667
"F",44,3.56666666666667
"M",50,3.56694444444444
"F",25,3.56694444444444
"F",28,3.56694444444444
"M",42,3.56694444444444
"F",41,3.56722222222222
"M",19,3.56722222222222
"M",56,3.5675
"F",37,3.5675
"F",43,3.5675
"F",20,3.56777777777778
"M",54,3.56777777777778
"M",40,3.56777777777778
"M",47,3.56777777777778
"F",28,3.56805555555556
"F",25,3.56805555555556
"M",51,3.56805555555556
"M",47,3.56805555555556
"M",52,3.56833333333333
"M",48,3.56833333333333
"M",50,3.56833333333333
"M",66,3.56833333333333
"F",31,3.56833333333333
"M",55,3.56833333333333
"F",26,3.56833333333333
"F",26,3.56833333333333
"M",50,3.56833333333333
"M",51,3.56861111111111
"F",30,3.56861111111111
"M",43,3.56861111111111
"M",56,3.56861111111111
"M",31,3.56888888888889
"F",37,3.56888888888889
"F",23,3.56888888888889
"F",44,3.56916666666667
"M",56,3.56916666666667
"M",34,3.56916666666667
"F",28,3.56916666666667
"F",22,3.56916666666667
"F",45,3.56916666666667
"F",40,3.56944444444444
"F",43,3.56944444444444
"F",40,3.56944444444444
"F",26,3.56944444444444
"F",30,3.56944444444444
"F",27,3.56972222222222
"M",60,3.56972222222222
"F",39,3.56972222222222
"M",51,3.56972222222222
"M",56,3.57
"M",50,3.57
"F",28,3.57
"F",40,3.57027777777778
"F",39,3.57027777777778
"M",46,3.57027777777778
"F",30,3.57027777777778
"F",38,3.57055555555556
"M",49,3.57055555555556
"M",58,3.57055555555556
"M",42,3.57055555555556
"M",58,3.57055555555556
"F",44,3.57083333333333
"M",58,3.57083333333333
"F",31,3.57083333333333
"M",39,3.57083333333333
"F",29,3.57111111111111
"M",42,3.57111111111111
"M",21,3.57111111111111
"M",54,3.57111111111111
"F",44,3.57111111111111
"F",29,3.57111111111111
"F",30,3.57111111111111
"F",26,3.57111111111111
"M",38,3.57111111111111
"M",39,3.57138888888889
"M",50,3.57138888888889
"M",53,3.57138888888889
"M",51,3.57138888888889
"M",50,3.57138888888889
"M",46,3.57138888888889
"M",52,3.57166666666667
"M",30,3.57166666666667
"M",40,3.57166666666667
"M",53,3.57166666666667
"F",49,3.57194444444444
"M",49,3.57194444444444
"F",48,3.57194444444444
"F",26,3.57194444444444
"M",42,3.57194444444444
"M",39,3.57194444444444
"M",25,3.57194444444444
"M",55,3.57194444444444
"M",37,3.57222222222222
"M",50,3.57222222222222
"M",48,3.57222222222222
"M",41,3.57222222222222
"M",45,3.57222222222222
"M",49,3.5725
"F",38,3.5725
"F",32,3.5725
"F",43,3.5725
"M",49,3.5725
"F",40,3.5725
"M",37,3.5725
"F",28,3.57277777777778
"F",29,3.57277777777778
"M",58,3.57277777777778
"M",49,3.57277777777778
"F",39,3.57277777777778
"M",44,3.57277777777778
"M",47,3.57277777777778
"M",47,3.57305555555556
"M",50,3.57305555555556
"F",44,3.57305555555556
"M",28,3.57305555555556
"M",52,3.57305555555556
"M",52,3.57333333333333
"M",36,3.57333333333333
"M",58,3.57333333333333
"F",43,3.57333333333333
"M",55,3.57333333333333
"F",47,3.57333333333333
"F",54,3.57361111111111
"M",50,3.57361111111111
"M",26,3.57361111111111
"F",28,3.57361111111111
"M",47,3.57361111111111
"M",39,3.57361111111111
"M",46,3.57361111111111
"M",41,3.57388888888889
"M",52,3.57388888888889
"F",35,3.57416666666667
"M",22,3.57416666666667
"M",49,3.57416666666667
"M",43,3.57416666666667
"F",26,3.57416666666667
"M",47,3.57444444444444
"M",49,3.57444444444444
"F",29,3.57444444444444
"F",21,3.57444444444444
"M",48,3.57444444444444
"F",29,3.57472222222222
"M",37,3.57472222222222
"F",31,3.57472222222222
"F",38,3.57472222222222
"M",47,3.57472222222222
"M",50,3.57472222222222
"F",47,3.575
"F",23,3.575
"F",34,3.575
"F",35,3.57527777777778
"F",35,3.57527777777778
"F",30,3.57527777777778
"M",29,3.57527777777778
"M",47,3.57527777777778
"M",25,3.57527777777778
"M",49,3.57555555555556
"M",58,3.57555555555556
"F",36,3.57555555555556
"F",26,3.57583333333333
"M",44,3.57583333333333
"M",45,3.57583333333333
"M",43,3.57583333333333
"M",48,3.57583333333333
"F",23,3.57583333333333
"M",50,3.57583333333333
"M",41,3.57583333333333
"F",39,3.57611111111111
"M",47,3.57611111111111
"F",47,3.57611111111111
"M",32,3.57611111111111
"F",50,3.57611111111111
"M",52,3.57638888888889
"F",38,3.57638888888889
"M",58,3.57638888888889
"M",38,3.57638888888889
"F",26,3.57638888888889
"F",37,3.57638888888889
"F",43,3.57638888888889
"F",42,3.57638888888889
"M",56,3.57638888888889
"M",40,3.57666666666667
"F",27,3.57666666666667
"M",45,3.57666666666667
"F",24,3.57666666666667
"F",41,3.57666666666667
"F",32,3.57694444444444
"F",36,3.57694444444444
"F",25,3.57694444444444
"M",47,3.57694444444444
"M",38,3.57694444444444
"M",53,3.57722222222222
"M",51,3.57722222222222
"F",35,3.57722222222222
"M",45,3.57722222222222
"F",29,3.5775
"F",37,3.5775
"F",38,3.5775
"F",24,3.5775
"F",45,3.5775
"M",50,3.57777777777778
"F",24,3.57777777777778
"F",40,3.57777777777778
"F",32,3.57777777777778
"M",43,3.57777777777778
"F",29,3.57777777777778
"M",62,3.57777777777778
"M",53,3.57777777777778
"F",51,3.57777777777778
"F",38,3.57805555555556
"M",45,3.57805555555556
"M",43,3.57805555555556
"F",37,3.57805555555556
"M",52,3.57833333333333
"F",31,3.57833333333333
"M",46,3.57833333333333
"M",37,3.57833333333333
"F",44,3.57833333333333
"F",23,3.57833333333333
"M",36,3.57833333333333
"M",36,3.57833333333333
"F",38,3.57861111111111
"F",43,3.57861111111111
"F",40,3.57861111111111
"F",39,3.57861111111111
"F",43,3.57861111111111
"M",60,3.57861111111111
"F",38,3.57888888888889
"M",41,3.57888888888889
"M",57,3.57888888888889
"F",31,3.57888888888889
"M",40,3.57888888888889
"F",31,3.57888888888889
"M",53,3.57888888888889
"M",28,3.57888888888889
"M",54,3.57916666666667
"M",42,3.57916666666667
"M",59,3.57916666666667
"F",33,3.57916666666667
"F",24,3.57944444444444
"M",45,3.57944444444444
"M",47,3.57944444444444
"F",24,3.57972222222222
"M",46,3.57972222222222
"F",23,3.57972222222222
"F",27,3.57972222222222
"M",54,3.58
"M",49,3.58
"F",27,3.58
"M",47,3.58
"F",32,3.58
"F",38,3.58
"F",28,3.58
"F",28,3.58
"F",39,3.58027777777778
"M",51,3.58027777777778
"F",62,3.58027777777778
"M",54,3.58027777777778
"M",44,3.58027777777778
"F",29,3.58027777777778
"M",49,3.58055555555556
"M",60,3.58055555555556
"M",49,3.58055555555556
"F",33,3.58055555555556
"F",29,3.58055555555556
"F",21,3.58083333333333
"M",45,3.58083333333333
"F",48,3.58083333333333
"M",51,3.58083333333333
"M",51,3.58083333333333
"M",48,3.58111111111111
"M",46,3.58111111111111
"F",30,3.58111111111111
"M",61,3.58111111111111
"M",32,3.58138888888889
"M",43,3.58138888888889
"M",47,3.58138888888889
"F",28,3.58138888888889
"F",27,3.58138888888889
"M",46,3.58138888888889
"M",49,3.58138888888889
"F",27,3.58138888888889
"M",33,3.58166666666667
"M",30,3.58166666666667
"F",38,3.58166666666667
"M",55,3.58166666666667
"F",35,3.58166666666667
"M",36,3.58166666666667
"M",38,3.58166666666667
"F",29,3.58166666666667
"M",45,3.58222222222222
"M",60,3.58222222222222
"F",32,3.58222222222222
"F",22,3.58222222222222
"F",36,3.5825
"F",32,3.5825
"F",28,3.5825
"M",42,3.5825
"F",27,3.5825
"F",36,3.5825
"F",38,3.5825
"F",31,3.5825
"M",35,3.5825
"F",45,3.5825
"F",30,3.58277777777778
"F",32,3.58277777777778
"M",45,3.58277777777778
"F",22,3.58277777777778
"M",45,3.58277777777778
"F",39,3.58277777777778
"M",43,3.58277777777778
"M",50,3.58277777777778
"F",36,3.58305555555556
"M",40,3.58305555555556
"F",42,3.58305555555556
"M",53,3.58305555555556
"M",36,3.58333333333333
"M",38,3.58361111111111
"M",34,3.58361111111111
"F",27,3.58388888888889
"F",43,3.58388888888889
"F",47,3.58388888888889
"F",38,3.58388888888889
"F",48,3.58416666666667
"F",24,3.58416666666667
"M",47,3.58416666666667
"M",40,3.58416666666667
"M",21,3.58416666666667
"F",35,3.58444444444444
"F",42,3.58444444444444
"M",50,3.58444444444444
"F",29,3.58472222222222
"F",31,3.58472222222222
"F",30,3.58472222222222
"M",46,3.585
"F",21,3.585
"F",39,3.585
"M",50,3.585
"M",58,3.585
"M",45,3.58527777777778
"F",46,3.58527777777778
"M",38,3.58527777777778
"F",27,3.58527777777778
"F",42,3.58555555555556
"F",30,3.58555555555556
"M",54,3.58555555555556
"M",52,3.58555555555556
"M",51,3.58555555555556
"M",50,3.58583333333333
"M",51,3.58583333333333
"M",51,3.58583333333333
"F",48,3.58611111111111
"M",50,3.58611111111111
"M",46,3.58611111111111
"M",52,3.58611111111111
"M",54,3.58611111111111
"M",51,3.58611111111111
"F",23,3.58611111111111
"F",25,3.58611111111111
"M",37,3.58611111111111
"M",34,3.58638888888889
"M",68,3.58638888888889
"F",44,3.58638888888889
"F",39,3.58638888888889
"F",32,3.58638888888889
"M",45,3.58638888888889
"M",68,3.58638888888889
"F",50,3.58638888888889
"M",35,3.58638888888889
"M",54,3.58666666666667
"M",45,3.58666666666667
"F",32,3.58666666666667
"M",49,3.58666666666667
"M",42,3.58694444444444
"F",29,3.58694444444444
"F",43,3.58694444444444
"F",34,3.58722222222222
"M",41,3.58722222222222
"M",50,3.58722222222222
"F",43,3.5875
"M",68,3.5875
"F",29,3.5875
"M",38,3.5875
"M",52,3.58777777777778
"F",20,3.58777777777778
"F",39,3.58777777777778
"M",62,3.58777777777778
"F",38,3.58777777777778
"M",51,3.58777777777778
"F",44,3.58805555555556
"F",45,3.58805555555556
"M",27,3.58805555555556
"M",23,3.58805555555556
"F",24,3.58833333333333
"M",47,3.58833333333333
"M",47,3.58833333333333
"M",43,3.58833333333333
"M",46,3.58833333333333
"M",40,3.58833333333333
"M",50,3.58833333333333
"M",32,3.58861111111111
"F",29,3.58861111111111
"M",45,3.58888888888889
"F",28,3.58888888888889
"F",39,3.58888888888889
"M",67,3.58888888888889
"M",50,3.58888888888889
"F",32,3.58888888888889
"M",41,3.58888888888889
"M",48,3.58888888888889
"M",49,3.58916666666667
"M",56,3.58916666666667
"M",38,3.58916666666667
"M",47,3.58916666666667
"F",53,3.58916666666667
"M",60,3.58916666666667
"M",47,3.58944444444444
"F",32,3.58944444444444
"F",29,3.58944444444444
"M",44,3.58944444444444
"M",36,3.58944444444444
"F",41,3.58944444444444
"M",47,3.58944444444444
"F",39,3.58944444444444
"M",51,3.58972222222222
"F",28,3.58972222222222
"F",41,3.58972222222222
"M",22,3.58972222222222
"M",49,3.59
"M",40,3.59
"F",32,3.59
"M",56,3.59
"M",31,3.59
"M",50,3.59
"F",26,3.59027777777778
"F",39,3.59027777777778
"M",46,3.59055555555556
"F",39,3.59055555555556
"M",26,3.59055555555556
"M",40,3.59055555555556
"M",51,3.59083333333333
"F",35,3.59083333333333
"M",46,3.59083333333333
"M",50,3.59083333333333
"F",26,3.59083333333333
"M",49,3.59111111111111
"F",33,3.59111111111111
"F",39,3.59111111111111
"F",25,3.59111111111111
"M",41,3.59111111111111
"M",46,3.59138888888889
"M",54,3.59138888888889
"F",46,3.59138888888889
"F",27,3.59138888888889
"M",36,3.59138888888889
"F",35,3.59166666666667
"F",27,3.59166666666667
"M",41,3.59166666666667
"M",41,3.59166666666667
"M",40,3.59194444444444
"F",41,3.59194444444444
"M",43,3.59194444444444
"F",56,3.59194444444444
"F",31,3.59194444444444
"F",24,3.59194444444444
"M",58,3.59222222222222
"F",24,3.59222222222222
"F",21,3.59222222222222
"M",42,3.59222222222222
"M",46,3.5925
"M",51,3.5925
"M",48,3.59277777777778
"F",26,3.59277777777778
"M",48,3.59277777777778
"M",55,3.59277777777778
"F",25,3.59277777777778
"M",45,3.59277777777778
"F",39,3.59277777777778
"M",57,3.59277777777778
"F",29,3.59277777777778
"M",47,3.59305555555556
"F",40,3.59305555555556
"M",23,3.59305555555556
"M",51,3.59333333333333
"F",48,3.59333333333333
"F",47,3.59333333333333
"M",53,3.59361111111111
"F",28,3.59361111111111
"M",35,3.59388888888889
"F",24,3.59388888888889
"F",26,3.59416666666667
"F",25,3.59416666666667
"F",39,3.59444444444444
"M",45,3.59444444444444
"F",36,3.59444444444444
"M",49,3.59472222222222
"M",51,3.59472222222222
"M",51,3.59472222222222
"M",55,3.59472222222222
"F",26,3.595
"F",28,3.595
"M",42,3.595
"F",42,3.59527777777778
"F",37,3.59527777777778
"F",41,3.59527777777778
"F",29,3.59527777777778
"F",22,3.59527777777778
"M",43,3.59527777777778
"F",29,3.59555555555556
"F",47,3.59555555555556
"F",26,3.59555555555556
"F",29,3.59555555555556
"F",33,3.59555555555556
"F",30,3.59583333333333
"F",45,3.59583333333333
"M",42,3.59611111111111
"F",29,3.59611111111111
"F",26,3.59638888888889
"F",60,3.59638888888889
"M",48,3.59638888888889
"M",52,3.59638888888889
"M",54,3.59666666666667
"M",52,3.59666666666667
"F",36,3.59666666666667
"M",48,3.59666666666667
"M",37,3.59666666666667
"M",44,3.59666666666667
"M",49,3.59666666666667
"M",53,3.59694444444444
"M",39,3.59694444444444
"F",27,3.59694444444444
"M",52,3.59722222222222
"M",60,3.59722222222222
"F",28,3.59722222222222
"F",36,3.5975
"F",40,3.5975
"M",55,3.5975
"M",54,3.5975
"F",45,3.5975
"F",26,3.5975
"F",38,3.5975
"M",37,3.5975
"F",39,3.5975
"F",27,3.5975
"M",51,3.59777777777778
"F",31,3.59777777777778
"M",48,3.59777777777778
"F",28,3.59805555555556
"F",26,3.59805555555556
"M",46,3.59805555555556
"M",37,3.59805555555556
"M",45,3.59833333333333
"F",28,3.59833333333333
"M",51,3.59833333333333
"M",56,3.59833333333333
"F",52,3.59833333333333
"F",51,3.59861111111111
"F",42,3.59861111111111
"M",56,3.59861111111111
"M",48,3.59861111111111
"F",24,3.59888888888889
"M",53,3.59888888888889
"M",37,2.93861111111111
"M",37,2.93888888888889
"M",24,2.93888888888889
"M",19,2.93888888888889
"M",40,2.93916666666667
"M",34,2.93944444444444
"M",32,2.93944444444444
"M",32,2.94027777777778
"M",36,2.94027777777778
"M",26,2.94027777777778
"M",32,2.94055555555556
"M",43,2.94055555555556
"M",18,2.94055555555556
"M",44,2.94083333333333
"M",41,2.94111111111111
"M",43,2.94138888888889
"M",52,2.94138888888889
"M",47,2.94138888888889
"M",40,2.94166666666667
"F",54,2.94222222222222
"M",34,2.94222222222222
"M",54,2.9425
"M",26,2.94277777777778
"M",18,2.94277777777778
"M",41,2.94277777777778
"M",31,2.94277777777778
"M",32,2.94305555555556
"M",44,2.94333333333333
"M",28,2.94361111111111
"M",21,2.94361111111111
"M",26,2.94388888888889
"M",37,2.94416666666667
"M",24,2.94444444444444
"M",37,2.94555555555556
"F",23,2.94555555555556
"M",39,2.94555555555556
"M",21,2.94583333333333
"F",25,2.94583333333333
"M",36,2.94638888888889
"M",41,2.94638888888889
"M",29,2.94638888888889
"M",25,2.94666666666667
"M",25,2.94694444444444
"M",41,2.94722222222222
"M",53,2.94777777777778
"M",26,2.94777777777778
"M",27,2.94805555555556
"M",28,2.94805555555556
"M",19,2.94805555555556
"M",34,2.94833333333333
"M",32,2.94833333333333
"M",21,2.94833333333333
"M",32,2.94861111111111
"M",24,2.94861111111111
"M",36,2.94888888888889
"M",35,2.94888888888889
"M",21,2.94916666666667
"M",33,2.94916666666667
"M",24,2.94944444444444
"M",27,2.94944444444444
"M",50,2.95
"M",60,2.95
"M",45,2.95
"M",34,2.95055555555556
"M",28,2.95055555555556
"F",33,2.95138888888889
"M",46,2.95138888888889
"M",28,2.95166666666667
"M",52,2.95166666666667
"M",29,2.95277777777778
"M",34,2.95277777777778
"M",20,2.95305555555556
"M",28,2.95305555555556
"M",24,2.95333333333333
"M",57,2.95333333333333
"F",26,2.95333333333333
"M",27,2.95361111111111
"M",47,2.95388888888889
"M",29,2.95416666666667
"M",25,2.95472222222222
"M",32,2.95472222222222
"M",31,2.955
"M",28,2.955
"M",36,2.955
"M",46,2.95527777777778
"M",40,2.95527777777778
"M",51,2.95555555555556
"M",34,2.95555555555556
"M",37,2.95583333333333
"M",26,2.95583333333333
"M",29,2.95583333333333
"M",37,2.95583333333333
"M",43,2.95583333333333
"M",27,2.95611111111111
"M",34,2.95611111111111
"M",31,2.95638888888889
"M",33,2.95666666666667
"M",27,2.95666666666667
"M",49,2.95666666666667
"M",41,2.95666666666667
"F",42,3.59888888888889
"M",45,3.59888888888889
"M",47,3.59888888888889
"F",41,3.59888888888889
"F",26,3.59916666666667
"M",50,3.59916666666667
"F",26,3.59916666666667
"M",53,3.59916666666667
"M",52,3.59944444444444
"M",51,3.59944444444444
"F",42,3.59944444444444
"M",53,3.59944444444444
"F",20,3.59972222222222
"F",28,3.59972222222222
"M",40,3.59972222222222
"M",48,3.59972222222222
"M",49,3.59972222222222
"F",21,3.59972222222222
"M",54,3.59972222222222
"M",56,3.59972222222222
"F",28,3.59972222222222
"M",45,3.59972222222222
"F",37,3.59972222222222
"M",37,3.6
"M",48,3.6
"F",31,3.6
"M",45,3.6
"M",50,3.6
"F",43,3.6
"F",32,3.6
"F",22,3.60027777777778
"F",31,3.60027777777778
"M",57,3.60027777777778
"M",47,3.60027777777778
"M",59,3.60027777777778
"F",46,3.60027777777778
"F",29,3.60027777777778
"F",33,3.60055555555556
"M",45,3.60055555555556
"M",41,3.60055555555556
"M",51,3.60055555555556
"F",43,3.60055555555556
"F",48,3.60055555555556
"M",42,3.60055555555556
"M",54,3.60055555555556
"F",27,3.60055555555556
"M",37,3.60083333333333
"F",34,3.60083333333333
"F",33,3.60083333333333
"M",56,3.60083333333333
"M",40,3.60083333333333
"M",21,3.60083333333333
"M",54,3.60083333333333
"F",23,3.60083333333333
"M",47,3.60111111111111
"F",24,3.60111111111111
"M",50,3.60138888888889
"F",42,3.60138888888889
"M",52,3.60138888888889
"F",47,3.60138888888889
"M",51,3.60166666666667
"F",37,3.60194444444444
"M",46,3.60194444444444
"F",36,3.60194444444444
"M",47,3.60194444444444
"F",25,3.60194444444444
"M",38,3.60194444444444
"M",40,3.60194444444444
"F",31,3.60194444444444
"M",44,3.60222222222222
"M",32,3.60222222222222
"M",46,3.60222222222222
"M",48,3.6025
"M",62,3.6025
"M",57,3.6025
"F",23,3.6025
"F",54,3.60277777777778
"M",46,3.60277777777778
"M",50,3.60277777777778
"M",36,3.60277777777778
"F",35,3.60277777777778
"F",31,3.60277777777778
"F",39,3.60277777777778
"F",21,3.60305555555556
"F",53,3.60305555555556
"M",51,3.60305555555556
"M",52,3.60305555555556
"M",48,3.60305555555556
"F",44,3.60305555555556
"F",30,3.60305555555556
"M",40,3.60305555555556
"M",47,3.60305555555556
"M",42,3.60333333333333
"F",33,3.60333333333333
"M",38,3.60333333333333
"F",31,3.60333333333333
"F",29,3.60333333333333
"M",42,3.60333333333333
"M",50,3.60361111111111
"M",55,3.60361111111111
"F",44,3.60361111111111
"M",52,3.60361111111111
"F",30,3.60361111111111
"M",45,3.60361111111111
"F",44,3.60388888888889
"M",46,3.60388888888889
"M",56,3.60388888888889
"F",48,3.60416666666667
"F",27,3.60416666666667
"F",30,3.60416666666667
"F",29,3.60416666666667
"M",51,3.60416666666667
"M",35,3.60444444444444
"M",53,3.60444444444444
"M",59,3.60444444444444
"M",38,3.60444444444444
"M",38,3.60444444444444
"F",26,3.60444444444444
"M",45,3.60444444444444
"M",48,3.60444444444444
"F",35,3.60472222222222
"F",19,3.60527777777778
"M",40,3.60527777777778
"F",40,3.60527777777778
"M",44,3.60555555555556
"F",23,3.60555555555556
"M",49,3.60555555555556
"M",47,3.60555555555556
"F",35,3.60583333333333
"M",35,3.60583333333333
"M",24,3.60583333333333
"M",52,3.60583333333333
"F",22,3.60583333333333
"M",51,3.60611111111111
"F",35,3.60611111111111
"M",39,3.60611111111111
"M",41,3.60611111111111
"M",47,3.60611111111111
"M",42,3.60611111111111
"M",43,3.60611111111111
"F",25,3.60611111111111
"M",50,3.60638888888889
"F",43,3.60638888888889
"M",22,3.60638888888889
"F",27,3.60638888888889
"F",46,3.60638888888889
"M",45,3.60666666666667
"M",30,3.60666666666667
"F",20,3.60666666666667
"F",28,3.60666666666667
"M",55,3.60694444444444
"M",49,3.60694444444444
"M",48,3.60694444444444
"M",49,3.60694444444444
"F",46,3.60694444444444
"F",28,3.60722222222222
"M",41,3.60722222222222
"F",31,3.60722222222222
"F",35,3.60722222222222
"M",42,3.60722222222222
"F",38,3.60722222222222
"F",29,3.60722222222222
"M",53,3.6075
"F",22,3.6075
"F",37,3.6075
"F",53,3.6075
"M",47,3.6075
"M",52,3.6075
"F",35,3.6075
"F",29,3.6075
"F",46,3.60777777777778
"F",24,3.60777777777778
"M",47,3.60777777777778
"M",54,3.60777777777778
"M",41,3.60805555555556
"F",40,3.60805555555556
"M",44,3.60805555555556
"M",54,3.60833333333333
"M",39,3.60833333333333
"F",25,3.60833333333333
"M",50,3.60833333333333
"F",31,3.60833333333333
"M",44,3.60861111111111
"M",49,3.60861111111111
"M",38,3.60861111111111
"F",44,3.60861111111111
"F",37,3.60888888888889
"M",57,3.60888888888889
"M",55,3.60888888888889
"M",37,3.60888888888889
"M",59,3.60888888888889
"M",53,3.60888888888889
"F",37,3.60888888888889
"M",26,3.60888888888889
"F",28,3.60916666666667
"F",33,3.60916666666667
"M",54,3.60916666666667
"F",38,3.60916666666667
"F",30,3.60916666666667
"F",34,3.60916666666667
"M",57,3.60944444444444
"M",51,3.60944444444444
"M",61,3.60944444444444
"M",39,3.60944444444444
"F",41,3.60972222222222
"F",29,3.61
"F",40,3.61027777777778
"F",33,3.61027777777778
"M",51,3.61027777777778
"M",36,3.61027777777778
"M",56,3.61027777777778
"F",40,3.61055555555556
"M",54,3.61055555555556
"F",27,3.61055555555556
"M",30,3.61055555555556
"M",51,3.61055555555556
"M",47,3.61083333333333
"F",34,3.61083333333333
"F",43,3.61083333333333
"F",26,3.61083333333333
"F",34,3.61083333333333
"F",45,3.61083333333333
"M",45,3.61083333333333
"M",55,3.61111111111111
"M",46,3.61111111111111
"M",53,3.61111111111111
"F",29,3.61111111111111
"M",28,3.61138888888889
"M",45,3.61138888888889
"F",26,3.61138888888889
"M",35,3.61138888888889
"M",50,3.61138888888889
"F",43,3.61138888888889
"M",45,3.61138888888889
"M",52,3.61138888888889
"M",46,3.61166666666667
"F",29,3.61194444444444
"F",34,3.61194444444444
"M",44,3.61194444444444
"M",37,3.61194444444444
"M",49,3.61194444444444
"F",28,3.61194444444444
"F",35,3.61194444444444
"F",25,3.61194444444444
"M",48,3.61194444444444
"F",44,3.61222222222222
"M",36,3.61222222222222
"M",56,3.61222222222222
"M",52,3.61222222222222
"M",27,3.6125
"F",60,3.6125
"F",29,3.6125
"F",50,3.6125
"M",41,3.61277777777778
"M",52,3.61277777777778
"M",40,3.61277777777778
"M",47,3.61277777777778
"F",43,3.61305555555556
"F",34,3.61305555555556
"F",22,3.61305555555556
"F",27,3.61305555555556
"F",30,3.61305555555556
"F",40,3.61333333333333
"F",35,3.61333333333333
"M",42,3.61333333333333
"M",48,3.61333333333333
"M",26,3.61361111111111
"M",48,3.61361111111111
"F",44,3.61388888888889
"M",34,3.61388888888889
"F",32,3.61388888888889
"F",30,3.61416666666667
"F",39,3.61416666666667
"F",39,3.61416666666667
"F",34,3.61444444444444
"F",31,3.61444444444444
"F",31,3.61472222222222
"M",65,3.61472222222222
"M",48,3.61472222222222
"M",38,3.61472222222222
"F",27,3.61472222222222
"M",24,3.61472222222222
"F",50,3.61472222222222
"F",33,3.61472222222222
"M",53,3.615
"F",32,3.615
"F",42,3.615
"F",28,3.615
"M",60,3.615
"M",47,3.615
"M",54,3.615
"M",46,3.615
"F",36,3.615
"M",54,3.61527777777778
"M",52,3.61527777777778
"M",45,3.61527777777778
"M",42,3.61527777777778
"F",49,3.61555555555556
"F",45,3.61555555555556
"F",39,3.61555555555556
"M",53,3.61555555555556
"M",42,3.61583333333333
"F",31,3.61583333333333
"F",29,3.61583333333333
"M",47,3.61583333333333
"F",34,3.61611111111111
"M",59,3.61611111111111
"F",45,3.61611111111111
"F",37,3.61611111111111
"F",29,3.61638888888889
"M",54,3.61666666666667
"F",22,3.61666666666667
"F",36,3.61666666666667
"M",50,3.61666666666667
"F",30,3.61666666666667
"M",38,3.61666666666667
"F",26,3.61694444444444
"M",37,3.61694444444444
"M",55,3.61722222222222
"F",45,3.61722222222222
"F",32,3.61722222222222
"F",29,3.61722222222222
"M",48,3.61722222222222
"M",48,3.6175
"F",26,3.6175
"F",38,3.6175
"M",53,3.6175
"M",69,3.6175
"M",46,3.6175
"F",38,3.6175
"M",49,3.6175
"M",50,3.6175
"M",24,3.6175
"M",27,3.61777777777778
"F",41,3.61777777777778
"M",50,3.61777777777778
"F",27,3.61777777777778
"F",46,3.61805555555556
"F",29,3.61805555555556
"F",36,3.61805555555556
"F",38,3.61805555555556
"F",45,3.61805555555556
"M",62,3.61833333333333
"F",30,3.61833333333333
"M",35,3.61861111111111
"F",44,3.61861111111111
"F",34,3.61861111111111
"M",55,3.61861111111111
"F",21,3.61861111111111
"M",47,3.61861111111111
"F",43,3.61861111111111
"F",32,3.61888888888889
"M",46,3.61888888888889
"F",20,3.61888888888889
"F",41,3.61888888888889
"M",52,3.61916666666667
"M",25,3.61916666666667
"M",26,3.61916666666667
"F",24,3.61944444444444
"M",41,3.61944444444444
"M",48,3.61944444444444
"F",37,3.61944444444444
"M",33,3.61972222222222
"M",53,3.61972222222222
"F",32,3.61972222222222
"F",42,3.61972222222222
"M",39,3.61972222222222
"F",27,3.62
"M",63,3.62
"M",26,3.62
"M",44,3.62
"F",52,3.62
"M",56,3.62
"F",28,3.62027777777778
"F",32,3.62027777777778
"F",39,3.62027777777778
"F",27,3.62055555555556
"F",25,3.62055555555556
"F",44,3.62055555555556
"F",33,3.62055555555556
"F",29,3.62055555555556
"F",30,3.62055555555556
"F",31,3.62055555555556
"F",27,3.62055555555556
"M",32,3.62083333333333
"M",52,3.62083333333333
"M",54,3.62083333333333
"M",47,3.62083333333333
"M",59,3.62083333333333
"M",40,3.62083333333333
"M",49,3.62083333333333
"M",55,3.62083333333333
"F",52,3.62111111111111
"F",37,3.62111111111111
"F",40,3.62138888888889
"F",24,3.62138888888889
"M",41,3.62138888888889
"M",38,3.62166666666667
"M",48,3.62166666666667
"M",56,3.62166666666667
"M",39,3.62194444444444
"M",47,3.62194444444444
"M",50,3.62194444444444
"F",32,3.62194444444444
"M",46,3.62222222222222
"M",51,3.62222222222222
"M",42,3.62222222222222
"F",41,3.62222222222222
"M",37,3.62222222222222
"M",49,3.62222222222222
"M",47,3.62222222222222
"M",48,3.62222222222222
"F",28,3.6225
"M",48,3.6225
"F",35,3.6225
"M",46,3.6225
"F",41,3.6225
"M",54,3.6225
"M",45,3.6225
"M",57,3.62277777777778
"F",46,3.62277777777778
"M",46,3.62277777777778
"F",38,3.62277777777778
"M",57,3.62277777777778
"M",47,3.62277777777778
"M",44,3.62305555555556
"F",42,3.62305555555556
"M",38,3.62305555555556
"F",40,3.62305555555556
"F",26,3.62305555555556
"M",43,3.62333333333333
"F",41,3.62333333333333
"M",43,3.62333333333333
"F",35,3.62333333333333
"M",40,3.62361111111111
"F",49,3.62361111111111
"M",45,3.62361111111111
"F",24,3.62361111111111
"F",30,3.62388888888889
"F",49,3.62388888888889
"M",50,3.62388888888889
"F",41,3.62388888888889
"F",37,3.62388888888889
"F",26,3.62388888888889
"M",27,3.62388888888889
"M",43,3.62388888888889
"F",40,3.62388888888889
"F",39,3.62416666666667
"F",33,3.62416666666667
"M",51,3.62416666666667
"M",53,3.62444444444444
"M",44,3.62444444444444
"F",28,3.62444444444444
"M",49,3.62444444444444
"M",47,3.62444444444444
"F",25,3.62472222222222
"F",42,3.62472222222222
"F",41,3.62472222222222
"M",46,3.62472222222222
"F",32,3.62472222222222
"M",46,3.625
"M",37,3.625
"M",51,3.625
"M",58,3.625
"F",29,3.62527777777778
"M",51,3.62527777777778
"M",45,3.62527777777778
"F",31,3.62527777777778
"F",40,3.62555555555556
"F",56,3.62555555555556
"M",36,3.62555555555556
"F",36,3.62555555555556
"F",35,3.62555555555556
"M",53,3.62555555555556
"M",35,3.62555555555556
"F",34,3.62583333333333
"M",51,3.62583333333333
"M",23,3.62583333333333
"F",43,3.62611111111111
"M",47,3.62611111111111
"F",47,3.62611111111111
"F",24,3.62611111111111
"F",25,3.62611111111111
"F",27,3.62638888888889
"F",34,3.62638888888889
"M",60,3.62638888888889
"M",47,3.62638888888889
"F",38,3.62638888888889
"M",42,3.62638888888889
"F",39,3.62666666666667
"F",24,3.62666666666667
"M",43,3.62666666666667
"F",37,3.62694444444444
"F",45,3.62694444444444
"M",28,3.62722222222222
"M",32,3.62722222222222
"M",45,3.62722222222222
"F",31,3.62722222222222
"M",40,3.6275
"F",33,3.6275
"M",54,3.6275
"F",45,3.6275
"F",46,3.6275
"M",48,3.6275
"F",30,3.62777777777778
"M",53,3.62777777777778
"F",24,3.62777777777778
"M",41,3.62777777777778
"M",48,3.62777777777778
"M",40,3.62777777777778
"F",39,3.62805555555556
"M",51,3.62805555555556
"F",49,3.62805555555556
"F",48,3.62805555555556
"M",55,3.62833333333333
"M",51,3.62861111111111
"M",53,3.62861111111111
"M",54,3.62861111111111
"M",45,3.62861111111111
"F",38,3.62861111111111
"M",41,3.62888888888889
"M",26,3.62888888888889
"F",42,3.62888888888889
"M",37,3.62888888888889
"F",27,3.62916666666667
"F",31,3.62916666666667
"M",48,3.62916666666667
"M",43,3.62916666666667
"F",35,3.62916666666667
"F",24,3.62944444444444
"M",49,3.62944444444444
"M",49,3.62944444444444
"M",28,3.62944444444444
"M",43,3.62944444444444
"F",39,3.62944444444444
"M",34,3.62972222222222
"F",22,3.62972222222222
"F",47,3.62972222222222
"M",28,3.62972222222222
"F",36,3.62972222222222
"M",50,3.63
"F",48,3.63
"M",54,3.63
"F",29,3.63
"F",35,3.63
"M",46,3.63
"F",27,3.63027777777778
"F",38,3.63027777777778
"F",44,3.63027777777778
"F",43,3.63027777777778
"M",49,3.63055555555556
"F",36,3.63055555555556
"F",23,3.63083333333333
"F",25,3.63083333333333
"F",33,3.63083333333333
"M",36,3.63111111111111
"F",34,3.63111111111111
"F",33,3.63111111111111
"F",26,3.63111111111111
"F",25,3.63111111111111
"F",40,3.63111111111111
"F",44,3.63138888888889
"M",55,3.63138888888889
"F",33,3.63138888888889
"M",33,3.63138888888889
"F",35,3.63166666666667
"F",30,3.63166666666667
"M",46,3.63166666666667
"M",49,3.63166666666667
"M",46,3.63194444444444
"F",39,3.63194444444444
"F",23,3.63194444444444
"F",41,3.63194444444444
"M",41,3.63222222222222
"M",55,3.63222222222222
"F",49,3.63222222222222
"F",53,3.63222222222222
"F",24,3.63222222222222
"F",37,3.63222222222222
"M",43,3.6325
"M",45,3.6325
"M",52,3.6325
"F",24,3.6325
"F",32,3.6325
"F",30,3.6325
"M",43,3.63277777777778
"F",41,3.63277777777778
"F",30,3.63277777777778
"M",47,3.63305555555556
"M",52,3.63305555555556
"F",44,3.63305555555556
"F",31,3.63333333333333
"F",32,3.63333333333333
"F",23,3.63333333333333
"M",40,3.63333333333333
"M",58,3.63333333333333
"M",54,3.63333333333333
"M",30,3.63361111111111
"F",23,3.63361111111111
"M",36,3.63361111111111
"M",45,3.63361111111111
"M",60,3.63361111111111
"F",39,3.63388888888889
"F",46,3.63388888888889
"F",30,3.63388888888889
"M",45,3.63416666666667
"M",48,3.63416666666667
"F",44,3.63416666666667
"F",38,3.63416666666667
"M",51,3.63416666666667
"F",30,3.63416666666667
"F",29,3.63416666666667
"M",51,3.63416666666667
"M",46,3.63416666666667
"M",48,3.63444444444444
"M",44,3.63444444444444
"F",32,3.63444444444444
"F",33,3.63444444444444
"M",57,3.63444444444444
"M",42,3.63472222222222
"M",44,3.63472222222222
"M",45,3.635
"M",54,3.635
"M",50,3.635
"F",31,3.635
"M",47,3.63527777777778
"F",46,3.63527777777778
"F",24,3.63527777777778
"F",29,3.63527777777778
"F",28,3.63527777777778
"F",30,3.63555555555556
"M",46,3.63555555555556
"F",47,3.63555555555556
"F",22,3.63555555555556
"F",26,3.63555555555556
"F",31,3.63555555555556
"M",45,3.63583333333333
"F",37,3.63611111111111
"M",45,3.63611111111111
"M",49,3.63611111111111
"F",27,3.63611111111111
"F",29,3.63611111111111
"F",51,3.63638888888889
"F",41,3.63638888888889
"M",33,3.63638888888889
"M",42,3.63638888888889
"M",53,3.63638888888889
"F",38,3.63638888888889
"F",33,3.63638888888889
"M",45,3.63638888888889
"F",34,3.63666666666667
"M",54,3.63666666666667
"M",54,3.63666666666667
"F",45,3.63666666666667
"F",21,3.63666666666667
"M",28,3.63694444444444
"F",24,3.63694444444444
"F",25,3.63694444444444
"M",51,3.63694444444444
"M",38,3.63694444444444
"M",23,3.63694444444444
"M",46,3.63694444444444
"F",45,3.63722222222222
"F",24,3.63722222222222
"F",48,3.63722222222222
"M",25,3.63722222222222
"F",40,3.63722222222222
"M",47,3.6375
"M",45,3.6375
"F",43,3.6375
"F",45,3.6375
"F",52,3.6375
"M",56,3.6375
"F",27,3.6375
"M",45,3.6375
"F",27,3.63777777777778
"M",56,3.63777777777778
"M",42,3.63777777777778
"F",28,3.63777777777778
"M",55,3.63777777777778
"M",55,3.63777777777778
"F",28,3.63805555555556
"M",50,3.63833333333333
"F",43,3.63833333333333
"F",43,3.63833333333333
"F",26,3.63833333333333
"M",41,3.63833333333333
"F",42,3.63833333333333
"M",46,3.63833333333333
"F",28,3.63861111111111
"F",28,3.63861111111111
"F",36,3.63861111111111
"F",34,3.63861111111111
"M",45,3.63861111111111
"F",34,3.63888888888889
"M",50,3.63888888888889
"M",50,3.63888888888889
"M",39,3.63888888888889
"F",42,3.63916666666667
"M",46,3.63916666666667
"M",47,3.63916666666667
"F",27,3.63916666666667
"M",33,3.63916666666667
"M",20,3.63916666666667
"F",39,3.63944444444444
"M",42,3.63944444444444
"M",39,3.63944444444444
"M",46,3.63972222222222
"M",45,3.64
"M",37,3.64
"F",28,3.64
"F",28,3.64
"F",36,3.64
"F",39,3.64
"F",30,3.64
"M",54,3.64
"F",28,3.64027777777778
"M",34,3.64027777777778
"F",30,3.64027777777778
"M",48,3.64027777777778
"F",47,3.64055555555556
"F",44,3.64055555555556
"M",55,3.64055555555556
"F",29,3.64055555555556
"M",44,3.64055555555556
"M",51,3.64083333333333
"F",34,3.64083333333333
"M",42,3.64083333333333
"F",21,3.64111111111111
"M",36,3.64111111111111
"M",48,3.64111111111111
"F",40,3.64111111111111
"F",40,3.64111111111111
"M",47,3.64111111111111
"M",39,3.64111111111111
"M",47,3.64111111111111
"M",48,3.64111111111111
"M",65,3.64111111111111
"M",53,3.64138888888889
"F",40,3.64138888888889
"F",36,3.64138888888889
"M",49,3.64138888888889
"F",38,3.64138888888889
"M",49,3.64138888888889
"F",38,3.64138888888889
"F",26,3.64138888888889
"F",25,3.64138888888889
"F",55,3.64166666666667
"M",30,3.64166666666667
"F",36,3.64166666666667
"F",32,3.64166666666667
"F",25,3.64166666666667
"M",50,3.64194444444444
"M",53,3.64194444444444
"F",40,3.64194444444444
"F",43,3.64194444444444
"F",27,3.64194444444444
"F",49,3.64194444444444
"F",38,3.64222222222222
"F",35,3.64222222222222
"F",43,3.64222222222222
"M",54,3.64222222222222
"M",50,3.64222222222222
"F",27,3.64222222222222
"M",48,3.64222222222222
"M",42,3.64222222222222
"F",37,3.64222222222222
"M",60,3.64222222222222
"M",47,3.64222222222222
"M",36,3.6425
"M",51,3.6425
"M",54,3.64277777777778
"M",47,3.64277777777778
"M",40,3.64305555555556
"F",43,3.64305555555556
"F",30,3.64333333333333
"M",47,3.64333333333333
"M",52,3.64333333333333
"M",39,3.64333333333333
"F",47,3.64333333333333
"F",35,3.64361111111111
"M",42,3.64361111111111
"F",24,3.64361111111111
"M",44,3.64361111111111
"M",49,3.64361111111111
"F",42,3.64361111111111
"M",54,3.64361111111111
"F",25,3.64361111111111
"M",45,3.64361111111111
"F",42,3.64361111111111
"F",43,3.64388888888889
"F",27,3.64388888888889
"F",31,3.64388888888889
"M",54,3.64388888888889
"F",41,3.64416666666667
"F",33,3.64416666666667
"F",31,3.64416666666667
"M",59,3.64416666666667
"M",47,3.64416666666667
"F",47,3.64444444444444
"M",40,3.64444444444444
"F",39,3.64444444444444
"M",48,3.64444444444444
"F",31,3.64444444444444
"F",22,3.64444444444444
"F",35,3.64444444444444
"F",28,3.64472222222222
"F",33,3.64472222222222
"F",37,3.64472222222222
"F",32,3.645
"F",38,3.645
"M",50,3.645
"M",47,3.645
"F",40,3.645
"F",33,3.645
"F",28,3.64527777777778
"M",25,3.64527777777778
"F",31,3.64555555555556
"M",46,3.64555555555556
"M",40,3.64555555555556
"F",37,3.64555555555556
"M",55,3.64583333333333
"F",26,3.64583333333333
"F",36,3.64583333333333
"M",41,3.64583333333333
"M",24,3.64583333333333
"F",30,3.64583333333333
"M",50,3.64583333333333
"M",50,3.64583333333333
"M",46,3.64611111111111
"M",34,3.64611111111111
"M",44,3.64611111111111
"F",37,3.64611111111111
"F",32,3.64611111111111
"F",21,3.64611111111111
"F",43,3.64611111111111
"M",39,3.64611111111111
"M",43,3.64611111111111
"F",30,3.64611111111111
"M",26,3.64611111111111
"F",30,3.64611111111111
"F",28,3.64611111111111
"M",58,3.64638888888889
"M",52,3.64638888888889
"F",46,3.64638888888889
"M",48,3.64638888888889
"F",31,3.64666666666667
"M",47,3.64666666666667
"M",55,3.64666666666667
"F",39,3.64694444444444
"F",29,3.64694444444444
"F",51,3.64694444444444
"M",58,3.64722222222222
"F",35,3.64722222222222
"F",30,3.64722222222222
"M",56,3.64722222222222
"M",56,3.64722222222222
"F",23,3.64722222222222
"M",26,3.64722222222222
"F",34,3.64722222222222
"M",60,3.6475
"M",58,3.6475
"M",46,3.6475
"M",47,3.6475
"M",21,3.6475
"M",45,3.64777777777778
"F",23,3.64777777777778
"M",22,3.64777777777778
"F",34,3.64777777777778
"M",59,3.64777777777778
"M",46,3.64777777777778
"F",46,3.64805555555556
"F",35,3.64805555555556
"F",32,3.64833333333333
"M",36,3.64833333333333
"F",43,3.64833333333333
"F",26,3.64833333333333
"F",31,3.64833333333333
"F",26,3.64833333333333
"F",42,3.64833333333333
"F",33,3.64833333333333
"M",50,3.64833333333333
"F",45,3.64833333333333
"M",55,3.64861111111111
"M",50,3.64861111111111
"M",42,3.64861111111111
"M",47,3.64861111111111
"F",29,3.64888888888889
"F",36,3.64888888888889
"M",47,3.64916666666667
"F",38,3.64916666666667
"M",47,3.64916666666667
"M",41,3.64916666666667
"F",30,3.64916666666667
"M",53,3.64916666666667
"F",25,3.64916666666667
"F",40,3.64916666666667
"M",42,3.64916666666667
"F",27,3.64916666666667
"M",33,3.64944444444444
"F",26,3.64944444444444
"M",55,3.64944444444444
"M",45,3.64944444444444
"F",23,3.64944444444444
"F",23,3.64944444444444
"F",44,3.64944444444444
"F",49,3.64972222222222
"F",45,3.64972222222222
"M",34,3.64972222222222
"M",47,3.64972222222222
"M",50,3.64972222222222
"F",24,3.64972222222222
"F",36,3.65
"F",39,3.65
"M",40,3.65
"M",48,3.65
"M",58,3.65
"M",46,3.65
"M",42,3.65
"M",38,3.65027777777778
"F",40,3.65027777777778
"F",23,3.65055555555556
"M",49,3.65055555555556
"M",43,3.65055555555556
"M",62,3.65055555555556
"M",40,3.65083333333333
"F",35,3.65083333333333
"F",31,3.65083333333333
"F",30,3.65111111111111
"F",30,3.65111111111111
"M",40,3.65111111111111
"F",30,3.65111111111111
"M",55,3.65111111111111
"F",41,3.65111111111111
"F",30,3.65111111111111
"M",51,3.65138888888889
"M",51,3.65138888888889
"M",36,3.65138888888889
"M",49,3.65138888888889
"M",30,3.65166666666667
"M",39,3.65166666666667
"M",40,3.65166666666667
"M",36,3.65166666666667
"M",45,3.65166666666667
"M",55,3.65166666666667
"M",38,3.65166666666667
"M",24,3.65166666666667
"F",37,3.65194444444444
"F",37,3.65194444444444
"M",50,3.65194444444444
"F",45,3.65194444444444
"M",48,3.65194444444444
"M",54,3.65194444444444
"M",46,3.65222222222222
"F",61,3.65222222222222
"F",37,3.65222222222222
"F",26,3.65222222222222
"M",52,3.6525
"M",47,3.6525
"M",46,3.6525
"M",49,3.6525
"F",36,3.6525
"M",30,3.6525
"M",42,3.6525
"M",32,3.6525
"F",50,3.65277777777778
"F",25,3.65277777777778
"M",45,3.65277777777778
"F",45,3.65277777777778
"F",27,3.65277777777778
"M",27,3.65277777777778
"M",40,3.65277777777778
"F",40,3.65277777777778
"F",39,3.65277777777778
"M",53,3.65277777777778
"F",40,3.65277777777778
"F",34,3.65305555555556
"M",47,3.65305555555556
"F",20,3.65305555555556
"F",27,3.65305555555556
"M",39,3.65305555555556
"M",53,3.65305555555556
"M",27,3.65305555555556
"F",42,3.65305555555556
"M",46,3.65305555555556
"M",43,3.65333333333333
"F",29,3.65333333333333
"M",40,3.65333333333333
"F",23,3.65333333333333
"M",41,3.65333333333333
"M",46,3.65333333333333
"F",45,3.65333333333333
"F",24,3.65333333333333
"F",26,3.65333333333333
"M",38,3.65333333333333
"F",31,3.65361111111111
"F",32,3.65361111111111
"M",58,3.65361111111111
"M",44,3.65361111111111
"M",45,3.65361111111111
