"wage_eur","age","height_cm","weight_kg","nationality_name","overall","potential","attacking_crossing","attacking_finishing","attacking_heading_accuracy","attacking_short_passing","attacking_volleys","skill_dribbling","skill_curve","skill_fk_accuracy","skill_long_passing","skill_ball_control","movement_acceleration","movement_sprint_speed","movement_agility","movement_reactions","movement_balance","defending_standing_tackle","defending_sliding_tackle","goalkeeping_diving","goalkeeping_handling","goalkeeping_kicking","goalkeeping_positioning","goalkeeping_reflexes"
120000,22,177,69,"usa",82,88,74,73,50,77,70,88,69,58,59,85,91,87,87,78,88,32,47,8,12,13,16,14
56000,28,193,78,"usa",78,79,36,39,85,74,32,64,30,28,74,64,53,64,55,75,51,83,76,8,7,10,9,10
49000,22,175,72,"usa",77,83,55,48,65,80,33,70,52,42,74,73,78,83,79,77,85,77,69,6,13,12,8,7
73000,26,191,86,"usa",77,82,14,9,13,52,8,15,13,11,52,31,54,52,58,72,49,12,12,78,73,74,72,83
57000,22,183,84,"usa",77,82,65,69,80,79,75,77,67,63,75,76,80,81,73,76,69,77,77,7,9,12,9,11
18000,18,185,79,"usa",77,87,69,68,45,79,75,85,78,64,64,79,78,76,84,77,76,35,37,10,13,14,12,7
67000,20,175,62,"usa",76,85,73,58,58,77,44,83,72,38,67,77,89,86,88,76,76,70,69,11,10,10,15,15
7000,30,191,102,"usa",75,75,15,12,11,35,14,11,15,12,26,22,40,41,34,68,46,18,12,76,71,69,77,75
9000,28,185,86,"usa",75,77,38,39,82,67,36,60,36,34,64,65,80,80,72,69,61,75,72,10,12,13,6,12
8000,26,173,75,"usa",75,78,64,65,64,76,49,74,72,45,73,74,71,71,77,73,85,71,71,13,7,12,16,11
7000,27,191,88,"usa",75,77,13,15,14,24,16,16,13,14,29,24,38,39,48,69,42,11,11,76,71,66,79,76
4000,35,191,88,"usa",74,74,15,17,12,32,14,18,10,15,33,26,43,45,51,70,58,20,12,75,70,67,75,74
8000,30,175,77,"usa",74,74,50,61,58,83,70,80,72,68,71,82,77,78,86,79,79,68,63,6,8,12,7,13
8000,28,191,89,"usa",74,76,39,52,78,69,49,48,33,38,66,64,44,58,42,71,51,72,68,13,14,8,10,9
8000,26,183,84,"usa",74,74,61,69,69,76,61,73,48,53,70,72,87,91,79,69,69,30,27,15,9,8,14,8
24000,21,183,66,"usa",74,81,62,73,67,71,71,75,64,45,63,75,86,88,87,74,71,44,38,7,9,12,15,14
6000,32,190,98,"usa",73,73,13,12,14,43,17,19,13,19,46,20,42,43,44,73,52,15,15,73,67,70,70,76
8000,34,178,73,"usa",73,73,67,60,71,80,65,70,55,54,71,73,61,64,72,78,70,61,54,9,14,6,12,6
4000,35,183,93,"usa",73,73,20,20,13,45,13,17,15,19,45,29,39,36,42,67,34,15,14,73,68,73,74,73
22000,31,186,84,"usa",73,73,78,70,80,75,66,73,70,43,74,74,64,64,53,72,52,74,73,12,7,8,11,12
9000,29,188,80,"usa",73,73,41,73,66,60,68,70,60,30,45,67,81,88,76,70,50,50,30,11,7,11,14,11
37000,27,172,75,"usa",73,73,67,40,59,67,60,71,70,28,52,71,93,92,90,69,83,71,70,7,15,7,11,11
8000,26,168,66,"usa",73,74,66,67,46,68,61,74,72,47,62,70,81,81,79,68,79,62,57,16,10,9,13,14
33000,23,183,70,"usa",73,80,66,40,55,61,45,74,39,39,55,70,86,88,77,69,69,72,69,12,9,15,14,9
10000,23,180,75,"usa",73,82,66,30,56,66,33,70,58,21,60,69,89,91,82,61,75,71,68,6,14,10,6,11
7000,22,178,69,"usa",73,77,70,64,54,76,64,74,70,64,70,75,68,65,71,74,72,58,42,14,5,6,14,13
6000,33,188,79,"usa",72,72,70,54,58,76,69,70,74,63,76,73,47,47,50,68,66,68,66,7,14,16,16,16
3000,35,188,86,"usa",72,72,13,12,11,52,12,13,12,17,62,18,49,47,42,72,43,15,14,71,69,65,74,73
7000,28,178,75,"usa",72,72,68,64,55,79,60,75,70,54,69,76,69,72,75,74,72,64,60,6,14,13,7,9
6000,31,183,77,"usa",72,72,61,53,55,71,49,64,64,53,68,70,64,57,71,70,71,66,67,9,13,13,16,12
6000,31,193,84,"usa",72,72,26,23,74,71,30,44,24,25,70,63,47,37,55,67,48,71,65,10,16,15,10,12
31000,26,183,66,"usa",72,73,66,71,44,68,75,75,74,70,44,72,86,85,83,69,86,14,12,8,7,14,14,7
51000,25,193,84,"usa",72,75,25,18,73,67,34,51,27,21,62,66,53,50,57,70,42,72,70,10,7,14,7,15
6000,30,185,82,"usa",72,72,65,61,74,71,40,72,59,39,67,70,52,63,61,72,57,72,69,23,17,18,23,17
13000,25,190,87,"usa",72,76,52,76,74,69,67,71,61,43,51,72,67,65,64,70,63,18,24,14,10,12,14,6
6000,24,180,74,"usa",72,76,73,59,55,66,45,66,57,35,58,73,86,88,80,69,65,63,66,6,15,11,13,12
6000,26,178,72,"usa",72,75,39,46,69,73,49,62,41,48,71,68,65,66,68,70,67,70,69,15,6,10,15,13
5000,23,177,68,"usa",72,78,66,46,63,62,33,70,56,31,54,65,90,91,84,52,75,70,66,15,14,9,13,5
16000,19,170,63,"usa",72,83,74,67,37,71,56,75,64,45,57,73,85,81,77,60,84,22,17,11,9,13,14,14
5000,34,175,68,"usa",71,71,59,46,64,75,56,64,66,54,66,69,55,35,65,71,75,67,68,15,6,8,6,11
6000,31,183,79,"usa",71,71,46,73,73,66,70,66,68,73,50,66,64,67,61,68,53,34,17,16,9,14,12,12
15000,26,173,70,"usa",71,72,68,70,55,71,69,75,65,63,59,76,78,70,85,71,82,34,27,14,9,8,10,12
5000,25,178,68,"usa",71,76,68,60,66,71,55,71,77,73,67,72,76,76,74,73,72,67,60,12,7,12,8,7
22000,26,195,83,"usa",71,75,11,17,13,31,14,16,16,17,30,22,48,49,54,72,32,9,8,78,66,57,62,76
5000,30,185,82,"usa",71,71,33,30,73,62,29,46,30,26,54,58,33,34,34,68,55,69,68,9,15,13,6,15
5000,27,173,73,"usa",71,71,64,48,57,69,35,64,62,48,64,69,71,68,77,69,78,66,63,14,15,13,6,9
9000,24,174,73,"usa",71,76,63,61,40,71,69,73,77,67,73,69,81,83,89,69,87,56,48,5,6,5,8,14
6000,24,183,79,"usa",71,78,60,68,72,67,68,67,56,42,63,68,85,87,80,68,74,35,28,7,7,12,6,14
5000,24,178,74,"usa",71,75,58,53,56,74,68,67,65,60,76,71,64,56,67,73,68,68,58,11,13,14,8,11
18000,21,185,79,"usa",71,82,58,71,66,66,65,70,62,56,55,71,78,73,76,73,68,37,33,8,7,9,8,9
24000,21,188,87,"usa",71,84,49,23,76,70,26,47,35,24,63,60,73,72,67,62,60,75,71,13,5,13,7,6
7000,18,178,73,"usa",71,82,64,62,44,68,48,74,60,40,60,73,86,89,68,57,66,57,58,15,6,14,6,10
5000,31,175,68,"usa",70,70,69,54,57,70,53,67,61,53,70,67,78,75,74,68,73,65,64,8,16,10,16,6
3000,35,191,84,"usa",70,70,62,49,72,66,54,63,67,60,58,67,40,51,62,68,44,68,68,7,16,6,10,14
6000,32,185,84,"usa",70,70,60,72,72,61,63,67,55,46,52,67,74,72,68,66,61,46,36,6,15,15,12,10
5000,28,173,69,"usa",70,71,56,43,54,74,53,66,68,65,74,71,52,54,66,71,70,69,67,8,11,9,6,10
4000,24,188,84,"usa",70,77,26,29,64,67,36,49,29,22,59,52,80,81,67,70,39,70,67,13,7,9,5,5
4000,23,177,70,"usa",70,73,72,58,62,69,48,63,69,54,68,65,71,72,69,63,68,65,64,6,6,10,8,7
4000,20,173,64,"usa",70,82,59,72,64,68,60,64,64,29,59,69,84,85,82,68,86,40,28,13,12,12,13,6
7000,22,184,84,"usa",70,82,25,37,64,73,28,54,26,24,68,62,78,76,61,68,61,74,68,9,11,10,11,10
3000,20,180,73,"usa",70,79,46,55,45,69,38,63,38,35,64,67,49,53,58,67,63,69,65,10,7,7,12,5
11000,20,176,66,"usa",70,81,55,64,37,70,51,72,50,35,64,72,81,80,85,63,81,51,41,12,13,7,7,13
2000,36,193,95,"usa",69,69,16,14,12,26,15,14,15,11,34,28,38,37,37,67,47,15,14,67,68,76,70,67
4000,38,183,74,"usa",69,69,54,77,73,64,70,61,60,52,49,65,31,33,60,82,76,40,33,8,16,10,13,8
3000,35,185,77,"usa",69,69,72,63,59,74,64,66,70,70,70,70,45,48,53,68,62,60,55,12,15,11,7,6
4000,34,178,70,"usa",69,69,71,60,55,75,68,68,80,72,73,69,59,56,63,61,78,68,66,14,9,15,13,12
4000,34,183,79,"usa",69,69,49,35,68,74,44,58,34,35,74,61,61,54,59,68,65,68,68,14,10,6,14,9
22000,33,186,80,"usa",69,69,61,40,69,72,51,66,65,52,69,70,54,59,66,59,65,71,68,15,14,15,8,10
4000,30,178,72,"usa",69,69,58,56,67,72,59,69,64,59,68,70,68,68,69,66,68,69,67,9,7,7,14,16
4000,28,184,77,"usa",69,70,56,33,69,66,49,44,54,29,61,53,49,73,62,65,54,72,70,11,15,12,10,10
4000,29,180,75,"usa",69,69,62,41,58,65,52,65,55,53,68,65,74,75,74,68,66,70,69,15,16,12,10,15
6000,26,168,65,"usa",69,69,67,56,53,69,61,71,58,48,63,70,87,74,85,68,92,52,53,8,10,12,10,9
34000,24,187,88,"usa",69,77,47,21,64,60,40,44,43,36,51,55,60,73,63,65,50,70,67,11,8,15,13,9
5000,28,183,75,"usa",69,69,63,53,64,75,56,66,70,73,69,73,69,70,70,68,70,68,62,8,9,9,9,12
4000,28,183,77,"usa",69,69,58,48,62,72,34,67,63,38,66,65,39,59,52,64,53,65,63,15,10,11,14,10
4000,28,188,88,"usa",69,70,26,35,72,59,28,43,21,26,57,61,65,73,69,66,58,68,63,6,13,14,9,9
26000,23,183,92,"usa",69,78,40,17,67,69,26,44,27,30,66,58,61,64,53,67,60,71,68,13,6,8,16,10
4000,30,173,64,"usa",69,69,61,68,63,67,64,72,65,43,52,68,89,84,78,64,81,25,26,9,9,7,9,6
4000,26,175,79,"usa",69,71,63,58,53,62,57,69,62,39,54,64,78,85,73,68,66,62,65,9,12,14,8,11
5000,30,188,85,"usa",69,69,29,70,66,64,62,66,46,41,53,73,61,64,66,67,64,27,23,11,9,14,12,6
4000,23,191,81,"usa",69,75,60,63,67,71,41,69,47,52,68,73,38,32,58,69,40,66,62,7,8,11,7,12
4000,25,183,79,"usa",69,72,64,55,64,62,51,64,57,47,57,63,74,79,69,63,60,69,65,7,10,8,7,10
4000,24,175,74,"usa",69,72,60,71,61,68,53,70,46,41,51,68,80,82,77,63,68,24,12,12,11,13,13,6
2000,19,180,67,"usa",69,79,55,64,63,72,36,68,52,48,67,72,69,63,72,67,70,59,57,14,15,11,12,5
3000,23,196,91,"usa",69,78,21,19,72,54,22,37,26,22,44,48,65,75,61,62,52,70,68,9,5,9,5,8
2000,19,175,70,"usa",69,80,66,25,56,67,22,68,37,25,62,68,79,80,78,63,71,70,65,14,8,7,14,13
6000,22,171,65,"usa",69,76,70,47,54,75,48,72,77,70,76,73,74,65,78,67,90,59,60,8,5,9,13,14
10000,20,191,80,"usa",69,81,36,72,60,61,64,68,76,34,52,65,78,75,68,72,62,22,18,14,12,9,7,14
3000,32,188,75,"usa",68,68,12,17,14,32,15,18,14,12,35,21,59,56,40,67,46,15,14,67,62,70,68,68
3000,32,196,92,"usa",68,68,35,31,72,55,46,37,36,27,62,55,30,41,30,64,30,64,64,14,13,10,16,14
3000,33,188,88,"usa",68,68,51,39,67,67,49,55,56,40,69,57,54,62,56,68,62,66,58,12,13,14,8,15
3000,32,189,84,"usa",68,68,15,11,28,29,11,14,15,12,36,25,39,40,39,50,39,13,16,68,66,66,72,69
4000,29,173,70,"usa",68,68,62,39,62,63,46,63,58,34,56,62,73,67,67,64,71,64,63,15,6,15,7,16
2000,30,188,82,"usa",68,68,30,71,75,57,74,58,42,34,33,64,47,45,54,64,57,23,22,14,10,13,15,10
4000,30,175,73,"usa",68,68,63,64,58,67,51,65,68,49,54,66,83,77,69,66,69,37,23,16,10,10,7,12
4000,28,175,75,"usa",68,68,61,55,40,62,57,68,63,45,58,64,90,92,86,63,83,58,56,12,6,15,15,6
3000,26,175,67,"usa",68,68,49,50,58,69,46,59,59,39,67,66,69,64,78,66,75,65,63,9,7,13,11,15
4000,29,178,75,"usa",68,68,69,49,58,59,57,61,69,61,57,61,71,71,70,63,67,65,64,15,8,15,12,10
3000,24,185,72,"usa",68,76,27,25,65,69,29,41,23,21,63,56,68,69,49,64,65,68,64,10,16,10,10,6
4000,25,180,73,"usa",68,72,59,68,62,67,69,69,57,39,53,69,76,72,80,64,71,23,16,10,12,12,14,15
3000,23,177,67,"usa",68,75,53,52,42,71,52,73,53,48,70,73,73,59,76,66,81,57,59,11,14,12,7,10
3000,28,193,93,"usa",68,71,11,15,12,21,16,20,10,13,28,22,33,32,33,66,40,14,13,69,65,66,67,68
4000,25,180,79,"usa",68,71,63,60,70,65,43,67,59,30,56,68,80,76,75,62,70,58,52,9,13,11,12,6
3000,22,191,85,"usa",68,78,36,29,65,61,32,41,46,29,62,49,76,77,57,66,50,70,67,13,14,11,10,12
5000,23,178,70,"usa",68,75,53,62,57,60,59,74,58,43,50,72,90,92,90,63,88,35,29,14,13,8,10,7
3000,24,175,70,"usa",68,75,63,60,50,71,50,69,63,48,69,69,73,72,73,68,80,65,62,5,8,10,9,10
3000,24,185,81,"usa",68,73,63,41,58,66,42,68,48,23,59,64,80,82,73,64,64,63,61,13,10,7,11,13
3000,25,183,84,"usa",68,72,58,32,51,63,29,62,34,21,58,64,77,79,63,64,62,67,65,13,13,8,7,6
3000,21,188,100,"usa",68,80,30,69,64,57,47,64,33,33,35,66,65,73,53,67,46,15,10,11,9,15,11,13
2000,37,183,75,"usa",67,67,58,39,70,67,43,57,42,37,67,65,32,31,36,64,59,66,65,13,12,15,15,7
2000,36,173,75,"usa",67,67,66,46,61,65,51,65,67,61,56,64,67,50,67,66,66,67,66,7,7,12,12,16
1000,35,188,83,"usa",67,67,10,9,9,45,7,15,9,10,36,29,28,38,30,69,38,8,9,70,62,63,62,69
2000,32,188,86,"usa",67,67,25,16,19,27,18,21,21,17,35,19,40,48,34,63,53,17,22,69,61,66,65,69
3000,31,188,88,"usa",67,67,45,68,70,61,63,60,65,52,49,65,48,61,60,67,54,22,21,10,7,12,10,10
3000,32,183,77,"usa",67,67,58,29,65,61,39,47,50,45,57,54,43,58,65,66,60,64,65,8,9,8,11,8
4000,28,180,79,"usa",67,67,62,68,65,62,71,67,67,62,59,67,75,75,74,61,75,20,18,12,8,15,16,12
2000,31,186,85,"usa",67,67,65,66,65,65,58,63,61,39,63,65,71,69,71,68,63,33,19,13,10,6,15,14
3000,25,170,61,"usa",67,71,62,62,52,72,59,70,62,56,70,70,66,59,80,66,80,62,59,15,12,7,7,12
5000,25,173,69,"usa",67,69,61,64,54,64,53,68,61,58,62,67,80,81,78,61,81,54,50,13,13,11,14,8
2000,27,191,88,"usa",67,67,18,12,12,25,19,18,12,16,35,20,41,41,39,61,42,14,19,66,65,66,66,70
3000,28,188,79,"usa",67,68,59,24,66,61,35,61,54,34,61,61,57,55,52,67,45,67,64,9,12,8,5,14
2000,24,193,75,"usa",67,74,47,41,61,67,38,61,42,56,62,64,70,70,56,64,59,61,57,7,5,15,8,14
500,25,183,77,"usa",67,71,64,48,51,59,59,62,55,42,57,66,88,75,76,60,78,64,62,8,9,11,8,12
4000,21,182,75,"usa",67,76,65,56,52,69,48,66,64,60,66,68,53,63,50,66,67,65,57,11,8,12,9,15
9000,23,185,72,"usa",67,75,58,42,62,62,40,65,41,36,52,63,77,75,67,64,58,67,65,9,9,12,14,9
2000,21,170,66,"usa",67,80,59,53,42,71,56,67,63,65,70,66,76,71,81,65,82,58,53,10,6,13,6,11
3000,22,191,82,"usa",67,74,41,70,67,51,52,63,51,28,35,64,66,78,68,64,46,23,18,8,7,13,12,10
4000,19,170,61,"usa",67,81,48,63,58,72,53,68,70,65,64,68,67,62,84,66,91,67,49,15,15,6,12,13
2000,24,175,75,"usa",67,71,61,56,66,65,47,65,57,40,59,62,80,86,85,58,69,65,60,8,10,14,8,12
2000,23,193,84,"usa",67,77,22,23,61,69,28,52,22,28,68,64,59,50,44,65,60,68,63,10,6,6,14,11
5000,20,174,64,"usa",67,81,60,61,40,69,53,72,64,60,65,70,78,72,84,57,77,51,46,15,14,11,11,5
1000,35,185,78,"usa",66,66,10,9,8,28,15,9,10,10,36,18,34,54,51,60,60,13,12,66,65,66,66,66
2000,34,188,93,"usa",66,66,8,14,9,22,9,17,15,12,38,20,44,42,47,63,54,12,12,65,65,64,67,65
3000,28,185,83,"usa",66,66,53,63,64,66,65,70,63,51,54,67,72,74,76,63,46,39,29,13,9,10,10,9
2000,33,175,75,"usa",66,66,66,60,59,68,59,64,65,54,59,63,61,65,64,64,68,66,65,15,6,14,9,12
2000,29,188,88,"usa",66,66,19,18,14,29,10,13,16,14,38,16,39,34,36,62,44,9,8,66,64,54,67,67
2000,32,196,84,"usa",66,66,13,8,12,34,13,13,14,13,38,15,47,46,52,60,55,12,10,68,65,60,68,65
2000,32,175,64,"usa",66,66,66,54,57,64,56,64,72,53,59,66,64,67,75,64,77,65,58,11,12,12,13,16
1000,35,186,85,"usa",66,66,16,19,20,34,11,19,13,18,36,23,32,32,30,60,39,11,15,68,63,63,64,68
2000,30,193,84,"usa",66,66,13,15,19,23,13,16,18,15,33,16,47,45,39,60,23,12,17,65,64,61,66,70
2000,30,183,77,"usa",66,66,48,24,73,67,27,39,28,24,65,59,34,47,61,61,58,64,62,14,10,11,8,15
2000,30,191,81,"usa",66,66,13,17,17,24,19,16,13,16,18,18,49,44,48,60,50,17,16,68,65,65,65,66
2000,30,193,86,"usa",66,66,13,12,18,27,19,12,18,12,32,20,42,44,30,62,41,13,17,66,65,62,68,64
2000,27,183,71,"usa",66,67,55,53,57,67,54,63,56,33,59,67,73,78,76,67,62,64,62,15,13,16,13,11
2000,29,188,79,"usa",66,66,64,39,64,64,42,64,61,49,65,66,64,69,62,62,63,65,62,15,12,8,15,8
2000,25,173,65,"usa",66,69,70,60,53,67,45,70,67,52,62,69,64,62,78,62,82,43,46,13,13,9,10,8
4000,24,173,70,"usa",66,72,64,58,38,68,42,70,57,38,64,65,75,68,88,61,77,45,42,13,13,7,9,11
2000,28,185,75,"usa",66,67,49,36,65,66,35,58,49,33,65,63,59,59,59,63,62,66,60,11,15,8,15,7
2000,24,170,68,"usa",66,71,58,67,52,67,52,74,58,41,57,68,77,77,80,53,81,36,33,5,12,8,8,14
2000,22,175,68,"usa",66,74,52,27,54,63,30,64,36,37,54,63,70,70,76,65,88,64,64,9,6,9,9,11
2000,26,183,79,"usa",66,66,59,24,54,59,21,60,56,18,57,54,76,80,68,60,58,64,62,14,12,12,11,7
4000,23,193,90,"usa",66,74,44,68,61,52,56,66,51,34,41,65,71,81,63,58,45,20,18,5,15,12,8,9
2000,21,173,68,"usa",66,73,52,63,55,67,53,68,63,56,62,67,73,72,75,58,76,47,47,8,12,13,11,12
2000,21,178,88,"usa",66,78,62,42,52,60,38,60,46,40,57,61,76,81,72,61,72,64,62,9,7,10,8,7
2000,24,180,70,"usa",66,73,60,31,57,58,33,64,48,43,53,60,70,66,65,62,59,70,68,14,8,12,13,5
1000,19,170,68,"usa",66,79,57,45,41,60,25,70,52,27,48,67,81,82,85,65,73,67,64,12,9,6,11,8
2000,24,188,82,"usa",66,71,11,7,15,46,8,15,12,13,36,25,21,24,23,59,45,13,14,67,63,68,66,66
3000,25,178,73,"usa",66,71,53,67,66,60,56,65,60,55,36,64,76,78,69,64,66,29,21,5,14,10,8,13
5000,22,178,68,"usa",66,77,52,34,48,62,34,60,48,37,55,62,73,70,75,62,73,69,66,9,11,11,8,8
9000,20,188,75,"usa",66,76,68,47,58,62,39,60,47,24,51,60,69,71,64,67,53,65,56,14,13,9,7,13
2000,24,183,72,"usa",66,72,58,41,57,63,35,61,53,26,57,59,79,77,46,54,57,69,67,14,8,11,13,12
2000,23,180,77,"usa",66,72,55,58,52,67,36,65,30,38,64,65,65,65,62,65,62,68,64,14,6,7,9,7
6000,18,180,70,"usa",66,86,56,58,33,70,61,67,61,52,65,64,78,73,79,61,75,44,38,14,5,11,9,11
2000,34,170,75,"usa",65,65,62,52,51,63,53,63,65,60,56,63,73,71,73,62,72,62,62,14,8,6,13,10
1000,36,188,91,"usa",65,65,17,10,11,26,10,12,20,13,25,16,59,49,39,63,21,12,12,66,63,64,64,65
2000,35,180,73,"usa",65,65,66,57,49,65,55,68,67,55,59,64,72,70,70,58,73,60,58,9,13,8,8,9
2000,31,188,78,"usa",65,65,53,66,61,63,60,67,66,58,55,66,71,74,69,62,55,42,32,16,6,16,7,10
2000,33,178,80,"usa",65,65,55,56,59,63,58,63,69,47,63,67,51,64,69,62,70,53,50,11,10,14,10,6
2000,29,183,73,"usa",65,65,46,52,67,66,50,57,54,51,62,59,62,37,61,60,67,65,63,16,8,11,14,15
2000,29,173,68,"usa",65,65,67,58,52,68,50,67,69,66,65,65,58,59,68,65,76,61,56,9,16,15,11,13
2000,27,188,86,"usa",65,67,46,48,57,64,42,60,59,43,60,62,53,65,55,70,44,65,59,16,6,6,10,15
2000,28,185,87,"usa",65,65,55,23,69,62,26,49,44,23,64,56,46,54,50,62,47,66,63,9,13,6,14,15
2000,30,175,77,"usa",65,65,62,63,42,72,44,67,76,64,63,66,51,48,73,65,67,56,53,15,6,13,11,15
2000,25,173,71,"usa",65,66,55,52,52,69,55,73,58,45,54,75,69,64,77,62,75,61,53,15,14,6,7,13
2000,29,178,72,"usa",65,65,63,34,55,66,45,58,57,33,56,60,74,76,67,59,73,64,62,9,11,8,8,8
2000,29,175,78,"usa",65,65,36,33,57,66,33,61,36,32,56,65,68,65,59,61,57,65,63,16,12,13,9,7
3000,28,191,82,"usa",65,65,54,59,64,64,45,67,33,29,46,65,72,74,65,58,55,40,35,12,16,9,6,15
2000,28,178,68,"usa",65,65,55,32,53,59,31,63,54,40,52,64,79,74,74,62,73,62,64,14,14,16,8,6
800,26,180,76,"usa",65,66,57,53,51,66,42,64,41,33,64,64,76,77,75,64,73,60,54,6,14,10,7,9
4000,26,185,77,"usa",65,67,44,52,63,58,47,51,48,35,56,58,61,58,65,62,64,62,60,6,12,14,13,6
2000,29,185,88,"usa",65,66,15,18,13,25,14,15,24,16,28,19,57,32,36,61,47,19,14,64,62,69,62,66
2000,25,188,84,"usa",65,72,25,29,60,50,26,39,18,23,27,43,55,69,60,62,57,65,61,14,14,15,14,10
2000,26,180,73,"usa",65,67,53,61,53,67,54,64,69,58,66,66,67,60,65,62,71,59,56,7,11,13,6,9
2000,25,178,77,"usa",65,69,44,67,65,53,53,64,54,42,45,65,75,75,76,64,71,47,43,10,11,10,9,5
2000,25,188,84,"usa",65,68,40,68,75,53,49,55,44,39,49,57,77,75,76,61,66,37,36,9,12,13,11,8
1000,21,189,82,"usa",65,77,38,25,64,66,25,45,36,29,57,55,77,82,59,58,41,68,62,11,13,13,10,14
1000,20,178,82,"usa",65,80,42,36,50,71,40,54,50,38,64,59,67,62,61,62,71,62,57,15,12,11,9,8
2000,20,165,66,"usa",65,74,45,49,38,67,46,66,57,44,67,64,73,71,74,64,77,74,67,13,7,15,14,11
1000,18,185,77,"usa",65,80,25,70,60,65,62,59,44,54,40,63,64,61,62,68,56,30,24,11,14,9,10,10
2000,20,181,75,"usa",65,76,52,52,50,69,41,68,57,41,64,67,78,84,72,66,70,69,65,7,7,13,7,7
1000,22,173,68,"usa",65,76,54,58,35,67,38,71,42,45,58,68,67,66,78,53,77,41,40,8,12,9,13,13
2000,23,185,78,"usa",65,74,25,34,64,66,28,55,20,21,64,60,54,53,45,55,55,68,62,13,9,6,9,13
1000,37,180,80,"usa",64,64,60,55,54,65,40,57,65,39,55,59,46,51,62,64,64,65,65,11,12,13,9,15
2000,34,193,107,"usa",64,64,15,14,13,35,12,11,16,14,33,9,42,43,28,56,21,10,10,63,61,65,69,61
2000,32,191,98,"usa",64,64,16,10,11,17,13,10,15,19,25,16,38,33,35,62,41,11,6,66,62,63,62,64
2000,28,193,91,"usa",64,66,11,13,11,15,11,11,12,16,17,23,34,37,40,58,38,13,15,67,62,61,61,66
2000,30,178,77,"usa",64,64,63,56,55,65,55,64,69,59,62,64,71,63,69,60,66,58,56,8,12,7,8,14
2000,31,191,91,"usa",64,64,18,17,22,33,15,13,13,17,38,38,48,43,39,57,43,11,14,62,65,65,65,65
2000,30,175,82,"usa",64,64,52,65,66,54,64,63,72,62,31,60,60,69,71,62,71,34,14,11,12,13,9,11
2000,30,173,68,"usa",64,64,50,52,43,65,43,59,50,40,63,62,32,31,58,62,77,64,61,13,15,14,15,12
2000,26,175,64,"usa",64,64,51,57,48,61,57,66,63,64,52,61,91,89,84,59,75,36,29,9,11,14,10,9
2000,32,191,88,"usa",64,64,16,18,19,34,20,16,20,14,30,24,48,44,54,60,34,16,18,65,63,64,63,63
2000,28,183,79,"usa",64,64,57,31,54,60,30,57,33,39,52,59,70,75,66,60,55,60,60,9,16,7,14,7
3000,24,184,78,"usa",64,73,49,41,72,64,41,59,59,57,60,62,63,57,64,59,54,63,59,10,14,10,6,7
2000,26,175,63,"usa",64,64,55,60,38,57,65,66,66,60,53,63,83,79,86,58,79,24,35,13,10,12,9,10
2000,29,193,84,"usa",64,64,55,21,64,60,22,63,33,30,52,59,66,79,56,57,48,62,60,9,8,10,12,11
2000,28,191,82,"usa",64,65,17,17,17,27,18,12,15,13,16,14,35,34,38,55,42,13,15,65,64,59,62,67
2000,29,188,85,"usa",64,65,30,22,63,65,20,46,29,28,55,44,69,70,31,64,42,65,66,12,6,6,15,11
2000,27,175,75,"usa",64,64,52,26,66,63,29,54,29,38,37,58,68,70,63,61,67,67,62,14,13,13,13,11
2000,26,196,92,"usa",64,67,34,53,63,56,48,45,46,34,50,55,37,39,43,61,30,65,58,7,9,14,5,11
2000,26,170,68,"usa",64,68,52,39,47,70,41,65,50,44,69,66,69,69,79,60,81,59,58,10,6,6,14,13
2000,30,188,86,"usa",64,64,32,31,63,67,34,36,32,31,66,31,51,47,33,59,45,63,56,9,11,11,11,14
3000,22,175,71,"usa",64,71,55,59,39,56,40,66,50,35,50,64,91,88,91,55,87,25,25,8,12,7,12,15
1000,21,180,73,"usa",64,72,63,34,50,63,34,65,47,36,58,61,73,74,69,52,67,64,61,6,9,11,6,12
2000,25,191,84,"usa",64,69,23,22,64,58,28,55,28,33,55,56,60,66,52,61,56,65,62,9,8,12,12,11
500,17,182,75,"usa",64,80,50,63,50,60,54,64,58,31,60,62,83,85,76,60,73,36,27,9,13,12,7,13
2000,23,178,75,"usa",64,72,29,64,65,48,54,61,31,21,25,61,91,89,80,59,70,16,16,10,7,7,12,13
2000,29,180,82,"usa",64,64,48,22,53,60,28,58,34,29,50,57,62,60,65,62,60,67,65,6,15,8,7,13
2000,24,194,82,"usa",64,69,24,28,68,59,25,43,25,26,30,57,57,65,57,55,31,64,61,12,14,15,7,12
1000,22,193,83,"usa",64,74,11,6,10,27,6,7,13,10,19,16,27,31,32,42,50,11,14,67,64,59,64,67
2000,31,191,86,"usa",63,63,57,53,65,63,59,63,70,59,61,62,65,67,68,62,49,56,56,16,7,13,12,9
2000,27,178,81,"usa",63,64,44,44,54,63,37,59,45,38,62,63,35,35,66,58,64,61,59,11,7,13,12,10
2000,24,180,70,"usa",63,69,51,49,49,73,55,64,65,54,71,70,60,43,65,60,70,48,49,10,14,12,13,10
2000,27,178,77,"usa",63,63,51,22,54,55,20,20,28,23,29,52,72,73,48,66,65,67,58,10,11,12,12,14
1000,27,191,88,"usa",63,65,14,15,12,22,17,15,14,13,25,18,27,31,25,46,29,12,13,63,63,58,62,69
2000,21,185,72,"usa",63,74,55,45,49,68,46,63,55,41,66,66,66,70,64,63,65,58,51,5,13,11,12,5
2000,20,178,72,"usa",63,80,63,59,54,62,38,68,41,47,57,67,65,67,64,60,66,59,53,13,8,6,6,10
2000,22,175,70,"usa",63,70,52,55,49,65,44,64,52,48,59,64,76,74,76,52,75,48,46,14,15,12,7,10
500,18,170,61,"usa",63,78,63,45,49,65,45,57,48,44,60,58,76,75,75,57,80,57,53,12,10,6,8,14
1000,20,183,73,"usa",63,77,31,72,54,62,44,55,40,30,37,64,76,77,58,55,62,13,19,14,7,10,9,9
2000,22,188,77,"usa",63,71,36,64,58,59,60,65,36,32,35,63,72,78,63,63,65,32,29,10,7,12,6,14
1000,24,185,79,"usa",63,67,36,21,60,58,24,49,27,21,45,58,57,65,57,59,51,65,60,7,8,11,11,10
2000,23,175,68,"usa",63,69,66,54,43,62,48,66,61,48,60,60,74,69,67,54,71,56,48,7,11,9,7,14
1000,24,193,84,"usa",63,67,26,32,57,57,22,48,21,27,63,53,62,56,50,60,54,63,59,13,10,9,5,12
2000,19,188,86,"usa",63,78,53,46,45,66,41,64,50,42,70,67,64,69,65,60,69,52,49,9,6,10,10,6
500,17,185,75,"usa",63,81,54,27,59,60,27,54,25,24,47,56,73,68,70,58,65,63,60,7,12,7,13,13
500,19,183,78,"usa",63,78,38,65,56,57,59,70,54,42,44,62,84,76,80,54,75,35,37,11,5,8,8,6
1000,28,185,78,"usa",62,63,15,12,19,33,12,14,16,9,37,18,58,56,38,53,29,12,12,63,55,62,64,66
2000,31,193,86,"usa",62,62,54,63,57,60,47,58,50,31,39,64,60,64,48,58,42,32,42,13,16,14,14,16
2000,30,178,83,"usa",62,62,47,59,55,54,72,57,69,42,45,59,83,83,72,53,72,28,24,12,8,15,13,13
2000,29,185,80,"usa",62,62,34,61,67,48,42,61,57,59,27,64,49,58,51,64,54,25,12,10,6,9,15,9
2000,22,188,79,"usa",62,68,41,60,64,57,50,54,34,41,38,59,63,68,64,59,56,11,14,15,12,9,5,15
1000,26,178,68,"usa",62,64,60,39,42,62,36,60,51,48,57,58,74,75,77,51,70,63,57,8,6,6,8,10
1000,27,188,84,"usa",62,65,22,9,15,44,16,12,19,15,41,27,55,56,33,58,27,12,25,63,59,60,60,65
1000,24,194,84,"usa",62,68,14,5,14,26,19,19,11,13,19,19,29,29,35,51,39,12,13,61,59,64,62,65
1000,23,181,74,"usa",62,68,57,62,34,56,54,65,46,39,49,61,90,84,70,50,68,28,24,15,9,12,14,10
1000,22,178,73,"usa",62,69,50,46,54,65,47,63,57,51,60,65,67,69,66,62,66,59,58,6,15,9,8,13
1000,25,193,88,"usa",62,64,28,22,61,55,29,33,27,25,53,43,44,41,37,54,33,62,59,7,14,6,7,8
1000,25,193,82,"usa",62,66,28,20,67,53,23,28,30,24,49,37,36,47,33,55,33,65,57,7,8,10,9,14
1000,18,184,80,"usa",62,81,60,26,48,58,20,65,58,28,55,57,79,79,77,64,75,57,54,12,7,10,10,10
1000,21,182,75,"usa",62,72,58,56,46,65,52,64,57,58,64,65,79,73,82,62,68,42,44,10,9,10,7,9
900,20,178,70,"usa",62,76,53,42,52,71,53,63,65,56,73,66,55,65,59,57,71,49,57,12,15,6,10,13
1000,23,170,61,"usa",62,70,44,57,39,69,39,60,61,52,62,65,66,71,71,64,76,59,54,10,5,8,6,8
1000,20,178,67,"usa",62,76,58,50,33,53,42,68,47,58,61,70,67,58,67,70,74,38,32,12,10,14,7,5
750,19,178,72,"usa",62,71,37,49,49,62,43,58,52,48,58,59,68,71,71,58,68,65,62,6,8,11,9,5
2000,22,187,83,"usa",62,70,15,7,15,28,6,11,12,11,21,12,18,26,26,56,25,12,15,62,59,59,62,66
750,20,188,86,"usa",62,75,13,9,10,27,9,8,14,14,22,15,27,21,30,53,41,13,12,63,60,59,62,62
8000,20,174,66,"usa",62,75,55,59,39,65,51,66,57,60,61,67,69,63,78,61,73,51,41,14,12,14,11,10
1000,24,193,93,"usa",62,69,52,45,66,65,20,50,44,31,63,51,57,60,52,56,51,62,60,6,12,13,11,12
2000,28,188,87,"usa",62,62,25,28,59,54,28,30,26,28,51,40,63,66,51,51,52,69,67,14,14,10,10,8
1000,23,185,79,"usa",62,68,25,24,58,51,25,42,29,24,40,49,68,73,41,55,56,64,63,10,14,7,8,13
1000,31,188,94,"usa",61,61,18,17,13,39,12,15,16,14,36,17,41,53,43,54,41,17,13,65,60,64,54,64
1000,33,188,86,"usa",61,61,15,14,11,25,10,20,20,18,36,22,36,34,51,57,52,14,16,60,60,59,62,60
1000,29,191,93,"usa",61,62,16,15,19,30,19,16,19,14,23,18,40,44,35,51,39,12,13,58,64,60,65,57
1000,30,183,80,"usa",61,61,28,25,58,55,25,26,28,30,35,44,36,39,59,59,59,59,57,13,9,12,8,15
1000,27,183,79,"usa",61,62,21,16,13,26,19,16,21,19,35,18,41,41,39,49,50,16,15,62,60,64,60,62
1000,21,175,68,"usa",61,69,53,45,46,63,40,65,58,49,59,62,69,68,71,58,71,43,42,5,7,12,14,9
3000,20,191,88,"usa",61,77,44,43,58,64,38,63,40,51,61,62,52,64,56,54,52,61,61,6,13,13,6,14
1000,25,196,93,"usa",61,66,15,9,12,25,9,12,15,15,27,20,27,28,31,59,28,14,12,59,61,70,60,59
1000,24,178,73,"usa",61,64,48,52,45,65,45,60,47,43,62,61,66,67,66,60,66,54,50,15,10,11,9,13
1000,26,187,81,"usa",61,64,11,5,12,27,6,12,14,14,29,11,22,28,32,56,39,12,12,60,61,60,62,59
2000,19,175,70,"usa",61,77,44,62,51,46,53,62,55,44,35,61,82,82,75,57,71,26,24,10,9,13,8,8
1000,24,183,79,"usa",61,68,57,25,44,54,28,59,32,32,52,53,52,63,56,57,58,65,63,8,14,12,12,6
1000,21,173,71,"usa",61,71,50,50,39,61,43,69,49,42,56,66,68,71,81,55,80,37,44,9,5,6,6,9
1000,28,168,61,"usa",61,61,54,47,44,67,41,61,49,48,64,60,64,52,70,62,84,59,58,8,12,13,6,14
650,18,178,73,"usa",61,76,55,62,35,57,38,70,35,39,34,68,72,72,63,42,70,24,22,14,14,8,14,7
8000,20,175,65,"usa",61,76,60,62,45,52,54,60,56,50,41,63,74,73,72,56,78,36,32,11,8,9,14,14
1000,25,193,86,"usa",61,68,22,38,57,67,22,67,24,18,62,65,62,64,45,46,35,67,58,11,12,6,13,15
500,17,186,81,"usa",61,76,30,25,57,63,26,33,31,26,39,51,68,67,54,54,53,62,67,7,13,10,12,8
1000,25,182,72,"usa",60,64,45,64,58,58,45,61,37,31,42,63,61,60,58,56,61,18,18,5,5,5,13,13
1000,22,184,73,"usa",60,69,55,60,54,60,35,57,43,40,43,59,78,77,70,58,46,51,55,12,12,6,7,13
1000,22,177,73,"usa",60,69,51,25,43,60,24,55,50,25,39,60,60,53,55,58,69,62,58,10,8,11,13,10
1000,25,183,77,"usa",60,63,51,59,40,62,46,64,47,35,42,62,63,64,64,58,60,26,24,9,12,9,10,14
900,20,183,79,"usa",60,74,53,36,40,57,39,60,47,31,48,56,74,67,71,59,67,56,59,9,9,13,12,13
500,29,182,80,"usa",60,60,52,42,52,57,38,52,35,33,56,57,66,71,62,53,55,57,55,8,10,9,11,13
1000,22,165,68,"usa",60,69,35,44,17,62,21,65,52,48,55,60,84,73,90,55,90,31,35,10,12,12,8,11
500,18,168,55,"usa",60,76,58,48,36,60,35,61,40,35,55,62,77,72,75,58,91,63,59,8,11,13,9,10
800,19,176,66,"usa",60,77,50,60,43,52,43,63,52,48,40,61,85,86,82,51,83,17,15,6,10,6,15,14
2000,23,178,64,"usa",60,65,65,60,46,64,52,59,47,41,51,66,68,69,55,42,74,28,26,10,7,10,8,6
500,17,180,68,"usa",60,74,58,59,43,64,54,65,57,39,62,59,73,73,73,51,72,54,51,11,12,6,14,13
3000,18,185,79,"usa",60,76,50,42,58,63,50,65,41,43,62,60,63,68,56,59,59,60,57,7,12,7,15,8
1000,23,183,75,"usa",59,67,42,60,59,53,54,56,38,32,33,60,53,55,63,58,53,18,12,15,10,13,10,15
1000,19,170,77,"usa",59,73,48,61,62,58,45,54,54,42,55,61,72,73,71,51,62,36,34,12,11,15,12,11
1000,22,181,79,"usa",59,66,49,36,49,57,29,54,32,25,43,54,66,67,63,55,67,60,53,14,15,13,5,6
900,20,175,70,"usa",59,71,39,35,47,67,48,60,50,52,64,62,68,68,73,55,65,51,50,10,8,12,9,8
1000,21,178,70,"usa",59,68,33,62,51,48,46,63,53,55,28,64,81,76,74,49,74,23,19,11,7,15,7,13
1000,28,182,79,"usa",59,59,41,43,49,67,29,60,34,38,61,62,54,57,54,52,66,63,52,7,15,14,9,14
900,20,180,79,"usa",59,72,56,29,53,56,29,52,25,30,54,54,76,77,58,51,58,55,52,11,9,6,8,14
500,17,180,73,"usa",59,74,53,43,48,65,41,61,43,39,63,63,71,69,68,52,72,55,54,5,7,12,13,5
1000,23,173,72,"usa",59,64,55,25,44,58,24,55,30,25,51,53,70,70,56,54,71,57,58,13,11,10,14,13
500,17,173,67,"usa",59,79,52,45,29,48,35,65,48,34,41,63,90,86,89,47,92,27,23,13,11,14,6,14
1000,22,175,75,"usa",59,66,48,57,51,49,53,64,51,43,39,60,75,79,77,53,70,26,22,13,14,8,6,7
1000,22,185,86,"usa",59,65,42,17,52,53,34,38,31,21,51,42,61,60,44,59,47,63,59,13,13,9,9,12
1000,29,188,77,"usa",58,58,10,7,13,24,7,11,15,12,18,12,27,26,29,52,35,12,13,60,54,56,57,59
1000,26,196,93,"usa",58,62,9,10,20,30,10,10,14,11,34,10,40,30,32,52,24,25,20,55,60,58,58,55
900,20,170,60,"usa",58,65,58,23,40,58,26,54,50,34,51,45,68,62,74,53,83,59,57,12,14,13,7,10
1000,20,170,66,"usa",58,73,46,54,39,65,49,62,48,41,59,62,64,64,70,56,83,50,41,6,8,12,8,10
800,19,183,75,"usa",58,72,57,51,37,59,49,59,57,51,50,58,77,74,66,39,69,27,28,9,14,10,7,8
2000,20,177,70,"usa",58,72,51,45,40,53,42,64,41,37,38,59,75,73,75,56,72,21,27,6,13,7,13,15
500,17,165,62,"usa",58,77,38,37,48,64,33,57,44,36,63,59,66,69,67,53,83,58,54,12,10,10,8,15
900,21,190,80,"usa",58,68,26,15,41,50,25,47,24,20,50,50,51,61,39,50,41,62,58,13,7,9,15,9
550,28,187,80,"usa",58,61,12,5,10,24,7,12,14,14,25,18,16,20,37,46,36,14,14,60,49,65,63,61
650,20,193,80,"usa",58,72,13,10,17,34,9,28,14,10,32,32,41,40,42,42,48,17,18,59,57,58,58,61
500,17,170,60,"usa",58,76,53,51,43,61,42,61,54,44,57,58,78,75,79,46,76,41,48,8,9,9,13,12
1000,21,188,82,"usa",58,70,45,59,31,48,50,63,66,45,43,59,65,63,63,69,63,28,24,9,10,9,8,10
800,19,173,66,"usa",58,73,37,42,46,65,38,57,59,55,60,60,62,59,68,56,70,50,48,14,5,11,8,13
1000,23,188,82,"usa",58,67,28,20,62,44,28,34,26,20,56,51,56,59,35,50,45,59,52,6,11,6,12,7
900,21,185,77,"usa",58,68,33,25,45,52,23,40,33,20,50,41,71,67,56,69,58,60,61,9,13,14,9,14
1000,24,175,68,"usa",58,66,32,25,50,60,26,52,42,34,55,54,56,57,63,52,76,58,54,6,14,8,15,11
850,23,188,91,"usa",57,67,13,15,14,28,15,13,12,14,20,14,35,31,29,53,34,10,10,59,52,58,53,59
1000,26,178,61,"usa",57,60,51,33,51,57,33,57,39,25,58,51,67,66,60,52,66,57,56,15,7,13,11,10
850,24,194,91,"usa",57,65,13,8,13,28,8,7,12,14,29,15,26,29,22,45,22,13,11,59,60,54,52,57
700,22,173,68,"usa",57,69,49,49,36,54,55,63,45,37,46,59,74,66,88,52,83,34,37,9,15,14,13,10
1000,20,181,68,"usa",57,74,39,43,45,62,46,59,49,41,59,58,67,70,72,53,69,44,42,8,7,13,8,10
850,24,187,88,"usa",57,62,13,8,14,24,5,7,14,13,19,19,27,15,23,52,34,13,13,54,60,59,53,56
1000,24,185,84,"usa",57,64,24,23,58,41,16,23,18,24,32,33,50,49,34,49,52,59,54,9,9,7,12,10
1000,22,180,75,"usa",57,68,33,60,62,53,35,51,42,25,46,56,62,63,64,50,64,10,15,6,14,11,14,12
1000,21,170,66,"usa",57,71,37,52,34,50,42,62,52,68,47,61,67,67,70,52,77,33,37,14,9,14,14,6
1000,23,178,79,"usa",57,63,47,57,41,62,40,52,42,41,58,49,80,76,71,54,64,40,44,6,8,7,14,11
650,19,185,79,"usa",57,71,35,30,52,58,28,42,35,28,46,51,57,63,52,54,43,58,53,9,13,10,7,12
1000,23,182,79,"usa",57,65,58,50,36,54,38,56,43,38,48,54,68,73,70,55,59,26,29,12,6,15,9,9
800,19,183,75,"usa",57,72,46,47,41,48,47,71,38,27,34,60,80,74,68,46,65,25,22,14,10,10,11,9
1000,21,180,75,"usa",57,68,30,61,56,44,45,53,38,28,33,57,67,72,63,54,65,15,15,11,13,14,10,14
1000,21,175,74,"usa",57,72,61,53,31,55,43,57,49,38,46,56,73,74,71,44,82,29,23,7,7,10,8,5
500,18,178,64,"usa",57,77,51,44,39,65,43,64,48,49,60,62,60,60,62,46,73,38,45,10,13,7,13,7
1000,22,193,84,"usa",57,63,28,21,58,44,24,28,27,21,36,31,56,53,39,48,31,63,56,11,7,6,6,10
1000,22,180,73,"usa",57,68,48,50,43,58,44,67,55,41,52,67,70,62,66,49,71,40,52,8,7,8,7,6
1000,23,180,77,"usa",57,62,54,31,39,55,28,60,49,31,42,56,64,61,60,52,62,57,55,13,15,13,11,8
900,21,180,78,"usa",57,66,46,27,41,48,23,52,29,28,34,42,66,63,52,57,64,54,58,11,6,12,10,13
500,19,188,76,"usa",57,71,29,19,61,44,22,29,31,32,42,37,57,58,56,50,55,63,58,11,10,6,14,6
7000,22,180,75,"usa",57,64,48,43,57,58,48,58,46,41,58,56,66,61,58,59,65,51,62,5,14,7,10,9
1000,26,188,93,"usa",56,61,12,13,20,21,11,14,20,11,22,21,33,40,38,50,40,12,13,55,56,57,55,58
1000,31,183,81,"usa",56,56,20,17,13,23,20,20,19,18,19,22,45,41,35,50,50,16,15,56,55,55,55,56
1000,28,185,81,"usa",56,58,20,12,16,31,17,16,20,18,38,15,35,38,52,56,40,18,19,56,51,60,54,58
500,18,178,64,"usa",56,72,35,55,45,65,35,47,40,38,55,58,60,55,71,59,71,60,52,6,14,6,11,6
900,20,191,91,"usa",56,72,25,16,53,43,29,35,26,28,44,43,52,55,36,47,34,55,53,7,12,7,5,12
1000,22,178,70,"usa",56,65,69,65,43,30,29,55,27,32,50,41,61,54,58,56,71,52,58,11,5,15,12,9
650,19,188,79,"usa",56,70,36,34,54,59,29,55,34,37,56,54,67,69,59,54,55,55,52,7,14,15,9,13
900,20,191,79,"usa",56,69,24,21,58,42,28,28,25,27,33,29,50,51,44,42,39,59,55,10,13,8,15,14
500,19,201,88,"usa",56,74,13,6,12,26,8,11,11,13,17,15,26,16,24,48,29,14,13,59,57,56,47,59
500,19,193,84,"usa",56,71,13,7,9,28,7,7,14,11,21,16,20,26,23,43,29,12,13,61,56,45,53,58
1000,21,185,79,"usa",56,65,38,55,57,47,49,54,34,29,32,53,65,67,61,49,64,23,11,15,13,13,6,6
1000,29,185,85,"usa",56,58,20,12,16,31,17,16,20,18,38,15,19,24,30,56,54,18,19,56,51,60,54,58
900,20,180,74,"usa",56,68,22,34,58,48,24,29,26,21,54,40,55,59,45,50,65,56,57,7,15,9,10,11
1000,22,180,75,"usa",56,64,51,60,47,55,28,36,20,22,32,50,57,60,62,49,47,60,50,7,7,13,8,5
1000,24,180,75,"usa",56,63,28,60,53,42,52,49,39,26,31,52,70,68,64,55,64,12,10,10,7,6,14,15
850,23,196,97,"usa",56,63,11,6,12,21,5,8,14,13,27,16,20,29,36,49,22,11,11,57,53,54,55,60
1000,22,183,72,"usa",55,62,49,48,58,57,46,58,53,44,46,55,73,72,66,49,66,47,44,7,8,9,11,10
500,18,173,66,"usa",55,76,49,58,26,51,47,56,44,33,44,56,65,59,72,50,63,21,20,6,10,8,11,11
1000,23,178,75,"usa",55,63,47,39,51,64,37,54,48,45,59,58,67,63,64,51,67,48,44,14,7,8,5,7
1000,22,180,73,"usa",55,63,57,44,34,52,42,60,38,32,55,57,65,63,51,41,66,25,23,15,14,10,6,7
500,17,185,72,"usa",55,72,39,31,51,57,36,54,33,33,51,55,66,64,57,49,59,55,54,6,6,9,10,13
500,17,185,73,"usa",55,70,10,8,13,19,7,8,14,10,24,13,17,24,29,44,23,11,12,58,58,45,52,53
850,21,177,72,"usa",55,65,36,28,48,62,31,51,38,39,57,55,61,57,60,52,70,53,51,9,8,15,8,8
1000,22,196,91,"usa",55,63,40,58,66,46,57,42,32,26,34,49,61,53,52,44,32,16,18,11,12,6,9,10
600,19,180,80,"usa",54,73,25,23,47,46,30,29,21,28,30,31,65,61,70,46,63,57,56,9,8,9,7,10
950,26,194,85,"usa",54,58,11,5,10,26,8,14,14,13,29,16,33,16,34,40,28,13,10,50,57,56,52,57
800,23,183,85,"usa",54,63,12,5,13,29,6,5,10,13,24,10,17,22,24,48,46,13,13,51,54,56,52,56
1000,21,178,73,"usa",54,66,53,51,38,51,39,54,48,39,46,51,61,69,68,49,64,21,20,9,6,10,7,14
800,23,191,93,"usa",54,63,13,5,13,27,6,14,10,13,24,14,15,20,23,51,23,13,11,56,48,60,50,57
800,22,183,75,"usa",54,64,11,8,11,15,5,8,14,12,26,11,33,15,22,46,43,11,10,57,51,53,49,59
550,18,167,59,"usa",54,74,38,55,41,49,44,58,40,31,40,57,80,74,81,49,88,12,11,12,15,8,13,5
500,18,175,75,"usa",54,74,13,9,11,26,6,7,11,10,26,12,28,21,30,33,46,11,9,56,52,51,54,59
500,18,175,64,"usa",54,68,53,43,33,49,38,62,51,35,42,56,71,71,73,36,70,31,22,13,11,11,6,14
950,21,173,64,"usa",54,69,47,51,35,50,39,55,48,36,42,52,69,70,69,48,63,27,25,13,10,10,9,14
550,18,174,70,"usa",54,73,38,50,40,53,38,55,34,32,49,55,71,73,65,52,75,19,17,14,7,12,10,6
500,18,185,77,"usa",54,68,12,8,11,21,8,14,14,13,15,18,32,16,23,48,41,13,10,59,53,56,46,58
850,19,175,70,"usa",54,74,50,48,59,54,43,58,46,35,33,59,69,70,62,40,74,24,26,6,11,6,12,14
1000,22,175,68,"usa",54,62,45,57,41,53,46,58,51,39,41,52,71,70,70,48,75,22,24,7,11,14,5,11
500,18,183,72,"usa",54,70,41,29,41,52,22,46,32,34,38,48,66,67,58,49,61,51,50,9,12,9,6,5
500,17,188,73,"usa",54,76,51,54,48,51,52,58,53,45,42,55,55,60,56,44,51,20,15,11,10,11,10,8
500,18,175,64,"usa",53,73,43,32,42,48,26,55,42,32,43,44,61,57,66,56,66,55,49,7,6,12,7,11
950,20,168,59,"usa",53,68,34,48,48,60,34,55,44,38,52,51,80,78,63,56,76,47,44,8,15,14,10,11
750,19,188,78,"usa",53,69,44,38,47,62,28,58,46,34,57,57,56,58,56,52,50,50,48,7,13,14,7,9
950,21,178,68,"usa",53,61,45,39,40,61,40,58,47,44,60,57,58,57,62,45,76,52,46,14,15,11,7,12
500,18,188,81,"usa",53,73,27,18,48,49,22,27,26,20,48,37,61,62,51,41,65,53,52,13,10,6,15,13
500,18,178,64,"usa",53,70,50,24,36,43,25,51,38,26,32,46,79,76,61,48,69,48,49,8,11,9,11,13
500,17,183,82,"usa",53,75,25,16,52,40,20,27,28,22,33,31,54,58,39,42,49,55,53,13,8,15,14,13
1000,25,180,75,"usa",53,57,51,37,54,61,36,50,42,40,60,53,61,65,55,51,67,57,52,13,12,12,12,8
800,23,180,77,"usa",53,59,14,7,12,27,6,10,14,12,21,9,22,15,21,42,47,13,10,54,53,54,53,51
500,18,178,73,"usa",53,68,47,21,43,48,27,51,38,28,41,50,66,62,52,46,68,51,50,6,7,11,9,8
500,17,193,89,"usa",52,74,14,7,11,25,8,13,10,14,23,15,44,37,39,45,35,10,12,52,51,53,51,51
550,18,170,64,"usa",52,73,30,55,41,49,41,57,45,31,41,54,80,79,73,48,86,15,17,9,9,8,10,10
500,17,178,64,"usa",52,71,46,51,41,41,52,53,50,41,35,57,65,64,64,41,68,21,19,13,15,13,10,11
850,19,187,79,"usa",52,63,36,54,56,41,36,45,41,34,37,46,56,61,63,53,51,12,12,5,15,6,10,15
500,18,170,64,"usa",52,73,46,28,42,32,22,44,33,29,30,40,71,75,63,54,61,46,46,14,10,13,13,15
500,18,178,66,"usa",52,72,45,59,37,50,38,56,45,40,48,53,61,66,56,56,74,28,41,9,12,14,9,13
850,20,191,80,"usa",52,65,28,20,52,38,26,22,21,28,33,35,58,57,49,40,41,54,50,11,8,9,13,13
600,18,190,80,"usa",52,70,39,32,45,55,28,45,34,39,47,52,63,64,50,51,48,52,48,13,14,7,6,5
550,18,180,70,"usa",51,71,31,53,50,40,34,53,40,32,36,49,71,70,69,40,71,14,15,5,12,14,14,6
500,18,180,74,"usa",51,71,24,15,43,33,24,24,22,25,20,52,52,54,46,40,64,56,49,5,12,6,14,10
500,17,191,77,"usa",51,77,10,7,14,18,7,9,14,12,21,10,31,26,39,39,27,11,11,58,50,52,49,49
850,21,183,77,"usa",51,61,21,15,42,28,20,23,25,21,29,25,63,52,38,40,58,59,56,11,6,14,5,14
850,19,175,68,"usa",51,68,41,58,35,44,56,45,40,30,34,49,66,67,52,47,76,26,20,6,12,8,14,6
500,18,173,64,"usa",50,73,38,40,37,58,38,49,47,44,59,53,58,61,69,48,82,41,48,7,14,14,7,11
650,19,175,73,"usa",50,61,43,42,42,59,35,48,49,39,56,50,60,59,63,53,72,40,48,11,8,12,8,10
500,17,168,68,"usa",50,70,31,26,47,51,25,49,39,30,48,52,57,55,53,48,85,51,49,9,11,8,11,14
650,19,184,75,"usa",49,66,36,36,45,53,27,53,37,31,49,51,50,45,56,50,61,56,55,13,12,9,7,11
500,17,165,63,"usa",49,74,33,52,48,48,33,42,32,39,48,49,69,69,78,45,90,33,37,7,11,14,6,13
500,18,178,72,"usa",49,67,46,47,37,40,38,51,41,30,30,51,67,69,55,35,69,27,27,11,12,12,7,11
650,19,178,68,"usa",49,66,48,43,34,50,41,56,41,36,49,57,67,65,71,47,72,38,31,14,11,13,6,7
500,17,195,95,"usa",48,73,14,9,12,29,9,8,13,13,29,14,18,22,29,35,21,10,12,51,45,59,42,53
500,17,185,66,"usa",48,69,26,17,43,42,29,30,29,24,28,32,59,54,43,49,63,51,51,8,6,7,12,11
86000,35,193,93,"germany",90,90,15,13,25,60,11,30,14,11,68,46,54,60,51,87,35,10,11,88,88,91,89,88
250000,29,187,85,"germany",90,92,18,14,11,61,14,21,18,12,63,30,38,50,39,86,43,13,10,88,85,88,88,90
160000,26,177,75,"germany",89,90,91,68,72,87,69,83,85,61,90,85,77,65,84,88,84,85,79,8,15,7,15,15
310000,31,183,76,"germany",88,88,88,77,58,93,82,80,86,84,93,88,55,52,63,90,71,73,60,10,11,13,7,10
140000,31,185,76,"germany",87,87,85,88,81,85,84,77,81,59,79,84,66,67,73,94,71,57,46,6,7,11,14,14
140000,26,189,82,"germany",87,88,75,82,86,86,69,84,76,75,84,87,78,83,76,88,71,85,77,13,8,15,11,9
95000,32,191,96,"germany",86,86,65,57,88,82,61,69,66,53,86,79,47,64,61,88,62,90,86,15,6,10,5,6
185000,30,180,80,"germany",85,85,78,80,50,88,75,86,86,80,85,89,66,65,77,86,77,75,67,11,14,5,5,13
95000,32,180,71,"germany",85,85,85,84,44,85,85,85,88,85,79,86,76,71,83,86,82,38,54,12,12,13,13,11
110000,25,176,77,"germany",85,86,74,86,42,82,83,88,74,62,78,83,90,77,87,86,88,44,43,14,10,10,9,7
45000,27,191,86,"germany",84,85,68,55,84,79,53,61,44,42,78,75,54,69,55,86,49,89,79,12,10,6,8,10
155000,25,180,76,"germany",84,87,69,81,76,79,84,82,70,58,55,84,93,89,82,87,76,20,19,9,9,8,15,9
105000,25,183,80,"germany",84,87,83,81,72,81,85,87,83,82,64,84,91,89,84,79,79,32,35,8,12,9,9,14
130000,22,188,82,"germany",84,92,72,81,78,84,80,86,84,53,78,85,77,86,78,83,75,46,38,6,8,11,10,12
81000,32,190,94,"germany",83,83,69,34,83,77,52,64,53,31,83,71,63,80,55,85,52,84,84,7,12,15,6,5
87000,29,190,83,"germany",83,84,9,9,13,50,10,16,9,8,48,35,55,56,52,78,44,15,18,85,80,76,83,85
83000,28,179,85,"germany",83,83,78,86,76,81,85,80,79,80,74,80,76,70,75,85,83,50,33,8,7,9,7,12
130000,28,190,85,"germany",83,84,68,32,81,76,34,60,35,56,73,69,64,84,56,82,50,86,82,14,15,10,12,8
65000,26,183,76,"germany",83,83,82,79,82,80,71,80,69,58,77,82,79,84,71,86,66,78,79,7,16,15,16,10
41000,32,181,80,"germany",82,82,74,84,65,85,85,82,77,75,79,84,63,59,70,84,79,62,55,7,10,13,11,12
31000,30,189,88,"germany",82,82,13,13,11,25,12,10,14,12,12,24,45,52,42,82,37,14,10,82,78,79,82,84
29000,29,177,71,"germany",82,82,82,75,47,85,85,84,81,72,82,88,69,67,76,82,83,42,53,14,7,12,6,10
37000,31,187,82,"germany",82,82,14,11,16,30,11,19,12,11,25,17,47,51,45,82,43,18,14,81,80,79,79,82
72000,27,186,86,"germany",82,83,69,76,82,83,71,82,77,64,83,79,67,87,72,81,75,87,86,14,8,8,13,11
78000,25,195,99,"germany",82,87,34,22,84,78,33,43,28,30,69,62,48,79,33,79,32,86,82,15,7,14,7,15
36000,24,185,74,"germany",82,87,68,70,51,85,63,83,77,41,88,84,72,57,80,82,78,67,64,6,11,10,11,15
45000,33,180,76,"germany",81,81,79,80,63,83,80,82,82,69,80,84,65,64,73,84,77,36,29,12,7,5,13,9
66000,27,184,74,"germany",81,82,69,77,58,82,84,78,83,81,83,82,65,65,68,83,67,79,74,11,9,11,10,10
64000,25,185,83,"germany",81,85,79,73,54,82,79,84,77,65,79,85,77,69,84,79,83,47,49,11,16,11,8,9
83000,27,187,77,"germany",80,81,79,74,64,81,77,83,77,76,77,84,76,73,80,78,74,64,44,11,13,5,13,8
66000,29,172,71,"germany",80,80,70,31,57,80,48,72,65,62,78,82,64,52,82,78,88,77,75,14,10,14,12,9
22000,27,177,77,"germany",80,81,90,65,60,78,45,73,80,75,76,77,80,83,76,79,74,75,75,15,12,11,8,11
67000,25,187,88,"germany",80,84,72,59,78,74,41,71,45,22,63,73,81,89,63,81,60,81,86,8,12,10,7,7
59000,23,176,75,"germany",80,85,79,74,49,74,63,83,64,45,69,78,83,85,82,78,87,70,75,12,8,7,10,9
55000,32,180,71,"germany",79,79,81,67,51,88,77,79,84,75,81,82,66,59,74,77,70,16,19,6,14,10,6,14
60000,31,184,81,"germany",79,79,78,74,48,71,73,82,72,58,59,82,85,85,82,77,78,30,33,10,12,7,11,10
31000,30,191,76,"germany",79,79,61,48,61,78,58,72,54,51,73,77,52,38,64,82,54,77,72,8,13,9,6,8
32000,28,184,83,"germany",79,79,84,49,66,69,39,72,75,68,64,69,77,88,64,77,64,76,74,9,15,9,8,14
35000,28,176,73,"germany",79,79,80,75,40,81,64,78,77,71,81,79,75,75,77,83,77,49,52,6,6,10,10,10
55000,27,183,73,"germany",79,79,76,75,46,78,59,82,85,80,80,85,62,54,77,80,78,63,66,14,15,11,14,14
56000,25,178,68,"germany",79,82,67,62,44,82,66,84,78,53,79,82,78,63,87,79,87,64,59,14,7,9,12,11
16000,25,186,80,"germany",79,82,59,65,65,84,57,76,63,46,82,79,67,52,76,82,65,82,80,6,14,16,11,7
22000,28,185,88,"germany",78,80,18,15,20,40,13,20,16,12,55,38,51,53,42,78,54,12,15,73,72,86,74,85
59000,27,168,70,"germany",78,78,63,69,28,80,64,87,79,59,72,85,78,70,90,74,94,43,25,15,11,9,15,15
28000,31,185,75,"germany",78,78,78,55,67,76,51,74,65,65,75,77,67,53,68,80,68,78,77,9,10,10,12,14
64000,29,188,87,"germany",78,78,80,59,80,77,60,71,77,75,62,75,64,62,61,77,59,78,73,9,15,14,10,16
43000,25,195,98,"germany",78,82,35,20,79,70,24,52,30,27,63,64,63,71,48,75,38,82,76,11,8,7,9,14
29000,25,192,81,"germany",78,80,43,39,79,67,35,43,39,26,68,61,54,73,54,76,52,85,79,10,13,13,15,14
18000,18,176,70,"germany",78,89,71,70,39,80,63,85,75,54,73,83,76,68,85,68,81,54,52,14,14,13,6,10
26000,30,179,71,"germany",77,77,67,61,64,76,55,72,56,52,74,75,69,52,69,76,74,77,75,9,8,14,7,11
48000,28,181,83,"germany",77,77,77,48,60,73,49,73,59,42,73,73,82,90,71,75,73,73,74,13,9,15,7,14
34000,29,190,84,"germany",77,79,9,12,12,26,11,15,13,16,23,23,36,39,40,79,42,17,9,76,75,66,76,80
55000,27,184,81,"germany",77,78,69,72,57,79,57,76,69,55,76,78,66,63,68,78,68,70,74,13,13,7,11,6
59000,27,183,79,"germany",77,78,68,78,50,76,78,80,68,65,62,80,80,76,79,77,76,48,34,8,12,10,10,9
57000,25,181,74,"germany",77,82,63,79,59,75,72,76,73,63,65,75,77,71,78,74,77,19,18,14,10,7,9,16
41000,24,180,77,"germany",77,81,79,69,37,77,66,85,80,71,78,82,76,61,82,75,78,44,34,12,12,14,12,10
21000,23,193,89,"germany",77,82,35,33,79,71,18,49,34,31,59,69,66,68,67,79,63,82,80,6,10,10,9,14
18000,23,190,88,"germany",77,82,12,11,11,32,10,18,13,12,28,24,43,43,42,75,41,11,12,76,74,72,73,81
56000,24,191,83,"germany",77,84,40,27,78,74,29,59,31,28,71,70,54,75,64,75,59,79,76,9,6,15,8,6
32000,31,180,74,"germany",76,76,71,59,54,80,64,74,81,77,78,80,65,66,74,77,74,72,69,13,8,13,12,10
51000,30,181,78,"germany",76,76,82,72,53,80,65,76,83,77,79,77,55,45,66,77,73,60,59,8,15,15,16,11
31000,29,194,87,"germany",76,76,63,50,75,80,51,67,50,62,85,73,64,76,54,76,46,77,76,6,13,8,7,14
22000,34,195,85,"germany",76,76,14,12,15,24,12,12,15,12,19,14,35,43,39,73,34,14,12,77,70,61,78,77
21000,28,192,90,"germany",76,78,19,13,14,30,14,20,12,15,29,22,45,51,50,79,31,13,12,77,77,60,70,78
25000,27,187,85,"germany",76,76,71,51,71,64,54,70,66,49,64,71,76,70,65,73,66,79,75,15,15,12,6,6
28000,29,190,77,"germany",76,76,30,38,80,69,28,42,33,39,69,54,46,34,52,79,49,77,79,14,10,16,10,9
16000,28,189,83,"germany",76,76,63,80,80,67,71,70,69,69,48,74,61,64,59,75,52,30,17,15,9,10,13,9
12000,27,192,92,"germany",76,79,11,10,12,29,9,14,11,13,27,24,25,38,34,70,38,13,11,74,73,70,77,78
25000,26,186,87,"germany",76,78,43,31,78,64,30,59,36,39,69,65,67,84,64,68,60,77,74,14,14,11,7,11
44000,26,187,83,"germany",76,78,71,69,70,80,66,71,77,79,77,75,64,55,59,75,59,76,73,7,9,10,13,15
37000,26,190,88,"germany",76,79,52,48,80,74,48,70,43,35,65,70,75,78,65,73,62,77,76,7,15,10,15,13
49000,24,186,76,"germany",76,81,64,37,76,73,32,65,54,38,66,67,68,68,68,69,64,78,79,9,9,14,10,12
46000,24,183,79,"germany",76,79,74,50,63,74,53,76,73,49,66,75,74,74,75,74,69,74,74,8,9,13,12,14
35000,24,184,75,"germany",76,81,62,68,70,75,55,80,78,52,73,79,69,69,69,77,68,75,73,15,8,5,13,10
28000,32,188,82,"germany",75,75,58,81,79,64,83,62,57,45,49,70,53,53,55,82,57,29,21,11,7,15,13,7
14000,33,192,83,"germany",75,75,50,81,81,64,77,64,38,44,40,72,52,55,52,76,58,42,19,8,9,15,16,8
41000,32,192,87,"germany",75,75,14,12,8,35,13,13,12,15,30,22,41,40,36,75,39,18,14,76,69,62,75,79
28000,31,193,86,"germany",75,75,47,20,80,62,45,58,40,42,59,59,42,34,43,74,46,78,77,16,8,7,8,16
27000,29,185,72,"germany",75,75,69,75,67,72,74,76,80,76,70,77,76,71,74,77,68,39,36,9,11,8,9,11
13000,27,170,62,"germany",75,75,68,67,46,74,69,82,77,70,72,79,84,66,91,75,89,61,58,15,11,6,14,16
61000,28,189,87,"germany",75,78,14,18,14,38,14,16,12,14,41,23,55,54,51,72,43,11,13,80,68,75,72,79
23000,26,184,79,"germany",75,77,32,23,69,71,28,56,21,26,72,67,65,65,65,71,69,77,77,13,10,10,9,10
25000,30,185,80,"germany",75,75,79,76,75,64,73,71,54,52,63,73,70,73,61,77,61,56,59,14,14,13,15,11
25000,30,187,86,"germany",75,75,54,76,69,72,78,73,62,44,56,74,74,71,67,77,66,35,28,15,7,6,16,16
23000,27,183,80,"germany",75,76,42,58,69,73,45,69,51,46,66,73,74,80,66,71,69,74,74,6,11,9,10,7
34000,24,193,88,"germany",75,80,15,18,13,29,13,18,20,20,18,20,49,46,34,70,58,14,13,75,65,71,76,85
44000,26,188,81,"germany",75,76,72,71,69,74,64,77,69,70,58,75,77,89,68,74,65,67,67,12,15,7,16,8
22000,24,181,75,"germany",75,81,70,61,65,75,50,77,64,48,73,79,67,60,73,77,69,70,69,15,10,13,15,8
20000,24,189,84,"germany",75,78,42,42,74,70,38,63,37,39,67,67,55,75,62,67,57,78,74,11,12,12,13,13
18000,23,178,76,"germany",75,80,63,66,61,78,58,74,53,63,73,76,74,63,80,72,84,73,71,12,9,5,9,5
40000,23,186,79,"germany",75,80,67,77,70,74,68,74,72,68,65,76,73,80,69,70,66,24,22,10,5,10,7,6
18000,23,191,84,"germany",75,79,37,27,74,69,26,48,30,35,58,61,60,74,48,75,49,80,76,12,12,10,9,11
19000,18,180,68,"germany",75,88,65,75,42,72,59,86,60,38,65,84,80,73,87,68,90,28,29,6,9,8,8,11
9000,32,197,98,"germany",74,74,14,11,15,25,11,15,18,11,26,24,38,47,39,75,36,12,10,76,72,42,73,79
24000,34,176,69,"germany",74,74,72,73,43,73,66,78,76,54,70,77,79,76,84,69,80,33,34,9,8,14,12,8
34000,29,181,78,"germany",74,74,82,43,58,74,54,71,85,85,66,74,68,71,67,72,73,75,74,15,6,15,13,16
24000,30,179,71,"germany",74,74,76,71,54,75,70,75,74,67,66,75,75,66,76,73,74,26,54,14,13,8,8,7
21000,29,192,88,"germany",74,74,43,31,79,61,32,49,33,40,60,50,33,45,34,72,34,76,71,7,16,8,13,14
16000,32,186,83,"germany",74,74,17,12,15,59,13,30,15,14,65,47,57,45,49,71,64,14,19,73,71,72,72,76
8000,30,198,103,"germany",74,74,10,13,10,26,15,16,13,11,24,19,28,37,19,69,20,17,15,74,74,70,74,75
43000,29,190,80,"germany",74,74,48,77,74,70,73,74,57,62,44,76,61,65,66,75,60,31,19,8,6,10,13,14
22000,27,190,89,"germany",74,76,47,23,73,69,26,58,55,32,65,63,52,64,43,74,48,76,76,14,15,7,9,15
20000,31,188,87,"germany",74,74,51,30,69,72,35,57,44,45,74,62,34,51,39,74,44,72,71,11,8,8,16,12
23000,29,183,72,"germany",74,74,71,53,60,72,43,68,63,35,60,71,76,72,69,72,67,72,71,12,14,8,15,11
24000,27,188,84,"germany",74,75,42,34,73,68,29,57,38,41,64,68,54,43,59,72,57,76,76,9,13,11,12,8
20000,26,194,86,"germany",74,75,39,30,75,64,33,45,36,37,58,60,48,52,52,70,56,77,74,11,9,9,14,6
13000,27,174,72,"germany",74,75,75,54,54,72,57,74,75,62,69,74,87,75,85,73,85,68,71,15,10,14,13,7
16000,26,194,96,"germany",74,77,17,14,18,30,15,13,14,16,26,19,65,65,30,73,45,17,13,74,70,64,72,79
28000,24,180,71,"germany",74,79,73,59,66,70,43,74,72,35,69,73,79,81,77,70,78,74,67,13,10,7,13,13
43000,22,185,80,"germany",74,81,58,73,63,71,66,76,58,48,58,78,78,86,72,72,63,33,27,9,11,11,8,6
31000,22,186,79,"germany",74,82,64,54,40,78,39,75,49,44,75,77,66,71,68,73,72,73,65,14,10,10,8,7
31000,23,176,74,"germany",74,78,68,70,58,69,63,78,60,37,56,76,86,68,80,75,78,25,26,12,13,7,5,10
6000,36,183,88,"germany",73,73,72,74,66,77,84,75,78,75,73,75,54,63,63,69,66,35,30,10,9,16,9,9
13000,36,191,84,"germany",73,73,23,10,30,30,18,25,13,22,22,30,38,36,33,66,34,22,13,74,69,66,73,77
16000,33,183,80,"germany",73,73,14,12,13,33,12,13,15,14,26,19,50,42,48,72,41,15,12,74,69,76,69,77
7000,33,183,80,"germany",73,73,14,12,19,34,20,18,13,12,36,31,52,44,44,64,38,12,12,76,73,60,73,75
17000,32,188,81,"germany",73,73,15,10,13,25,12,12,11,10,22,22,46,50,43,75,41,12,13,70,69,70,73,74
11000,31,179,76,"germany",73,73,71,38,61,75,54,73,54,60,73,76,65,55,72,75,74,58,51,7,16,14,6,16
20000,31,177,76,"germany",73,73,63,35,66,71,37,62,43,40,69,67,61,68,66,77,68,74,74,11,6,7,6,13
20000,30,184,80,"germany",73,73,47,36,72,62,54,52,45,30,60,60,63,68,55,73,65,75,74,10,10,6,16,15
13000,30,180,77,"germany",73,73,67,60,58,79,65,78,75,72,75,76,62,67,71,66,76,74,67,6,11,10,6,6
21000,29,184,83,"germany",73,73,53,58,74,70,51,53,55,47,69,63,52,61,63,68,67,72,72,11,9,15,10,6
45000,30,190,85,"germany",73,73,31,74,75,64,74,67,49,58,37,70,54,73,54,74,53,45,19,13,6,15,7,15
22000,33,194,93,"germany",73,73,46,74,80,69,72,59,56,45,60,67,51,73,41,76,43,32,24,7,11,7,7,13
22000,31,180,77,"germany",73,73,72,71,58,75,76,75,75,76,70,78,65,53,70,69,73,59,49,12,11,10,14,6
12000,27,188,79,"germany",73,73,66,76,72,70,73,64,74,70,42,72,73,69,64,74,65,35,22,6,12,7,12,16
14000,28,179,76,"germany",73,73,74,68,43,73,64,75,76,75,72,75,78,86,85,67,82,24,20,11,14,7,16,14
28000,30,178,73,"germany",73,73,73,63,45,77,63,72,72,60,74,75,65,62,75,73,77,71,69,5,12,7,8,9
22000,30,179,70,"germany",73,73,68,77,67,68,72,72,69,55,53,76,75,69,75,72,69,39,25,9,16,10,10,13
32000,27,177,73,"germany",73,73,73,63,66,75,59,79,69,52,67,79,76,61,83,73,80,68,71,13,15,10,13,9
24000,27,183,77,"germany",73,73,79,62,54,76,75,75,80,68,73,75,64,51,66,75,66,70,44,15,13,12,10,8
22000,27,186,78,"germany",73,74,59,57,54,76,58,73,69,55,72,77,62,60,68,76,57,63,58,14,16,10,15,13
34000,25,173,68,"germany",73,76,75,63,37,76,60,75,76,72,74,76,75,53,88,70,88,65,62,8,12,13,11,14
20000,26,180,75,"germany",73,75,69,35,59,73,31,67,65,60,62,71,68,74,69,69,72,75,70,13,11,11,10,9
21000,25,194,85,"germany",73,76,50,77,75,60,69,65,54,39,45,66,58,72,51,68,45,29,22,7,8,12,7,14
23000,26,182,73,"germany",73,74,75,39,49,70,41,68,39,32,63,71,85,86,73,67,70,72,71,10,13,10,11,12
12000,26,185,80,"germany",73,75,40,39,72,68,31,50,34,42,58,58,62,60,65,74,63,79,74,15,13,11,8,9
20000,26,186,79,"germany",73,75,59,56,66,77,51,68,52,43,74,77,68,64,69,73,65,67,66,14,11,6,15,8
13000,25,173,70,"germany",73,76,78,56,58,67,56,72,80,76,59,68,79,79,80,69,84,66,72,15,12,12,13,7
18000,27,189,85,"germany",73,73,28,30,73,73,21,58,22,20,65,68,50,72,56,70,66,75,67,15,14,5,13,7
28000,23,184,79,"germany",73,80,57,57,55,71,60,67,48,49,73,69,65,67,64,71,68,72,68,6,8,6,6,14
19000,23,180,74,"germany",73,80,60,66,59,75,50,75,59,53,72,76,73,65,78,70,78,74,69,13,7,9,9,11
23000,23,173,67,"germany",73,80,57,38,29,80,45,75,60,48,76,80,65,52,85,74,83,54,47,7,8,12,10,5
20000,23,180,75,"germany",73,80,76,57,57,69,52,72,66,37,59,76,87,85,77,70,76,68,66,11,8,14,12,6
25000,23,191,80,"germany",73,81,56,33,78,69,26,67,34,25,73,62,73,75,62,61,64,76,75,5,7,13,5,11
8000,27,185,84,"germany",73,73,77,62,60,73,60,71,74,64,68,70,70,72,64,70,63,64,62,10,6,7,13,10
6000,24,182,78,"germany",73,76,70,34,65,72,41,69,59,60,65,67,73,76,69,63,65,73,73,14,13,13,13,14
19000,23,178,69,"germany",73,79,67,67,54,73,58,73,66,50,67,72,83,79,84,72,80,59,55,6,7,12,12,6
19000,22,186,81,"germany",73,82,47,77,61,64,64,72,47,34,46,74,88,85,70,72,68,15,23,10,9,6,7,8
14000,21,191,86,"germany",73,83,29,21,71,59,29,47,36,35,54,58,62,75,53,73,52,77,74,8,10,8,14,13
9000,35,189,81,"germany",72,72,68,69,78,75,73,67,70,55,74,71,33,35,49,68,48,76,75,15,11,16,7,8
19000,33,180,80,"germany",72,72,60,79,72,63,71,64,70,68,57,68,60,57,60,72,67,35,34,15,10,12,12,14
16000,34,182,78,"germany",72,72,66,64,70,71,69,66,69,62,68,71,61,55,65,71,73,72,68,6,15,14,15,6
16000,32,178,70,"germany",72,72,74,54,64,67,56,69,77,77,64,66,72,69,74,72,74,65,70,9,11,16,14,6
13000,31,187,78,"germany",72,72,11,14,13,23,11,11,15,11,22,20,48,43,41,65,31,14,14,72,70,68,73,73
6000,31,188,79,"germany",72,72,71,26,66,65,28,65,56,53,65,66,80,84,58,70,49,68,69,6,14,10,11,7
11000,30,196,91,"germany",72,72,42,48,83,58,39,32,34,26,48,56,34,40,32,72,34,74,71,12,6,12,9,7
8000,30,186,86,"germany",72,72,57,77,65,64,68,64,77,39,41,69,66,61,60,70,74,40,33,12,10,15,16,12
17000,28,190,84,"germany",72,73,49,29,74,65,23,51,27,31,64,61,49,55,53,72,56,75,72,6,14,8,9,9
18000,31,181,79,"germany",72,72,54,41,61,74,40,64,53,50,69,68,54,73,65,73,65,70,68,6,13,13,10,9
13000,33,198,97,"germany",72,72,10,8,25,39,9,15,14,17,35,17,32,48,30,70,28,15,16,73,71,66,70,74
9000,31,188,77,"germany",72,72,49,25,73,67,30,44,45,33,64,67,60,54,54,70,57,73,72,6,11,10,12,12
18000,28,179,79,"germany",72,72,71,68,45,71,60,77,69,68,44,73,77,67,76,73,75,36,33,7,6,13,6,8
13000,30,190,90,"germany",72,72,12,13,13,27,11,17,13,16,20,18,49,46,48,69,43,10,10,72,68,64,72,74
5000,30,193,88,"germany",72,73,20,18,15,38,13,19,29,8,34,31,47,38,31,67,33,15,13,71,70,67,71,76
19000,28,181,72,"germany",72,73,57,35,58,73,56,65,56,49,68,67,65,53,69,65,69,70,70,15,13,11,13,6
23000,28,192,88,"germany",72,74,46,36,76,64,42,38,39,54,61,56,33,31,40,71,34,73,72,12,14,6,15,11
13000,28,195,89,"germany",72,72,31,75,79,63,64,59,46,31,43,68,46,62,46,72,34,38,21,14,10,15,11,15
9000,29,185,81,"germany",72,72,65,54,68,70,62,63,66,68,67,68,70,73,64,63,66,74,67,11,13,7,11,10
18000,28,182,74,"germany",72,72,67,38,53,66,50,59,46,27,53,62,69,79,66,70,68,74,74,12,14,11,8,8
18000,28,186,84,"germany",72,72,67,68,46,75,54,74,65,57,70,75,65,59,73,74,69,58,57,9,12,15,14,7
7000,26,173,71,"germany",72,74,68,65,40,73,55,73,63,68,64,75,74,81,87,70,85,42,44,15,10,9,9,12
18000,31,187,86,"germany",72,72,56,42,69,64,33,59,52,57,67,65,52,65,60,64,56,75,72,8,7,14,11,9
22000,29,178,81,"germany",72,72,64,73,71,68,65,68,69,68,53,71,74,83,65,73,76,34,23,12,9,7,14,8
10000,26,186,76,"germany",72,73,52,42,64,73,46,64,49,40,68,70,53,55,63,66,65,73,69,8,13,12,15,8
20000,25,184,79,"germany",72,73,67,65,54,67,64,76,77,72,63,73,79,82,74,72,68,48,49,10,16,13,15,9
9000,26,187,83,"germany",72,74,18,17,15,45,19,22,14,13,40,24,41,43,39,69,52,16,15,67,74,61,73,72
16000,27,185,75,"germany",72,73,58,56,60,72,51,65,46,44,67,68,66,75,65,69,65,73,71,11,13,13,7,14
19000,26,175,71,"germany",72,72,77,69,49,70,65,75,76,72,62,73,81,72,86,66,81,37,31,6,11,16,8,15
17000,28,193,92,"germany",72,72,38,24,76,61,31,45,29,30,37,57,34,57,43,64,42,73,71,16,13,14,13,11
9000,27,185,78,"germany",72,73,11,7,10,28,8,9,11,12,13,20,38,47,38,68,51,9,10,70,69,67,72,75
16000,30,189,85,"germany",72,72,52,39,67,69,41,57,40,41,67,53,54,73,53,68,52,73,75,7,12,12,11,13
11000,25,190,89,"germany",72,76,33,26,72,70,26,44,31,28,67,57,59,67,45,67,35,73,72,13,15,14,16,11
20000,26,179,68,"germany",72,74,61,61,65,77,46,73,53,55,71,77,78,71,82,72,82,54,57,11,7,8,11,9
11000,26,186,80,"germany",72,77,56,68,71,70,60,69,59,60,68,75,62,70,68,68,68,75,68,13,11,13,13,13
16000,26,182,80,"germany",72,73,73,40,54,69,34,69,49,66,55,68,85,84,73,68,70,69,65,9,6,14,16,7
21000,26,184,81,"germany",72,74,58,63,59,74,54,69,51,44,72,72,65,65,66,72,66,77,74,8,14,7,10,6
9000,27,186,80,"germany",72,73,74,67,64,74,64,68,68,48,73,72,67,69,70,75,68,58,51,11,15,14,13,14
15000,24,186,77,"germany",72,76,71,29,59,69,36,67,53,35,48,68,77,78,66,69,62,73,69,5,15,6,12,10
17000,23,193,87,"germany",72,77,46,74,76,62,70,61,43,28,35,70,49,71,47,65,37,38,33,8,8,9,13,6
15000,23,183,75,"germany",72,78,66,74,68,71,70,74,63,42,68,76,76,65,76,72,71,24,20,14,10,8,7,15
14000,23,188,75,"germany",72,78,59,29,68,63,30,60,44,35,60,68,84,89,59,69,61,75,72,12,14,14,7,12
19000,26,188,82,"germany",72,73,66,64,44,74,49,72,60,63,68,74,62,74,65,74,65,60,52,8,8,6,6,6
14000,27,190,83,"germany",72,72,49,73,68,66,60,69,56,35,48,73,67,64,65,76,44,28,26,15,9,11,6,10
15000,24,189,84,"germany",72,76,25,23,72,65,21,49,29,32,59,57,53,76,54,70,55,78,70,13,14,11,10,8
33000,22,187,78,"germany",72,79,57,56,65,75,48,71,59,48,74,75,49,50,69,69,68,72,68,10,8,12,12,6
15000,25,179,74,"germany",72,75,71,38,59,67,32,68,45,35,50,71,78,64,77,67,74,69,68,8,9,5,8,6
18000,35,196,100,"germany",71,71,7,9,47,24,7,7,15,15,25,22,38,46,36,72,37,12,15,71,69,66,71,71
14000,34,183,80,"germany",71,71,66,46,64,67,44,59,57,67,64,66,60,60,66,72,66,74,72,14,7,11,6,12
16000,30,176,72,"germany",71,71,70,64,48,74,67,72,80,76,73,77,70,65,78,69,79,54,59,12,12,8,11,9
27000,33,180,74,"germany",71,71,70,34,67,71,47,63,71,64,63,67,55,55,64,74,63,74,73,14,10,15,9,8
17000,32,185,85,"germany",71,71,75,50,63,70,47,61,61,70,68,67,55,71,61,69,64,71,70,12,14,7,6,10
10000,32,189,89,"germany",71,71,51,78,74,58,62,59,47,44,40,65,64,55,58,72,58,23,17,12,8,9,8,12
11000,30,190,86,"germany",71,71,67,67,64,71,65,74,73,67,68,73,56,66,62,75,52,65,59,8,12,9,7,8
15000,29,177,76,"germany",71,71,71,46,54,72,55,62,55,41,65,67,73,65,74,69,77,67,70,8,13,11,12,13
9000,31,182,71,"germany",71,71,68,66,49,74,64,73,68,52,66,71,72,63,76,72,75,34,28,7,9,7,6,14
10000,32,184,77,"germany",71,71,82,63,49,71,70,71,83,75,69,72,68,71,72,71,68,45,37,14,13,13,13,12
13000,28,178,67,"germany",71,71,69,59,38,75,71,72,77,69,73,75,72,61,78,63,77,67,54,15,12,14,7,14
8000,27,181,81,"germany",71,71,82,50,65,74,64,58,90,76,77,69,44,62,66,67,73,68,69,15,15,14,16,8
17000,28,193,90,"germany",71,71,27,24,74,54,24,42,23,24,48,48,50,64,37,66,38,74,70,15,9,11,15,10
8000,30,193,84,"germany",71,71,45,40,76,55,25,32,31,21,50,50,54,48,52,72,48,76,73,8,12,13,10,13
9000,30,190,87,"germany",71,71,45,30,72,57,30,46,50,24,60,50,55,61,44,67,50,75,67,15,10,7,15,13
10000,30,172,74,"germany",71,71,68,38,63,64,34,66,64,59,64,69,75,55,77,67,82,74,72,11,13,13,8,13
15000,30,183,83,"germany",71,71,68,69,50,67,58,74,75,69,61,72,81,79,77,70,72,34,23,13,10,11,6,10
8000,28,188,85,"germany",71,74,19,19,14,30,14,22,15,20,28,27,55,50,47,68,48,16,18,72,67,70,68,74
10000,33,176,74,"germany",71,71,65,59,56,73,56,69,72,69,67,70,60,62,74,73,82,69,72,8,9,9,16,9
28000,26,194,84,"germany",71,73,40,70,77,64,75,69,65,29,44,65,69,81,65,71,63,39,20,12,11,7,11,14
14000,25,179,76,"germany",71,74,61,41,54,64,40,50,38,40,51,63,77,84,68,69,73,73,71,13,15,11,8,9
9000,26,183,79,"germany",71,74,65,40,66,61,50,62,48,47,65,64,69,71,63,71,65,72,69,11,7,14,11,15
13000,26,188,83,"germany",71,75,21,15,15,53,15,20,20,9,49,39,49,43,45,61,46,16,17,72,68,76,68,73
25000,26,195,87,"germany",71,75,20,12,12,52,17,14,18,19,44,19,24,32,22,68,24,14,15,73,66,72,70,73
14000,27,193,88,"germany",71,72,55,27,75,67,26,57,39,31,70,56,64,60,51,69,48,73,67,6,6,5,7,8
13000,24,190,82,"germany",71,75,40,36,68,62,35,53,38,39,63,60,80,86,48,67,50,73,72,14,11,14,9,13
18000,26,184,83,"germany",71,72,45,74,75,56,69,57,50,38,41,56,67,73,63,76,64,38,29,8,7,12,10,10
22000,24,188,91,"germany",71,76,58,52,70,73,47,70,64,73,66,72,51,54,38,74,60,73,65,5,10,5,12,13
21000,28,194,92,"germany",71,71,20,25,71,56,33,36,26,20,63,47,44,49,34,67,40,73,74,11,9,9,12,14
14000,22,176,68,"germany",71,80,64,72,49,69,67,76,56,49,54,75,85,82,87,66,86,31,29,8,9,9,10,9
7000,20,187,86,"germany",71,82,64,45,64,66,33,69,56,30,54,67,83,90,67,66,65,68,62,12,13,14,10,8
12000,25,179,73,"germany",71,76,57,73,58,71,68,78,31,55,56,70,88,77,86,68,84,15,17,5,8,5,10,11
13000,20,181,76,"germany",71,81,55,69,62,69,64,81,54,35,60,71,78,79,74,70,69,33,31,14,9,9,6,14
20000,30,184,84,"germany",71,71,44,74,75,57,59,64,53,33,44,64,70,69,66,72,67,20,19,12,7,6,11,7
8000,19,190,87,"germany",71,85,31,20,67,66,24,33,22,22,64,60,73,79,55,59,60,75,69,12,14,5,8,13
10000,24,192,85,"germany",71,75,10,6,14,15,5,12,14,14,19,18,26,25,21,69,28,10,13,73,67,70,67,73
11000,19,177,69,"germany",71,85,62,74,58,68,68,75,67,59,61,74,93,92,88,67,81,19,25,12,12,7,12,7
21000,21,184,75,"germany",71,80,65,64,54,65,41,75,44,30,49,72,88,85,74,68,68,60,63,15,8,10,7,11
10000,19,178,72,"germany",71,82,63,69,60,67,62,69,67,44,65,73,77,76,74,71,73,30,38,15,7,13,11,14
6000,35,189,85,"germany",70,70,47,40,66,65,55,50,69,72,60,61,34,38,52,68,56,74,65,12,14,12,13,6
7000,29,184,78,"germany",70,70,63,72,68,69,66,66,65,59,49,69,69,76,69,69,67,41,40,7,6,14,7,12
7000,32,183,75,"germany",70,70,52,54,65,71,35,65,40,53,60,67,59,54,66,71,65,74,70,7,8,6,16,12
3000,30,188,85,"germany",70,70,44,37,73,55,24,36,31,30,62,41,42,39,59,64,52,72,69,16,12,12,15,16
15000,32,171,69,"germany",70,70,67,65,43,73,65,69,72,64,71,72,64,62,76,68,84,64,60,14,11,10,7,10
13000,29,177,70,"germany",70,70,71,49,43,72,30,70,68,44,54,72,74,68,77,69,75,70,72,12,13,14,10,12
15000,28,175,72,"germany",70,70,76,62,49,73,58,73,79,79,75,72,65,51,79,67,81,30,34,16,14,14,10,10
9000,29,178,75,"germany",70,70,73,46,48,70,48,66,66,49,64,66,76,72,76,69,77,65,66,9,11,14,8,16
11000,27,192,84,"germany",70,72,11,8,12,36,9,10,7,11,22,22,36,40,29,66,34,11,13,69,69,68,69,71
3000,28,188,95,"germany",70,70,12,15,16,23,16,18,19,16,24,24,48,54,37,60,45,17,16,70,63,69,72,74
5000,30,187,91,"germany",70,70,12,15,20,24,20,13,11,13,21,18,48,40,39,68,58,17,19,70,67,60,69,74
15000,27,184,76,"germany",70,71,82,67,48,70,68,70,81,82,74,71,65,78,72,66,68,27,32,14,7,7,7,12
8000,25,183,74,"germany",70,72,47,66,59,73,45,72,38,29,69,72,75,66,73,68,75,69,65,11,11,7,12,14
11000,30,179,79,"germany",70,70,64,70,53,66,68,70,66,59,53,71,78,85,74,73,73,31,22,11,11,11,7,11
6000,29,190,89,"germany",70,70,15,12,14,31,16,15,15,15,25,23,46,44,35,68,39,12,12,72,66,62,68,74
8000,26,184,77,"germany",70,72,62,40,59,68,26,67,61,34,59,70,79,77,70,66,75,70,66,13,12,15,12,11
9000,25,188,80,"germany",70,74,9,9,18,32,10,16,12,14,27,27,52,54,45,69,54,11,9,72,67,65,68,72
26000,27,179,70,"germany",70,70,64,65,58,69,66,70,66,59,65,72,82,79,83,64,76,31,30,11,15,6,7,15
15000,24,182,80,"germany",70,73,62,72,65,65,61,77,57,37,55,71,77,76,78,65,75,27,20,8,13,16,11,8
8000,23,174,67,"germany",70,76,61,61,34,70,42,75,64,52,62,73,77,73,86,64,90,57,49,16,10,8,8,13
22000,23,170,74,"germany",70,75,69,58,44,72,53,70,69,63,63,71,74,68,75,69,88,70,72,10,11,10,16,9
10000,28,179,74,"germany",70,70,76,56,49,73,50,70,76,78,70,74,75,68,78,69,75,58,51,15,12,10,13,8
19000,25,184,76,"germany",70,74,65,49,70,67,25,66,38,29,63,68,83,89,71,67,65,73,71,10,5,12,14,6
13000,25,183,74,"germany",70,73,64,55,63,74,39,64,62,35,69,67,55,65,64,70,65,75,73,13,11,10,11,8
7000,27,183,80,"germany",70,71,17,16,10,33,15,22,22,15,30,24,59,60,50,68,44,14,11,70,66,74,67,73
8000,26,185,78,"germany",70,72,57,53,68,71,37,63,28,29,70,68,61,76,64,67,61,70,67,7,14,15,12,6
12000,24,191,76,"germany",70,73,39,35,70,69,27,56,42,31,65,64,43,55,65,65,43,72,68,12,10,6,11,5
9000,23,195,85,"germany",70,76,33,21,74,58,36,47,31,30,48,56,33,39,42,66,33,70,68,9,13,7,8,7
7000,21,193,88,"germany",70,79,12,8,15,18,7,13,14,11,18,9,36,29,34,55,42,11,13,71,70,66,69,72
5000,30,195,90,"germany",70,70,13,8,11,31,6,17,12,10,29,19,24,27,22,64,29,10,9,71,70,67,70,70
10000,21,187,80,"germany",70,79,60,29,62,68,31,59,37,35,53,66,70,74,69,63,64,74,72,7,7,13,11,11
8000,23,187,82,"germany",70,80,14,8,12,40,5,25,13,12,37,30,47,43,52,66,56,12,11,73,65,69,67,74
13000,22,188,80,"germany",70,77,35,25,67,61,33,39,31,37,56,61,67,78,60,64,58,76,74,11,12,6,12,15
13000,22,173,70,"germany",70,78,64,61,44,66,55,72,63,43,57,71,94,94,85,65,88,23,22,14,12,14,7,8
5000,21,179,69,"germany",70,83,64,46,67,66,52,75,61,31,40,68,90,84,89,70,85,58,62,11,15,10,12,10
9000,28,188,85,"germany",70,70,70,72,57,68,67,73,69,44,61,71,77,75,72,65,72,47,38,7,7,6,14,13
14000,25,180,79,"germany",70,74,58,73,64,66,69,72,70,39,57,70,71,80,72,66,74,38,30,6,8,6,5,9
10000,20,178,73,"germany",70,82,63,40,53,70,31,74,41,31,54,73,74,70,77,68,76,70,68,12,13,12,10,8
6000,21,178,72,"germany",70,78,65,59,56,73,53,72,59,39,67,74,77,67,79,67,73,69,71,6,13,10,8,8
11000,23,191,76,"germany",70,76,44,37,72,66,32,54,34,32,60,63,70,63,55,71,39,74,72,8,10,10,8,13
7000,32,184,80,"germany",69,69,64,52,62,62,52,66,62,58,57,65,77,80,66,64,69,63,63,11,8,14,11,8
5000,34,186,86,"germany",69,69,40,28,73,51,14,30,32,28,45,47,52,66,57,62,58,70,65,7,13,6,8,6
3000,31,183,75,"germany",69,69,74,67,52,70,67,70,75,74,70,68,63,63,67,68,70,69,66,11,7,14,11,8
9000,31,183,80,"germany",69,69,69,59,59,69,51,62,56,60,61,69,79,78,68,63,69,62,64,6,6,16,10,12
12000,30,192,92,"germany",69,69,51,70,72,57,67,60,44,41,50,64,62,76,55,69,48,30,13,6,14,13,8,12
6000,31,188,82,"germany",69,69,54,65,77,70,62,64,52,40,66,62,58,58,62,72,62,71,68,6,9,16,6,10
12000,30,188,86,"germany",69,69,49,56,70,62,44,56,58,50,60,58,49,53,61,64,52,70,69,7,13,12,15,16
5000,30,177,67,"germany",69,69,58,53,19,70,50,71,67,59,69,73,84,62,84,70,80,59,51,8,6,13,8,7
2000,31,182,83,"germany",69,69,65,63,67,68,68,67,70,61,66,70,39,34,61,66,63,68,67,6,14,16,10,14
5000,33,180,82,"germany",69,69,68,67,53,70,66,70,71,68,67,66,62,80,74,71,77,62,50,15,7,9,12,9
13000,28,174,70,"germany",69,69,65,68,58,71,69,71,71,59,52,72,83,75,77,72,76,28,21,11,15,10,9,11
9000,29,178,73,"germany",69,69,65,65,41,67,67,75,76,65,56,73,74,65,83,65,86,22,23,10,9,12,11,16
8000,32,175,67,"germany",69,69,69,50,58,69,52,64,70,66,66,66,67,66,73,71,75,65,68,14,12,8,8,12
4000,31,180,79,"germany",69,69,44,56,65,67,60,58,42,52,65,62,65,59,66,68,72,68,69,15,15,7,12,15
2000,28,181,71,"germany",69,69,72,49,59,66,51,59,73,76,70,66,74,72,71,50,71,66,69,10,14,9,15,12
4000,29,183,72,"germany",69,69,47,30,67,61,26,55,34,35,56,59,51,49,67,70,66,70,73,6,9,12,7,12
4000,29,187,85,"germany",69,69,43,34,68,65,34,33,36,42,71,51,54,75,59,65,60,69,71,9,7,15,14,15
9000,25,173,73,"germany",69,72,70,70,47,71,66,70,83,70,69,71,55,40,80,70,82,64,57,7,14,9,16,7
13000,29,182,75,"germany",69,69,68,44,60,66,53,62,65,69,62,66,67,65,67,67,67,67,68,10,13,10,14,7
5000,31,175,68,"germany",69,69,59,49,41,68,43,59,45,51,71,63,50,34,69,70,79,69,65,8,7,9,12,12
9000,29,181,82,"germany",69,69,64,57,45,72,48,65,64,56,68,74,59,39,71,66,76,61,63,7,12,14,8,7
7000,30,184,78,"germany",69,69,71,54,58,68,52,67,72,69,62,68,71,71,65,64,65,65,64,14,14,13,13,13
6000,26,177,68,"germany",69,70,69,53,53,63,36,63,41,27,49,65,75,81,77,60,75,64,63,13,10,9,14,13
9000,28,181,72,"germany",69,69,65,64,40,66,53,71,68,47,52,68,87,84,80,65,78,59,57,8,13,8,10,7
12000,26,182,75,"germany",69,72,66,35,62,68,42,61,68,58,53,65,68,53,66,70,64,70,68,10,14,12,13,13
5000,28,179,76,"germany",69,69,48,71,50,67,66,69,72,66,57,69,74,66,73,70,75,34,35,7,15,12,9,9
2000,24,174,72,"germany",69,73,68,56,38,73,61,69,66,67,69,73,77,73,87,68,86,49,56,9,14,11,15,13
11000,26,180,75,"germany",69,69,71,58,58,66,44,70,61,49,56,67,86,86,75,70,75,61,65,14,12,12,15,12
6000,24,176,73,"germany",69,74,66,26,48,65,23,63,53,36,48,65,74,64,76,67,77,65,70,10,13,15,7,7
11000,25,181,73,"germany",69,72,66,43,48,68,38,66,66,64,57,68,85,78,76,63,71,68,68,16,14,6,8,7
5000,24,186,81,"germany",69,76,39,39,65,68,39,54,38,33,63,61,54,60,56,69,63,71,68,12,9,6,7,6
7000,25,176,75,"germany",69,72,65,70,67,67,65,69,59,46,49,70,77,74,74,66,79,21,18,8,6,11,8,8
7000,24,180,70,"germany",69,72,63,65,42,65,61,71,63,43,54,68,86,85,80,61,77,41,37,7,14,11,13,8
13000,26,180,76,"germany",69,72,65,68,55,72,61,75,57,39,56,73,83,85,81,59,76,23,22,12,11,7,9,12
11000,26,196,87,"germany",69,72,44,40,57,73,18,41,24,32,67,60,33,33,31,71,29,70,57,13,9,11,8,12
11000,23,187,80,"germany",69,74,73,59,64,68,47,70,59,37,61,68,80,85,68,65,59,35,28,12,9,13,6,8
6000,25,193,85,"germany",69,74,14,12,25,25,10,15,20,11,21,24,40,42,34,68,30,17,16,71,65,58,64,72
9000,25,177,68,"germany",69,72,61,60,45,71,67,76,67,52,69,75,75,57,84,71,81,32,27,14,15,8,10,12
7000,25,190,87,"germany",69,73,20,21,68,42,22,39,60,28,49,56,65,77,54,66,61,69,66,15,10,14,8,5
8000,24,189,82,"germany",69,75,45,25,67,64,39,51,39,22,62,63,61,80,53,67,53,69,68,14,14,11,12,10
5000,23,187,82,"germany",69,76,12,8,10,45,8,23,14,13,30,30,46,30,44,67,45,11,10,72,66,62,64,74
10000,23,184,68,"germany",69,75,64,68,49,66,57,71,56,35,45,68,86,86,78,65,77,24,30,12,15,10,6,13
5000,24,187,81,"germany",69,74,60,55,62,70,53,68,57,52,69,70,50,33,61,66,63,66,63,13,5,9,8,9
8000,27,193,85,"germany",69,70,39,70,67,52,72,65,50,31,34,71,64,65,53,70,41,22,25,10,11,14,13,9
13000,22,192,84,"germany",69,76,8,5,14,25,6,10,10,8,22,17,38,43,40,62,29,14,11,70,67,61,67,72
8000,24,198,94,"germany",69,73,11,9,10,24,10,11,10,10,16,13,20,18,24,52,30,10,9,70,68,55,72,73
8000,27,195,91,"germany",69,70,31,55,75,58,44,49,22,30,60,56,34,47,38,64,33,69,64,12,13,6,9,14
8000,25,183,79,"germany",69,70,70,65,53,65,47,63,66,51,59,67,91,84,68,65,71,63,61,10,7,12,6,12
6000,25,184,85,"germany",69,74,10,7,12,23,5,12,11,12,25,17,15,15,26,70,33,12,11,72,65,48,68,73
7000,22,185,76,"germany",69,76,46,48,58,71,56,64,42,39,68,68,65,59,61,67,61,70,60,8,7,10,14,15
9000,24,182,80,"germany",69,74,38,72,70,59,64,73,45,50,37,72,76,82,67,62,66,15,16,9,6,10,14,14
5000,23,182,74,"germany",69,75,65,38,53,60,35,66,70,55,58,66,84,84,74,62,71,69,67,11,11,15,7,10
4000,21,183,80,"germany",69,79,65,60,45,74,44,68,40,50,68,71,68,63,69,70,75,69,61,13,13,5,12,5
6000,22,182,80,"germany",69,78,30,25,66,61,29,43,30,28,56,56,66,70,71,53,64,71,66,15,15,6,8,6
9000,20,175,70,"germany",69,76,67,57,58,74,53,74,60,55,70,72,79,77,85,67,81,68,65,6,13,12,13,11
7000,22,180,77,"germany",69,75,69,73,64,67,60,66,50,33,57,71,71,64,73,64,71,27,17,5,9,12,12,11
1000,24,189,89,"germany",69,76,14,9,14,29,8,8,13,12,20,16,34,29,41,54,32,14,6,69,69,60,70,72
8000,24,178,86,"germany",69,73,42,75,59,60,71,68,66,55,48,70,64,59,66,57,82,37,29,9,12,9,11,13
7000,22,178,72,"germany",69,76,67,32,48,62,30,68,69,66,56,69,86,85,81,64,63,64,62,6,12,9,8,7
8000,21,189,84,"germany",69,77,31,22,68,62,31,41,32,24,56,54,53,42,50,68,58,73,69,12,15,12,14,5
8000,21,192,91,"germany",69,76,48,36,70,70,29,44,31,35,58,58,62,55,50,70,47,74,63,10,8,11,9,11
10000,20,179,71,"germany",69,80,57,60,33,69,59,78,60,49,63,74,75,74,86,67,78,29,39,11,10,13,6,15
18000,20,182,72,"germany",69,79,51,59,60,71,62,67,50,47,68,68,74,68,67,66,67,70,64,7,11,5,12,8
7000,24,174,65,"germany",69,74,65,69,48,65,62,72,63,45,60,68,84,80,76,59,83,32,35,15,14,10,6,8
7000,23,178,65,"germany",69,76,58,52,46,73,46,67,60,52,66,71,82,88,84,67,83,33,43,12,10,15,9,9
9000,19,188,77,"germany",69,83,60,25,69,66,35,52,44,31,73,55,66,65,64,66,65,72,71,15,11,11,8,14
9000,22,194,86,"germany",69,77,54,44,66,74,47,59,55,50,69,73,66,71,49,67,40,65,60,7,14,8,7,11
5000,21,175,63,"germany",69,78,66,56,37,75,53,72,67,56,72,75,76,68,79,58,81,47,36,9,8,12,7,7
5000,38,189,88,"germany",68,68,13,8,24,18,19,19,12,14,19,14,38,33,41,61,42,13,22,66,68,72,73,64
4000,34,180,75,"germany",68,68,66,65,53,67,62,69,67,67,65,70,60,64,70,65,71,46,45,9,16,14,15,8
5000,34,180,79,"germany",68,68,67,29,67,64,28,61,73,64,62,64,65,63,63,61,68,66,64,11,13,12,16,16
4000,34,195,88,"germany",68,68,11,13,13,32,11,19,18,10,39,21,23,28,26,64,39,13,9,71,66,68,65,69
9000,34,183,75,"germany",68,68,67,32,55,62,35,63,54,45,55,60,67,68,62,62,70,66,66,8,12,11,8,15
2000,36,185,88,"germany",68,68,38,74,72,63,66,44,56,42,44,69,43,48,40,69,59,33,28,6,6,11,9,7
2000,33,173,66,"germany",68,68,67,68,53,67,68,72,64,60,63,69,66,64,71,69,73,46,37,6,16,6,7,14
7000,33,190,86,"germany",68,68,11,11,16,19,11,14,13,11,18,20,34,33,43,66,31,13,14,70,65,65,66,68
4000,31,182,85,"germany",68,68,66,62,65,64,68,68,67,54,58,66,76,66,65,70,63,59,48,7,16,10,12,11
11000,34,182,82,"germany",68,68,72,55,51,70,58,70,69,59,64,68,55,60,64,75,70,68,67,15,12,7,15,8
4000,29,186,78,"germany",68,68,35,33,69,57,34,40,26,28,46,48,59,57,60,60,62,71,67,12,7,14,14,11
6000,31,179,72,"germany",68,68,71,40,57,67,44,66,68,45,66,69,66,70,68,62,73,66,66,11,10,8,8,12
5000,31,186,80,"germany",68,68,70,53,63,65,53,66,59,49,63,62,48,54,70,70,66,64,63,14,12,6,12,16
11000,28,186,75,"germany",68,68,66,68,68,67,66,67,58,57,54,70,68,60,68,70,63,30,30,14,15,8,14,13
5000,29,182,76,"germany",68,68,38,38,63,65,40,59,57,32,63,61,69,76,72,65,67,70,67,7,7,12,8,9
6000,30,185,81,"germany",68,68,63,56,69,67,57,62,59,60,63,65,54,54,67,66,65,69,66,8,7,14,8,7
9000,30,190,84,"germany",68,68,42,29,72,57,40,47,33,31,68,57,43,50,50,55,45,72,64,13,7,10,14,12
5000,32,182,80,"germany",68,68,73,49,50,64,51,63,70,66,63,62,70,73,71,68,71,64,64,7,8,14,14,10
5000,32,187,77,"germany",68,68,50,17,62,50,18,25,22,25,35,44,45,55,39,67,48,71,70,11,7,9,14,12
7000,28,189,82,"germany",68,70,57,18,68,65,24,54,36,28,60,56,68,74,57,68,58,69,68,11,10,9,10,8
5000,28,178,72,"germany",68,68,68,47,63,67,48,63,52,40,65,65,77,75,76,66,74,65,61,14,14,7,10,11
10000,27,174,72,"germany",68,68,67,57,48,64,50,70,72,70,51,71,77,74,90,65,83,50,52,12,14,8,8,9
8000,29,182,79,"germany",68,68,52,45,63,70,32,62,51,47,67,65,62,58,62,66,64,66,65,14,15,14,14,14
3000,26,188,80,"germany",68,69,52,56,66,70,48,64,56,52,69,68,49,52,56,69,52,69,68,12,16,13,8,10
2000,35,180,75,"germany",68,68,73,68,29,69,64,66,80,82,66,67,64,73,73,66,70,35,32,9,7,7,6,7
7000,28,191,90,"germany",68,69,28,28,70,60,30,46,32,26,52,51,46,53,47,63,57,70,67,13,7,11,6,15
10000,28,183,82,"germany",68,68,62,68,56,66,59,63,62,63,54,69,83,72,72,62,72,27,20,10,10,15,8,15
8000,27,175,72,"germany",68,68,70,64,36,70,43,72,47,40,68,69,69,67,70,52,75,43,41,13,15,12,16,9
3000,29,183,82,"germany",68,68,45,37,55,65,29,58,26,28,59,62,68,47,60,66,76,66,68,8,11,13,7,14
6000,26,179,76,"germany",68,70,54,68,59,64,63,70,58,40,47,69,79,83,71,63,74,25,21,13,12,15,7,13
4000,28,196,96,"germany",68,70,31,28,75,58,29,35,27,22,46,50,38,76,32,64,33,67,61,13,15,7,10,8
3000,27,171,72,"germany",68,68,70,54,40,66,49,68,62,39,55,67,81,81,84,66,90,63,64,13,7,14,16,11
8000,29,177,77,"germany",68,68,67,39,61,63,29,59,33,34,52,68,69,72,69,63,73,65,64,15,10,15,9,15
10000,24,187,83,"germany",68,73,13,11,17,24,14,18,13,14,24,20,33,37,46,61,43,13,14,70,64,59,67,74
7000,25,186,73,"germany",68,71,69,35,57,65,31,57,41,36,55,63,80,77,70,63,64,69,65,16,16,8,15,11
5000,27,184,74,"germany",68,68,58,67,54,66,58,68,64,59,57,67,79,83,71,64,73,19,20,8,13,6,14,8
8000,26,190,89,"germany",68,71,8,5,11,17,4,14,13,14,20,23,41,36,50,68,39,12,10,70,66,62,63,71
9000,26,189,76,"germany",68,69,45,40,68,67,36,59,38,50,64,65,67,70,59,58,56,69,68,7,15,12,11,11
5000,28,180,69,"germany",68,68,71,60,39,67,62,68,76,72,62,70,79,79,81,67,84,30,36,13,14,16,12,13
5000,28,176,76,"germany",68,68,62,67,59,66,55,73,53,39,42,71,80,70,79,67,82,21,22,8,10,14,9,9
8000,24,185,82,"germany",68,73,62,45,62,66,39,64,64,49,64,66,55,63,63,65,64,65,62,15,7,11,14,9
4000,25,187,81,"germany",68,73,17,16,18,24,16,17,14,14,18,23,39,44,32,67,40,16,12,67,66,70,64,71
6000,26,192,85,"germany",68,69,48,44,70,68,39,57,46,42,62,62,49,34,49,64,47,68,61,10,10,15,15,8
9000,23,180,73,"germany",68,76,60,45,49,73,47,68,46,39,68,73,77,70,76,69,74,67,65,10,11,10,9,11
4000,24,187,85,"germany",68,74,47,37,64,65,28,49,30,24,66,57,65,68,65,66,63,70,68,7,16,15,7,13
9000,25,184,81,"germany",68,72,61,29,63,63,27,60,46,39,54,63,66,79,62,61,60,67,67,10,11,7,13,7
4000,23,186,81,"germany",68,73,64,66,60,65,52,66,56,52,56,67,75,74,66,65,67,62,60,11,8,11,10,8
5000,23,179,76,"germany",68,72,69,31,55,59,39,64,73,70,56,64,73,80,69,64,74,65,67,13,13,12,9,7
5000,25,185,83,"germany",68,72,68,28,55,63,31,64,47,35,55,63,78,80,64,62,57,65,63,14,11,7,9,13
4000,23,168,62,"germany",68,74,74,60,46,66,54,68,71,65,64,68,78,76,83,64,83,49,37,14,13,11,7,14
10000,25,176,63,"germany",68,72,62,52,33,72,47,73,69,53,65,71,61,64,86,66,85,63,49,9,12,7,7,8
10000,22,182,77,"germany",68,77,33,66,77,55,56,64,44,32,32,64,80,82,67,66,70,19,22,6,12,8,12,10
8000,23,192,82,"germany",68,73,55,28,62,62,28,62,45,22,56,62,72,83,58,56,63,68,66,14,12,12,10,7
8000,22,183,76,"germany",68,75,68,40,65,69,31,70,63,49,63,68,69,71,68,60,65,68,64,10,14,13,7,12
9000,25,176,72,"germany",68,69,63,60,40,64,48,70,63,55,54,67,89,80,84,62,81,27,26,14,12,11,9,11
3000,27,183,83,"germany",68,69,45,32,61,70,35,54,51,56,66,57,64,64,61,62,65,69,66,12,10,5,7,12
2000,29,184,80,"germany",68,68,64,64,42,64,43,67,45,44,57,62,81,90,65,63,67,42,40,11,10,11,7,6
3000,23,188,75,"germany",68,73,37,44,65,67,36,54,42,39,60,66,68,52,64,64,61,67,64,13,13,6,13,9
12000,30,190,90,"germany",68,68,42,75,72,65,67,58,49,32,41,63,52,53,55,64,50,22,16,7,5,10,11,14
6000,23,177,73,"germany",68,76,57,64,37,57,60,73,64,47,44,68,91,90,90,62,79,30,29,10,6,13,11,5
6000,23,190,82,"germany",68,75,53,35,67,68,38,61,44,42,66,67,57,73,56,67,54,69,60,9,11,11,6,15
8000,24,187,84,"germany",68,73,39,29,71,62,32,45,36,47,57,58,70,65,62,50,64,71,66,9,8,13,12,8
15000,21,190,88,"germany",68,81,38,25,67,53,35,43,37,32,58,58,56,54,39,63,39,69,67,11,14,7,14,6
2000,22,186,76,"germany",68,78,60,60,59,70,57,61,48,42,68,69,69,71,71,68,70,60,58,5,15,7,10,11
9000,25,183,78,"germany",68,69,71,65,45,66,62,70,57,67,59,67,78,80,75,60,75,59,59,7,9,8,11,11
6000,26,180,75,"germany",68,69,62,65,57,61,54,75,43,31,54,71,85,77,84,63,77,18,10,11,5,11,8,11
6000,21,177,74,"germany",68,79,53,48,49,74,46,74,53,39,70,72,80,68,82,67,80,63,60,8,12,8,7,8
12000,25,195,94,"germany",68,70,30,70,77,54,67,58,36,33,34,62,75,77,47,64,35,36,28,12,5,15,13,9
5000,22,180,67,"germany",68,76,65,64,47,63,69,73,55,42,47,71,82,81,80,64,73,55,40,15,14,14,7,5
8000,29,177,73,"germany",68,68,63,64,46,52,63,71,61,65,50,71,90,85,74,68,75,38,29,9,14,11,8,12
8000,20,184,86,"germany",68,82,64,62,52,65,56,74,55,43,43,71,85,83,77,63,76,31,23,6,11,10,14,9
4000,24,186,81,"germany",68,73,62,40,64,62,33,56,37,33,56,61,67,72,41,59,57,71,66,12,11,6,14,5
3000,19,191,80,"germany",68,81,41,43,72,64,36,57,38,44,57,60,63,66,54,63,60,70,66,10,6,15,11,9
13000,20,182,80,"germany",68,79,68,70,62,65,53,73,48,41,50,66,75,77,62,65,67,36,19,12,8,6,13,11
3000,18,180,83,"germany",68,85,68,42,53,60,32,65,46,37,51,62,75,79,70,62,69,72,68,7,11,12,9,13
3000,33,192,87,"germany",67,67,28,18,71,51,17,33,28,22,34,46,33,54,34,64,34,70,66,16,10,10,9,14
3000,30,177,74,"germany",67,67,66,54,51,70,65,70,70,64,58,70,67,64,81,64,80,32,28,10,14,8,12,14
5000,32,189,83,"germany",67,67,58,35,72,63,50,45,59,58,67,60,32,34,34,50,39,70,67,11,12,6,11,8
1000,31,184,76,"germany",67,67,63,32,64,65,34,58,50,42,66,61,68,69,67,64,65,70,63,14,14,16,13,10
6000,29,185,88,"germany",67,67,55,32,68,59,33,48,29,35,59,56,64,70,57,65,61,68,64,7,12,10,10,6
2000,35,184,70,"germany",67,67,62,66,54,67,60,69,71,78,66,67,67,65,72,66,75,27,21,15,9,16,6,11
2000,30,190,89,"germany",67,67,16,11,20,31,12,19,10,10,22,23,36,33,44,64,38,17,12,67,64,63,64,69
6000,30,191,85,"germany",67,67,12,15,12,25,20,12,12,15,19,24,46,44,48,56,31,15,12,67,66,61,67,69
2000,29,190,87,"germany",67,67,58,45,71,58,45,52,48,67,66,58,49,46,53,58,41,71,68,7,15,8,12,12
6000,30,186,81,"germany",67,67,69,38,68,65,49,59,78,83,70,63,54,48,73,68,66,68,67,14,9,14,10,11
4000,31,178,72,"germany",67,67,68,36,60,67,49,68,60,47,67,72,74,65,77,65,76,66,64,12,8,14,9,14
8000,28,187,83,"germany",67,67,70,37,62,63,50,61,64,71,61,65,69,72,60,65,57,64,60,14,10,14,9,9
3000,34,193,93,"germany",67,67,30,21,74,61,19,32,25,26,52,44,33,52,38,61,41,69,66,13,10,12,10,15
2000,30,181,78,"germany",67,67,49,47,65,64,56,58,51,43,64,61,56,52,51,64,66,66,67,9,9,15,7,13
1000,28,188,87,"germany",67,70,10,15,10,34,8,12,12,19,31,20,52,52,55,58,52,9,11,67,63,64,67,74
7000,29,190,88,"germany",67,68,37,28,67,64,32,52,34,36,63,58,57,68,65,62,37,69,65,8,15,8,7,7
6000,27,180,73,"germany",67,68,53,62,45,70,55,71,65,64,66,70,80,62,77,70,74,55,54,16,11,12,9,14
3000,32,187,80,"germany",67,67,11,9,13,32,10,18,18,16,21,27,33,34,44,68,44,17,12,68,62,59,65,71
6000,27,193,84,"germany",67,68,14,14,17,32,16,12,20,15,18,25,46,48,36,67,41,16,13,70,58,66,63,72
2000,31,187,80,"germany",67,67,64,39,64,63,36,64,55,42,55,65,72,82,61,68,59,68,63,8,6,13,15,11
2000,28,193,87,"germany",67,69,15,14,15,23,15,12,18,14,26,18,30,29,29,64,48,15,16,69,65,61,66,66
6000,32,182,75,"germany",67,67,77,48,57,69,51,65,75,71,68,67,79,76,70,68,73,51,53,15,7,7,6,9
3000,27,192,86,"germany",67,71,16,17,15,23,13,17,20,17,19,19,43,40,35,64,55,19,17,67,63,60,69,66
4000,29,181,78,"germany",67,67,64,66,54,64,62,67,63,50,55,66,80,71,71,70,70,64,62,8,12,12,11,12
1000,30,180,73,"germany",67,67,67,47,44,63,46,57,49,34,49,64,79,81,72,62,69,60,58,11,8,7,13,15
7000,28,188,84,"germany",67,67,57,53,70,63,74,58,51,47,60,61,62,71,57,58,57,67,64,16,9,11,10,11
6000,27,183,77,"germany",67,70,48,39,59,74,45,67,55,46,67,70,63,55,65,68,66,69,67,8,10,10,14,14
6000,26,181,79,"germany",67,68,65,66,52,67,58,69,51,42,50,67,86,82,76,66,74,38,31,8,14,10,14,12
8000,29,178,73,"germany",67,67,60,44,55,63,43,60,45,57,59,62,71,68,73,66,78,69,70,12,14,8,12,8
8000,32,194,95,"germany",67,67,38,69,76,53,59,49,37,29,34,59,47,50,45,69,35,53,18,9,11,11,14,10
3000,26,188,81,"germany",67,72,33,40,66,63,39,44,35,23,51,42,70,73,67,68,63,69,65,11,14,8,8,8
3000,28,176,73,"germany",67,67,70,59,49,62,59,70,72,64,67,66,79,73,83,67,82,61,61,9,13,7,9,11
5000,31,183,75,"germany",67,67,64,33,56,66,12,67,68,57,51,66,69,74,71,57,57,67,63,8,13,7,10,6
5000,25,179,77,"germany",67,73,45,47,58,70,44,62,46,43,64,67,66,66,74,64,76,64,66,6,13,8,8,16
7000,24,184,76,"germany",67,71,53,37,63,59,37,56,45,42,54,60,73,77,66,58,64,68,67,12,12,13,11,14
6000,25,175,64,"germany",67,68,55,64,45,57,59,71,57,53,42,65,93,90,89,64,87,30,35,9,14,12,6,11
7000,26,182,77,"germany",67,68,59,58,41,59,46,68,55,43,48,65,87,83,69,65,71,57,51,6,16,14,15,14
6000,25,190,86,"germany",67,72,38,66,70,59,64,62,61,33,42,65,63,80,56,64,58,21,17,11,13,14,14,15
4000,28,174,68,"germany",67,67,57,32,54,68,48,60,58,53,64,66,41,35,68,68,72,64,64,7,14,10,12,12
2000,25,176,74,"germany",67,70,65,30,58,61,28,66,57,53,67,66,78,72,74,53,79,64,65,6,6,9,8,8
2000,25,182,80,"germany",67,70,66,60,54,67,49,66,60,36,62,65,73,81,68,62,71,63,63,6,8,15,10,8
8000,24,179,68,"germany",67,71,64,58,50,68,55,70,56,49,65,68,76,75,81,65,77,58,55,13,14,10,7,12
9000,25,180,76,"germany",67,70,64,68,48,66,59,72,66,45,57,68,74,69,78,47,62,19,15,11,14,7,7,9
3000,26,174,71,"germany",67,70,48,39,49,65,38,60,41,39,58,64,64,51,76,64,81,65,68,13,13,6,10,8
8000,23,191,86,"germany",67,71,58,61,49,58,59,72,61,40,43,68,77,75,72,69,54,13,13,11,14,13,5,14
4000,29,189,87,"germany",67,67,40,56,73,55,32,50,33,35,46,52,65,60,53,61,52,65,69,13,9,7,10,9
2000,25,190,81,"germany",67,69,44,39,62,67,22,64,32,37,62,62,54,63,55,62,37,68,63,11,12,5,12,13
5000,27,187,77,"germany",67,68,30,38,64,62,25,44,23,30,54,50,65,68,57,65,60,70,67,7,7,10,10,12
5000,23,183,78,"germany",67,73,59,30,65,57,41,56,27,32,40,62,79,79,68,60,63,66,62,9,10,9,11,13
7000,24,182,73,"germany",67,72,56,46,58,71,43,69,50,63,66,72,66,60,73,67,75,64,55,10,9,6,8,14
4000,23,184,84,"germany",67,73,73,56,45,69,55,71,68,71,71,70,65,51,59,66,71,42,52,6,11,14,7,10
6000,23,189,82,"germany",67,73,35,70,65,55,66,63,44,36,34,64,59,68,60,68,58,20,17,13,5,9,8,5
7000,23,185,80,"germany",67,76,45,38,66,69,39,56,55,48,73,63,59,63,67,64,65,67,66,13,13,11,12,7
2000,22,168,65,"germany",67,74,58,52,35,71,46,67,60,40,67,69,68,62,83,68,91,61,63,6,14,6,8,12
3000,27,187,73,"germany",67,68,62,30,58,68,39,63,43,40,66,66,54,62,65,61,63,68,62,7,6,6,11,7
2000,35,187,82,"germany",67,67,64,66,67,59,55,59,49,56,52,63,67,77,69,72,66,51,55,10,12,10,8,15
8000,26,181,78,"germany",67,68,58,59,55,60,43,71,58,38,58,65,74,84,74,61,71,62,55,12,10,13,7,12
4000,21,196,91,"germany",67,78,34,29,69,61,34,51,29,28,45,57,55,67,42,59,38,70,66,13,11,10,11,11
7000,20,181,77,"germany",67,78,58,61,55,63,40,71,38,32,54,68,85,89,80,58,73,52,49,12,13,8,6,9
10000,22,185,82,"germany",67,75,50,70,64,64,50,68,47,34,40,68,73,70,61,59,64,20,18,12,14,9,11,14
5000,27,177,75,"germany",67,68,45,68,58,52,63,65,51,35,31,64,90,94,76,65,81,19,18,13,12,10,14,15
5000,24,186,80,"germany",67,72,64,54,53,66,42,66,39,37,56,65,78,72,68,64,67,63,57,7,10,6,15,9
3000,24,193,89,"germany",67,70,11,7,13,33,6,8,11,11,26,20,26,27,23,50,20,13,11,69,69,66,68,68
5000,22,185,71,"germany",67,75,60,47,48,61,46,74,81,59,60,67,84,80,77,54,69,43,38,6,5,8,7,8
3000,23,180,74,"germany",67,72,67,38,52,69,31,63,66,59,64,66,67,67,71,65,72,65,65,11,14,13,5,8
3000,30,184,77,"germany",67,67,12,7,13,27,6,14,13,14,21,10,23,23,25,60,45,10,14,69,64,62,68,65
7000,20,183,79,"germany",67,79,64,47,63,76,45,65,66,66,74,72,64,64,70,58,67,66,62,7,14,5,9,9
3000,20,190,91,"germany",67,78,17,6,18,21,6,6,14,10,18,12,29,33,31,56,24,10,16,67,64,66,66,70
4000,20,186,84,"germany",67,78,33,22,64,66,31,42,30,25,50,63,63,67,59,64,59,68,66,8,15,12,8,11
6000,20,187,85,"germany",67,76,58,68,62,63,46,69,53,40,60,66,81,79,64,63,71,28,29,15,11,10,14,13
1000,28,179,77,"germany",67,67,63,62,43,70,50,70,51,58,64,64,80,74,83,58,82,28,24,11,6,12,12,9
7000,22,190,78,"germany",67,76,57,57,68,69,33,59,44,33,67,67,62,64,57,64,50,65,60,12,6,13,9,7
3000,20,175,72,"germany",67,81,58,60,49,70,55,75,57,60,65,73,74,64,83,61,83,54,49,11,7,8,8,7
3000,25,181,76,"germany",67,70,48,38,51,63,32,54,37,38,66,61,67,66,65,63,71,63,52,5,12,11,7,10
9000,19,180,73,"germany",67,80,60,61,32,68,55,73,62,41,44,70,87,82,77,60,75,29,38,8,13,13,14,7
6000,20,192,87,"germany",67,77,26,25,64,58,22,47,25,26,45,49,54,50,50,60,47,71,67,11,14,13,14,15
5000,19,184,73,"germany",67,79,67,54,38,69,48,73,54,52,64,74,64,61,68,66,68,61,57,10,10,6,13,8
2000,21,189,82,"germany",67,75,45,69,64,59,64,62,52,39,34,67,61,69,67,65,55,25,23,10,10,12,6,8
6000,32,193,91,"germany",66,66,19,12,13,22,11,12,11,10,20,23,41,48,44,64,43,13,12,70,60,58,63,70
2000,32,181,79,"germany",66,66,48,41,65,70,33,56,51,54,67,60,34,33,40,64,61,65,65,10,6,11,7,13
3000,30,184,83,"germany",66,66,57,63,60,59,61,64,59,46,48,65,75,81,64,67,64,12,13,7,11,11,7,12
6000,29,175,72,"germany",66,66,70,57,49,67,56,68,72,68,70,68,68,61,75,63,79,56,56,13,6,7,16,10
1000,31,190,83,"germany",66,66,10,12,19,24,11,15,14,11,25,20,43,41,67,66,56,16,12,66,64,64,64,68
6000,30,180,80,"germany",66,66,63,65,50,64,66,70,67,62,47,66,73,72,75,65,78,35,40,7,9,15,8,9
4000,29,178,80,"germany",66,66,62,67,53,67,65,64,63,66,62,67,65,59,72,68,82,28,20,6,12,9,16,13
2000,30,186,88,"germany",66,66,45,45,63,66,43,60,50,46,65,59,84,84,56,65,62,65,62,14,15,15,12,13
3000,30,177,70,"germany",66,66,60,65,52,62,58,70,57,58,58,69,83,67,84,61,85,25,22,7,11,14,12,14
2000,35,187,86,"germany",66,66,60,25,62,61,31,60,57,49,58,61,62,68,58,66,60,65,67,11,15,11,6,6
2000,29,182,75,"germany",66,66,53,61,52,58,60,69,59,56,48,68,84,83,75,61,71,18,17,12,11,9,12,12
3000,28,181,78,"germany",66,66,60,54,59,68,47,68,59,48,67,69,64,79,72,67,69,64,63,8,8,13,12,11
3000,30,191,82,"germany",66,66,32,31,70,57,38,44,30,31,51,53,54,52,38,62,57,67,61,8,9,12,13,9
1000,27,183,77,"germany",66,66,63,55,47,69,51,70,72,70,63,72,75,70,83,65,81,44,49,9,8,11,11,9
5000,27,181,74,"germany",66,67,60,56,56,69,62,73,62,55,58,72,78,76,81,68,75,54,38,14,10,10,13,7
9000,27,186,84,"germany",66,66,15,17,15,26,15,14,17,13,32,20,38,39,47,64,40,12,16,68,59,66,62,70
1000,27,173,68,"germany",66,66,68,52,39,65,40,65,74,66,64,64,79,73,85,60,86,60,58,8,16,14,11,14
1000,30,182,80,"germany",66,66,52,44,59,66,41,52,46,54,61,66,66,52,63,59,66,67,64,15,10,16,6,15
1000,27,184,77,"germany",66,67,49,41,56,69,48,48,73,68,68,63,60,61,69,52,62,62,58,10,16,7,7,15
1000,31,178,75,"germany",66,66,60,65,46,62,56,69,65,49,58,67,87,86,78,67,80,22,29,14,12,13,7,11
2000,30,189,86,"germany",66,66,43,33,60,57,40,42,38,37,54,56,54,53,53,61,50,62,63,12,10,8,9,9
2000,27,194,82,"germany",66,68,11,7,14,22,9,9,11,12,16,13,28,31,32,59,26,14,13,66,64,58,66,68
2000,28,194,89,"germany",66,66,29,23,69,58,27,52,24,22,54,57,53,53,33,62,32,67,62,9,6,8,12,11
3000,29,187,84,"germany",66,66,38,19,63,52,27,44,26,28,41,50,80,84,58,65,62,68,60,12,9,12,7,13
3000,25,195,88,"germany",66,69,13,14,21,23,13,15,16,15,21,23,40,42,26,60,31,16,13,68,65,61,64,67
2000,25,196,84,"germany",66,70,49,41,68,62,46,54,48,29,56,62,54,62,34,61,44,68,64,7,8,13,13,12
4000,28,187,83,"germany",66,67,60,31,69,58,23,53,36,40,57,60,53,61,54,59,56,67,64,14,13,8,10,7
2000,24,174,71,"germany",66,70,59,57,43,64,49,72,57,49,47,65,90,82,77,60,82,48,49,14,11,10,14,7
2000,24,179,73,"germany",66,71,53,47,39,76,51,68,51,61,71,73,65,61,80,62,81,45,35,11,11,9,11,13
3000,25,181,78,"germany",66,70,50,39,65,71,43,64,48,47,66,69,65,55,67,69,70,69,65,10,13,14,7,12
3000,27,188,86,"germany",66,66,62,58,56,61,44,62,58,47,52,60,85,94,67,62,64,54,54,15,16,9,14,6
2000,24,179,77,"germany",66,72,55,47,51,65,48,62,50,48,66,66,82,78,76,63,82,62,63,8,5,8,11,9
4000,23,168,71,"germany",66,72,71,56,45,68,53,71,73,65,69,69,78,68,92,55,91,45,38,7,12,13,14,11
2000,27,188,84,"germany",66,69,11,12,17,22,12,10,13,19,20,22,44,48,33,62,48,10,12,64,67,61,64,67
4000,24,183,79,"germany",66,71,54,37,57,60,29,57,37,42,47,58,76,74,68,62,69,63,64,8,8,9,12,9
6000,24,175,75,"germany",66,73,69,62,54,68,53,69,60,64,60,69,80,66,76,61,83,60,60,9,10,6,11,13
1000,24,176,70,"germany",66,70,62,39,43,60,40,59,57,33,54,61,84,82,78,59,80,63,62,10,7,14,11,12
7000,27,180,77,"germany",66,67,57,62,45,72,52,69,66,52,58,70,71,65,78,67,74,59,53,7,10,13,5,14
5000,29,186,81,"germany",66,66,63,62,58,59,68,66,57,39,44,62,76,81,68,66,67,22,20,6,9,14,7,8
3000,27,183,75,"germany",66,66,66,66,65,70,51,67,60,59,60,68,63,69,64,64,59,43,42,14,10,9,14,9
2000,27,179,75,"germany",66,68,38,29,57,61,40,51,44,50,59,59,68,68,72,64,72,67,70,9,6,13,11,13
5000,23,190,89,"germany",66,72,37,69,65,63,53,64,29,25,50,65,61,64,63,64,55,36,23,10,7,5,11,7
2000,23,188,78,"germany",66,73,41,38,62,65,27,52,34,40,64,65,66,65,64,58,58,66,63,14,11,7,6,7
4000,29,170,72,"germany",66,66,70,44,40,65,52,67,64,48,58,64,81,70,82,65,89,63,64,14,11,6,15,7
8000,21,193,84,"germany",66,76,10,11,11,29,9,13,15,14,25,17,25,23,26,49,23,10,13,69,65,67,65,68
5000,26,176,72,"germany",66,68,51,32,41,64,27,58,38,36,54,63,79,77,77,63,83,68,68,15,10,12,10,5
6000,26,178,72,"germany",66,68,67,63,58,69,58,68,71,73,65,69,64,61,70,63,66,61,56,5,13,12,12,11
5000,23,182,78,"germany",66,73,66,34,52,62,49,61,57,38,54,62,76,75,64,60,68,62,57,13,12,13,11,9
2000,28,186,81,"germany",66,69,9,9,8,29,10,16,13,18,28,21,48,52,50,63,49,9,9,70,64,60,63,67
13000,22,193,90,"germany",66,73,60,69,71,62,61,56,42,28,44,56,53,60,45,65,42,42,33,6,13,14,11,10
3000,32,186,76,"germany",66,66,55,55,61,67,47,60,56,58,67,64,55,63,64,64,61,62,60,6,12,9,14,11
2000,24,184,67,"germany",66,71,60,29,50,61,26,63,37,30,59,64,90,89,73,55,66,59,58,5,7,14,12,9
2000,25,188,79,"germany",66,68,61,41,65,62,44,58,44,36,58,64,64,66,58,62,59,68,64,7,9,10,9,10
3000,23,181,74,"germany",66,72,65,61,42,60,50,66,52,38,57,65,78,71,74,63,72,26,27,14,12,7,7,13
2000,26,175,74,"germany",66,66,64,59,46,61,38,63,45,44,55,61,85,73,75,65,78,52,44,13,5,7,6,12
5000,22,182,76,"germany",66,73,53,65,55,68,54,67,49,38,61,67,73,72,74,60,78,40,34,6,14,7,11,7
8000,27,185,87,"germany",66,67,33,70,65,55,63,59,57,36,25,64,65,65,66,65,61,23,23,7,6,15,9,14
1000,27,186,76,"germany",66,69,36,30,67,62,27,52,50,58,63,57,63,68,62,58,63,65,66,14,8,12,5,8
3000,27,181,73,"germany",66,66,66,49,48,66,49,68,67,65,63,66,78,70,74,62,77,53,54,6,10,6,5,12
4000,24,170,70,"germany",66,72,53,60,42,59,52,71,45,37,50,62,93,92,88,61,90,39,31,8,10,14,8,10
2000,26,173,72,"germany",66,68,45,49,38,68,48,69,33,36,63,68,77,66,83,67,82,64,67,6,8,14,6,9
1000,30,186,87,"germany",66,66,62,40,63,63,26,54,39,35,66,55,53,52,53,59,60,64,63,10,14,7,14,7
2000,24,180,84,"germany",66,70,61,47,63,59,28,59,41,47,56,60,71,67,64,61,61,63,61,7,6,7,11,7
850,32,192,81,"germany",66,66,22,24,66,61,27,32,29,27,58,57,52,32,42,58,55,66,61,8,6,10,15,6
5000,22,190,86,"germany",66,74,33,27,65,58,28,45,25,22,60,40,64,64,50,54,55,70,67,11,12,11,11,8
5000,20,196,87,"germany",66,81,32,29,66,60,33,39,38,35,39,53,65,64,51,54,46,73,65,8,7,8,5,11
10000,22,192,86,"germany",66,76,13,8,12,21,9,9,12,11,31,14,23,27,31,56,24,9,13,64,63,66,66,71
1000,25,183,76,"germany",66,69,65,56,40,62,38,70,56,30,41,66,84,86,76,57,73,57,56,7,14,7,9,13
2000,24,190,79,"germany",66,72,43,29,65,64,34,57,38,35,59,62,53,64,52,64,53,68,63,14,7,14,13,13
2000,23,183,73,"germany",66,73,44,43,54,68,36,54,45,51,66,57,65,67,66,65,65,64,63,5,9,6,9,6
5000,21,181,75,"germany",66,76,65,49,52,62,38,62,51,39,57,62,72,74,68,60,67,65,63,6,10,10,15,14
4000,25,185,84,"germany",66,69,59,60,53,71,57,68,52,51,69,71,68,69,71,63,69,52,41,11,11,12,12,11
7000,27,185,83,"germany",66,66,39,69,70,54,65,55,35,27,29,62,64,67,68,64,64,25,19,11,12,6,14,7
4000,22,185,77,"germany",66,75,67,41,63,71,38,63,67,62,68,64,61,64,63,56,62,65,61,10,10,11,10,7
7000,20,180,75,"germany",66,78,49,66,61,61,53,70,50,60,46,68,78,77,78,65,72,16,21,14,8,5,13,14
4000,24,177,70,"germany",66,73,59,55,54,60,34,66,42,46,62,64,85,84,74,62,74,62,62,15,5,8,7,6
4000,21,180,67,"germany",66,75,64,64,46,59,54,72,45,37,42,69,78,74,77,63,66,16,18,9,9,11,10,8
2000,22,194,87,"germany",66,73,28,24,68,55,25,44,27,24,58,54,60,64,54,58,34,69,64,15,9,12,7,8
6000,26,171,69,"germany",66,68,64,30,39,58,36,62,49,33,44,59,91,90,87,58,86,58,61,13,13,8,5,7
2000,22,180,73,"germany",66,75,68,40,58,61,38,69,70,64,68,69,79,84,74,63,69,61,61,9,14,7,9,13
1000,21,186,79,"germany",66,71,48,48,62,66,57,59,40,37,59,64,67,67,66,65,65,67,67,14,9,14,14,10
5000,23,180,74,"germany",66,73,51,46,57,75,36,66,44,46,71,70,64,70,63,61,70,70,64,8,6,9,5,7
3000,20,182,77,"germany",66,73,62,35,56,67,30,64,41,37,59,65,73,73,63,59,70,65,61,7,13,10,13,10
8000,19,187,81,"germany",66,84,50,38,65,65,35,53,43,43,61,63,65,67,67,58,69,70,66,5,10,13,5,15
3000,21,190,87,"germany",66,73,30,62,62,66,56,68,42,29,48,70,67,81,65,64,58,12,12,6,6,13,9,6
2000,24,184,84,"germany",66,72,30,23,60,63,35,45,32,35,51,56,76,74,60,56,54,68,65,15,6,10,12,8
500,35,188,86,"germany",65,65,11,10,13,23,10,19,10,12,23,22,36,40,41,63,53,15,10,65,64,64,63,66
1000,31,182,76,"germany",65,65,55,46,59,69,48,63,40,39,66,65,62,60,68,67,68,65,59,10,12,14,9,13
750,30,184,77,"germany",65,65,63,41,55,65,55,60,65,63,63,63,67,57,66,65,60,63,64,11,15,15,11,12
1000,31,184,78,"germany",65,65,41,22,60,58,13,46,44,48,53,56,56,57,65,62,63,66,66,9,15,11,15,15
7000,29,186,73,"germany",65,65,60,64,49,64,56,67,64,59,50,65,76,70,74,60,70,41,30,8,11,10,7,12
2000,27,179,68,"germany",65,65,66,54,47,67,62,67,69,69,55,65,77,58,82,64,78,24,20,11,7,14,9,8
2000,29,178,76,"germany",65,65,63,44,52,61,44,61,68,69,60,60,84,90,76,62,76,58,60,12,11,16,9,8
4000,27,179,69,"germany",65,66,61,51,40,64,51,65,64,67,68,55,74,74,78,65,74,62,60,13,12,12,6,15
3000,29,182,76,"germany",65,65,57,64,70,67,64,63,58,49,58,60,71,68,68,71,67,62,60,9,12,8,15,13
2000,29,184,79,"germany",65,66,42,43,67,59,52,39,39,44,50,54,75,65,65,64,67,66,67,14,9,8,10,8
3000,28,186,80,"germany",65,65,65,62,48,64,60,70,67,65,56,66,68,75,68,61,61,32,25,14,16,7,10,9
1000,31,185,83,"germany",65,65,10,9,14,23,11,17,12,12,21,16,37,41,38,64,43,9,15,64,62,60,66,67
2000,27,190,83,"germany",65,66,54,59,65,65,63,66,43,40,65,68,52,44,62,64,64,57,51,12,15,13,6,8
3000,31,190,88,"germany",65,65,43,30,67,63,28,46,33,31,61,54,31,32,31,61,38,66,64,7,8,7,8,7
13000,26,178,76,"germany",65,66,67,57,40,66,55,68,81,70,47,67,83,69,80,57,77,25,26,13,11,15,7,10
2000,30,180,75,"germany",65,65,63,31,50,64,45,61,68,49,61,61,71,72,70,64,73,63,60,10,8,12,14,7
1000,27,187,79,"germany",65,65,50,31,58,56,38,49,35,31,39,59,61,65,53,65,59,66,67,11,13,6,13,13
2000,27,186,77,"germany",65,66,47,27,56,66,38,39,31,38,53,65,62,63,61,64,66,67,65,8,9,10,8,9
2000,26,173,72,"germany",65,67,54,59,46,66,63,69,71,67,52,69,74,65,86,63,84,21,17,7,12,8,7,15
800,24,186,86,"germany",65,71,18,15,19,39,15,21,21,16,34,26,48,47,35,55,53,12,9,68,64,57,63,68
2000,28,183,80,"germany",65,65,40,64,66,63,60,65,50,37,44,68,70,74,70,60,71,21,22,14,10,13,7,15
1000,28,178,76,"germany",65,65,63,56,40,63,60,65,70,72,52,62,80,77,79,60,79,62,61,10,13,15,16,10
3000,28,181,78,"germany",65,67,49,40,62,57,38,57,48,39,48,49,63,54,61,65,67,67,70,11,11,12,9,16
2000,26,180,71,"germany",65,65,57,57,43,63,55,67,53,42,45,66,91,81,81,58,77,45,46,10,7,10,10,9
1000,26,178,72,"germany",65,65,53,62,56,67,52,66,50,40,62,65,73,73,74,59,79,48,44,9,15,13,6,5
1000,23,185,81,"germany",65,72,65,60,64,62,57,66,60,49,51,65,80,84,65,55,69,59,55,12,11,11,5,11
1000,24,176,70,"germany",65,70,61,56,38,65,52,75,64,37,47,70,80,74,84,50,83,46,41,6,11,11,5,13
1000,25,180,68,"germany",65,69,64,29,53,60,31,59,56,49,49,60,76,72,77,63,78,60,58,6,13,9,11,13
5000,27,180,80,"germany",65,66,69,49,44,65,33,63,71,49,63,60,81,84,78,62,71,60,61,7,8,7,15,6
3000,23,180,75,"germany",65,70,63,63,53,64,61,66,64,64,60,64,69,62,73,62,74,52,51,13,11,8,14,8
950,25,190,82,"germany",65,71,13,8,12,24,8,12,10,10,20,13,16,27,25,49,27,13,10,66,67,54,65,68
4000,23,197,87,"germany",65,71,14,9,16,29,11,16,17,14,26,13,18,26,42,58,31,17,13,66,66,61,61,68
2000,22,192,84,"germany",65,71,14,5,10,20,5,5,12,8,25,15,20,26,36,53,29,13,13,67,63,59,65,66
4000,22,182,67,"germany",65,73,55,56,49,69,49,67,58,48,64,69,74,65,77,62,77,66,62,6,6,9,14,10
4000,25,199,90,"germany",65,68,59,62,69,58,59,68,43,31,35,71,67,67,53,58,34,28,22,12,9,14,11,9
2000,24,184,81,"germany",65,69,36,52,60,62,36,56,39,31,62,62,63,66,65,63,64,63,59,5,8,12,14,15
3000,24,182,76,"germany",65,69,66,49,48,67,40,64,50,43,58,66,66,72,76,65,63,61,57,11,9,12,6,6
2000,30,178,72,"germany",65,65,63,36,53,60,31,47,49,48,49,57,73,74,71,55,74,58,60,6,7,11,10,8
2000,29,181,82,"germany",65,65,34,71,64,57,66,63,42,26,34,64,67,49,66,58,69,19,17,8,15,12,9,10
1000,24,193,81,"germany",65,71,27,22,69,44,24,28,26,27,39,49,54,54,49,61,43,68,65,11,8,6,5,12
2000,26,180,70,"germany",65,67,53,51,48,64,45,63,43,50,62,64,76,67,77,65,77,62,58,11,7,6,12,7
2000,26,192,90,"germany",65,68,25,25,66,54,35,34,26,23,42,50,37,36,35,58,35,64,62,7,6,8,5,9
2000,24,175,70,"germany",65,69,60,50,44,54,57,65,46,44,53,64,81,80,82,58,79,61,67,12,12,14,9,14
1000,23,182,78,"germany",65,72,35,55,62,65,55,61,34,42,62,62,66,66,67,63,66,65,63,11,14,7,7,10
1000,26,188,80,"germany",65,68,42,23,62,59,22,50,22,24,57,57,64,68,61,62,58,66,62,10,5,13,9,8
12000,21,184,78,"germany",65,76,46,66,61,53,64,67,44,38,34,69,70,66,76,67,71,17,20,14,12,10,7,11
6000,22,183,74,"germany",65,73,51,51,39,74,47,74,50,45,67,74,72,68,74,64,72,33,34,15,6,6,14,12
3000,22,174,64,"germany",65,74,68,46,42,65,37,70,59,58,56,69,77,70,73,61,81,61,59,13,8,7,14,8
5000,22,193,83,"germany",65,72,7,5,12,21,9,11,8,11,18,18,36,38,30,56,33,9,11,65,63,59,64,67
2000,23,184,80,"germany",65,72,32,69,64,57,60,58,47,40,39,64,60,62,65,64,68,23,17,7,12,8,12,12
4000,21,196,88,"germany",65,74,13,5,11,22,9,8,13,14,15,12,18,32,35,61,24,12,11,69,63,58,61,68
1000,21,180,70,"germany",65,76,63,47,41,64,45,68,63,55,59,66,85,76,84,59,79,42,39,14,9,10,10,5
6000,23,185,76,"germany",65,72,55,53,55,67,49,68,60,40,64,66,80,78,73,65,75,57,48,15,6,6,7,11
3000,29,181,81,"germany",65,65,63,34,45,63,23,62,44,32,62,58,74,75,69,60,71,64,62,6,8,10,8,8
5000,21,174,65,"germany",65,74,61,44,54,64,47,58,51,47,59,62,76,73,81,63,77,61,62,10,7,14,11,8
11000,20,178,67,"germany",65,80,55,63,35,60,56,75,54,56,51,72,78,73,84,61,81,27,27,10,15,14,12,6
950,22,193,89,"germany",65,74,37,31,62,59,34,49,21,25,42,66,69,70,60,59,49,68,66,12,10,8,7,15
6000,24,197,89,"germany",65,71,51,60,65,60,44,69,40,28,40,68,79,83,65,62,54,29,19,11,11,9,11,9
1000,25,184,78,"germany",65,69,59,37,56,60,36,58,53,45,57,62,71,71,65,59,68,66,61,13,8,6,13,8
1000,24,188,85,"germany",65,70,48,36,57,61,47,59,43,30,56,59,67,67,65,66,66,65,59,9,7,15,6,15
1000,23,189,86,"germany",65,70,31,29,62,65,28,49,33,32,61,53,57,54,55,62,58,68,63,11,13,9,10,10
3000,21,188,81,"germany",65,74,52,63,64,57,57,61,40,31,34,64,73,90,46,59,49,25,21,12,10,9,12,14
9000,21,177,75,"germany",65,75,54,54,43,70,47,68,53,53,68,69,67,66,74,66,75,54,59,10,10,10,14,8
1000,24,186,81,"germany",65,67,61,66,58,63,59,63,59,48,48,64,70,73,64,67,62,24,20,12,7,6,10,6
2000,21,182,72,"germany",65,76,58,58,39,54,47,74,50,35,39,65,94,93,85,55,80,31,27,5,14,14,15,6
1000,24,185,72,"germany",65,69,45,50,55,69,41,62,40,45,67,64,63,56,65,62,67,65,62,14,10,6,10,13
3000,21,186,80,"germany",65,75,39,24,66,54,25,36,26,60,49,59,64,66,57,64,53,67,64,11,7,11,8,12
4000,21,189,78,"germany",65,77,68,59,45,69,44,65,42,37,59,69,68,69,74,56,61,26,24,15,8,11,14,5
2000,19,182,76,"germany",65,79,53,66,63,61,44,66,55,25,48,63,81,85,80,53,82,34,33,15,10,9,6,7
5000,21,186,85,"germany",65,76,49,44,58,71,41,60,42,49,67,65,63,66,60,61,62,70,66,13,8,11,10,7
10000,19,184,74,"germany",65,79,42,68,64,52,48,67,47,30,44,68,74,68,67,61,61,23,21,9,11,8,14,8
5000,22,177,77,"germany",65,70,68,42,59,63,37,64,42,37,52,62,72,70,73,52,73,68,66,14,6,8,7,13
550,21,183,79,"germany",65,74,53,51,55,65,35,59,46,34,62,61,66,65,67,64,65,63,59,12,11,8,14,7
1000,24,172,68,"germany",65,70,53,67,38,62,52,71,59,43,47,66,86,82,83,60,91,26,22,8,9,12,12,14
700,38,190,93,"germany",64,64,48,72,76,46,57,40,59,43,38,62,30,31,34,66,38,36,12,14,8,14,11,10
5000,33,178,74,"germany",64,64,57,39,60,65,43,56,48,43,62,63,48,46,67,61,72,65,59,7,12,11,10,16
2000,37,184,83,"germany",64,64,12,12,14,27,10,14,15,15,24,20,42,40,53,63,44,12,11,63,66,62,64,61
1000,33,189,78,"germany",64,64,54,52,57,66,52,59,56,41,62,62,31,33,48,67,49,60,59,16,11,12,7,15
1000,32,186,80,"germany",64,64,58,30,53,62,40,64,51,45,54,62,65,75,63,63,60,65,61,15,15,12,7,9
3000,32,185,84,"germany",64,64,12,14,14,31,12,13,14,12,30,21,44,49,48,63,36,10,13,64,62,64,61,65
1000,32,185,78,"germany",64,64,62,39,60,62,36,61,55,46,61,63,62,65,64,62,64,64,61,8,16,11,10,15
2000,32,178,75,"germany",64,64,66,56,43,68,64,65,68,51,61,66,75,73,77,70,75,57,54,10,10,12,6,6
750,30,182,77,"germany",64,64,45,63,63,63,60,66,55,66,36,66,72,72,74,60,71,32,22,9,14,7,14,8
1000,28,190,91,"germany",64,64,32,29,66,53,37,31,30,29,50,50,35,53,41,64,41,64,61,8,7,15,8,11
3000,28,171,71,"germany",64,64,56,58,49,64,56,65,53,52,58,67,77,73,80,61,84,22,19,15,11,6,14,8
1000,28,182,77,"germany",64,64,61,39,61,62,32,60,46,59,59,60,72,71,68,64,63,61,53,15,8,13,11,9
3000,29,185,77,"germany",64,64,59,63,60,59,62,63,63,58,57,65,69,69,68,65,67,29,23,8,11,15,10,11
2000,28,181,76,"germany",64,64,55,60,56,66,71,62,65,62,62,66,67,66,74,65,71,56,48,10,7,14,7,11
2000,30,182,69,"germany",64,64,53,58,54,64,46,62,52,39,61,64,79,78,76,65,75,61,60,8,11,8,13,12
2000,27,197,92,"germany",64,67,8,9,14,22,8,10,12,14,16,12,32,36,31,56,28,13,12,69,59,40,68,64
3000,31,188,87,"germany",64,64,12,11,16,23,7,16,12,13,16,18,45,42,36,58,50,11,19,64,66,61,59,67
2000,29,188,84,"germany",64,64,54,60,57,61,67,61,64,32,40,62,72,85,64,64,60,16,17,15,8,15,13,11
1000,30,177,79,"germany",64,64,60,55,51,61,58,63,59,61,59,62,72,75,81,63,84,63,60,13,13,10,12,15
2000,28,170,68,"germany",64,64,59,62,43,59,48,70,62,47,46,63,86,81,89,62,86,60,57,13,11,8,11,13
1000,26,186,76,"germany",64,65,62,58,48,63,47,70,55,40,49,69,72,74,65,58,65,39,38,7,8,8,8,15
3000,27,181,76,"germany",64,64,60,50,40,68,43,64,58,63,64,68,57,50,67,64,66,61,54,16,12,10,10,11
800,24,188,89,"germany",64,69,15,16,18,26,13,14,13,18,24,21,42,43,38,59,38,17,16,65,61,56,63,68
650,27,173,68,"germany",64,65,51,40,50,59,30,54,31,28,55,59,72,67,75,63,83,61,60,11,7,12,7,7
3000,25,180,67,"germany",64,67,64,58,39,62,48,66,60,40,34,66,81,74,80,57,75,35,29,15,13,11,7,9
1000,33,187,77,"germany",64,64,58,63,47,61,63,65,59,33,50,64,82,77,66,65,68,28,22,6,10,12,13,9
950,26,178,82,"germany",64,66,49,61,65,59,53,60,51,32,48,62,66,69,67,60,78,21,23,16,15,8,9,12
1000,25,182,73,"germany",64,69,61,56,42,64,54,69,60,49,54,68,76,79,78,62,76,59,56,14,11,14,8,10
3000,24,180,75,"germany",64,67,58,54,41,60,48,65,46,52,46,62,78,79,75,64,75,34,19,11,13,14,6,12
750,25,188,78,"germany",64,70,40,27,66,58,20,42,31,30,43,50,61,70,59,60,59,69,66,10,10,8,6,14
2000,28,192,82,"germany",64,64,28,26,69,52,18,29,25,24,30,46,51,40,50,57,43,66,65,11,8,9,7,8
4000,23,180,75,"germany",64,71,54,58,56,62,53,66,39,30,28,61,91,90,81,65,77,21,13,11,10,8,7,7
2000,23,180,75,"germany",64,69,60,55,49,62,48,63,46,58,46,65,82,77,78,59,74,29,26,7,14,12,14,6
1000,25,191,79,"germany",64,68,49,29,70,59,31,45,29,27,42,54,65,75,51,63,42,63,60,10,12,15,9,7
3000,25,191,85,"germany",64,69,11,10,10,30,5,16,19,13,28,25,38,30,37,51,35,11,11,67,60,59,60,70
1000,24,174,73,"germany",64,68,62,52,45,67,40,63,62,43,59,68,73,64,79,63,83,60,58,8,12,8,5,7
2000,22,184,83,"germany",64,70,63,53,31,61,56,67,64,44,46,65,79,80,75,58,70,23,23,12,11,8,13,15
4000,24,185,78,"germany",64,69,58,54,60,61,41,60,41,38,61,60,66,66,65,61,63,61,56,9,14,11,9,12
1000,27,186,83,"germany",64,65,46,60,62,65,60,65,54,65,60,68,64,72,61,64,60,56,54,8,15,12,14,5
800,31,188,84,"germany",64,64,39,60,49,70,30,62,32,38,70,64,53,54,60,66,57,60,62,12,6,11,6,10
5000,29,186,77,"germany",64,64,62,63,48,60,57,62,66,37,54,64,76,77,72,66,61,23,25,13,11,10,8,7
2000,29,178,74,"germany",64,64,60,62,47,63,58,64,59,64,52,66,81,70,80,62,81,32,31,11,15,12,5,9
1000,25,170,69,"germany",64,65,61,56,47,61,59,65,50,39,40,63,85,82,93,61,92,18,25,12,14,5,6,11
700,29,180,77,"germany",64,64,60,27,46,58,21,60,29,26,39,60,71,74,73,59,68,60,62,14,5,11,6,6
900,28,179,76,"germany",64,64,56,56,49,66,38,62,48,55,64,65,80,72,78,64,77,60,56,5,11,14,9,12
550,23,187,78,"germany",64,70,48,39,63,58,42,48,25,20,42,56,65,71,59,59,60,66,62,7,8,12,10,9
1000,28,175,67,"germany",64,64,55,50,56,68,53,63,44,59,65,66,72,61,79,61,80,62,61,13,11,11,8,13
2000,21,176,65,"germany",64,75,59,59,51,62,58,72,63,43,40,71,78,78,80,54,75,22,19,5,14,14,13,12
850,21,185,83,"germany",64,72,28,22,43,63,29,53,23,30,44,63,63,69,64,62,63,66,63,8,11,7,13,10
1000,21,189,83,"germany",64,78,12,10,13,26,14,11,12,15,26,24,38,42,46,62,46,10,13,66,61,61,58,67
4000,24,176,68,"germany",64,70,57,61,36,61,50,64,57,56,49,63,80,81,81,61,82,28,31,11,15,7,8,13
850,21,187,89,"germany",64,74,48,42,62,64,39,57,44,42,57,57,55,70,56,59,61,64,62,10,8,11,11,14
2000,21,170,66,"germany",64,72,58,58,59,58,50,67,43,36,43,65,80,80,81,62,80,23,20,7,9,12,13,11
4000,21,183,78,"germany",64,74,41,68,57,49,46,65,35,29,32,66,84,70,73,62,70,20,19,15,9,11,13,11
800,21,178,70,"germany",64,75,59,58,51,68,48,67,50,36,63,66,76,68,85,61,81,51,47,9,9,7,9,12
2000,29,185,78,"germany",64,64,66,47,44,60,53,67,67,58,50,64,65,65,66,59,61,65,62,10,10,15,9,15
3000,27,186,80,"germany",64,64,58,42,69,61,41,55,52,43,48,61,69,74,62,56,56,63,59,7,10,8,12,14
4000,24,191,87,"germany",64,68,36,66,67,50,44,52,30,31,35,56,69,76,50,62,54,32,26,12,12,7,7,8
2000,21,190,89,"germany",64,72,42,29,57,65,32,57,41,38,59,65,60,65,56,59,55,65,59,14,11,12,14,13
5000,23,188,81,"germany",64,73,29,31,71,62,38,34,28,32,55,43,59,68,55,55,54,65,66,8,7,9,5,8
2000,22,192,89,"germany",64,72,43,22,65,56,25,36,25,22,40,52,51,55,37,57,40,67,61,14,12,11,15,12
2000,24,178,72,"germany",64,68,53,54,41,69,45,64,58,51,64,68,54,47,73,60,78,64,54,6,7,6,11,14
600,20,185,82,"germany",64,79,8,6,10,29,7,10,8,9,28,19,39,44,58,62,62,10,11,59,60,68,63,67
1000,27,183,72,"germany",64,65,61,55,56,60,50,65,62,50,57,60,85,74,73,61,67,57,57,13,6,6,14,9
2000,24,187,79,"germany",64,69,59,21,61,60,24,58,50,27,50,58,72,78,64,57,62,64,62,12,9,7,8,13
2000,26,178,82,"germany",64,65,58,62,40,61,52,66,58,34,55,65,90,85,72,56,73,17,14,12,6,8,12,8
9000,20,194,89,"germany",64,75,37,24,73,52,32,40,36,32,39,45,51,55,41,60,43,66,64,12,6,8,13,7
900,24,180,70,"germany",64,71,53,54,61,63,54,61,63,43,54,63,73,68,74,64,79,64,63,5,14,9,12,13
2000,27,185,76,"germany",64,67,10,7,10,23,9,8,11,11,29,11,24,29,29,47,44,12,10,62,66,59,65,66
3000,24,180,73,"germany",64,68,36,70,58,65,67,70,62,42,46,65,75,73,74,62,70,22,21,9,12,11,5,7
3000,18,183,72,"germany",64,78,34,71,61,52,52,60,48,35,34,63,66,62,66,68,74,21,17,6,8,8,6,13
2000,19,184,79,"germany",64,81,51,64,39,65,50,74,55,66,56,74,71,58,75,52,73,24,22,11,14,14,11,15
700,28,180,75,"germany",64,64,25,23,58,54,27,47,21,29,43,54,81,83,73,62,66,65,64,11,9,15,6,9
550,27,186,71,"germany",64,65,12,9,10,24,9,17,11,13,22,23,44,45,36,62,47,10,13,66,60,62,63,66
2000,18,169,66,"germany",64,83,55,60,39,62,50,71,54,46,58,68,79,74,90,47,85,32,27,11,9,10,6,9
850,20,173,70,"germany",64,72,60,59,53,69,38,66,50,47,65,64,71,53,82,59,81,66,64,9,8,15,8,11
1000,23,176,69,"germany",64,70,57,62,35,59,60,65,60,36,47,64,86,88,85,52,85,23,20,12,14,10,12,6
3000,19,175,75,"germany",64,78,62,53,55,73,57,71,60,51,72,70,69,63,76,60,75,60,59,8,8,10,15,6
2000,19,188,76,"germany",64,81,50,70,64,59,61,61,64,58,51,64,72,80,68,62,68,22,19,7,15,10,9,5
800,18,180,80,"germany",64,81,66,45,50,64,48,64,68,39,55,63,77,69,74,60,71,61,56,11,12,14,11,12
550,23,180,72,"germany",64,70,58,24,42,60,22,55,29,34,52,58,78,79,68,57,67,62,58,7,9,7,14,14
2000,19,184,83,"germany",64,77,31,71,68,49,53,59,52,31,35,57,60,65,67,57,63,26,22,13,11,12,10,6
3000,21,181,78,"germany",64,73,33,70,65,46,57,60,40,32,40,64,66,69,67,58,69,18,15,7,5,6,13,10
1000,21,185,78,"germany",64,73,63,60,35,67,62,67,66,62,63,64,71,66,75,60,71,37,44,10,15,12,12,10
4000,30,188,82,"germany",63,63,61,36,68,61,35,54,43,33,60,58,50,52,53,61,46,64,64,13,10,15,14,10
2000,30,188,90,"germany",63,63,39,64,67,60,63,59,55,46,43,64,45,52,56,62,50,26,17,8,16,13,9,8
1000,30,183,82,"germany",63,63,63,63,47,61,65,64,73,67,50,64,75,77,75,60,70,37,35,13,16,9,15,12
700,29,177,73,"germany",63,63,58,58,57,64,46,66,63,55,65,67,69,72,81,52,76,57,59,6,6,6,13,16
1000,29,191,90,"germany",63,63,39,30,66,62,29,55,45,43,59,58,51,54,51,55,53,63,60,10,16,9,15,7
2000,29,189,93,"germany",63,63,44,52,62,60,53,55,59,56,57,54,54,69,65,59,70,63,62,12,6,9,14,10
650,30,181,79,"germany",63,63,60,59,54,58,59,62,69,66,53,62,78,78,71,59,72,40,57,14,14,8,7,6
650,29,194,78,"germany",63,63,57,26,66,61,18,59,38,53,59,59,64,72,41,60,43,63,60,13,14,11,15,7
1000,29,190,84,"germany",63,63,43,19,64,54,29,29,39,51,58,45,54,54,45,54,56,65,63,7,15,8,14,14
500,25,178,73,"germany",63,68,63,40,51,57,33,63,60,63,48,63,75,72,73,51,74,60,57,10,7,9,14,16
1000,26,189,74,"germany",63,65,57,20,64,59,27,53,23,55,55,57,56,62,48,59,60,63,63,12,14,12,11,10
1000,25,192,78,"germany",63,66,52,61,63,64,55,66,59,63,54,65,68,76,60,59,44,32,23,7,13,7,12,14
1000,26,183,82,"germany",63,64,58,63,60,63,57,64,60,53,43,66,68,70,70,63,68,24,23,8,8,11,8,8
700,24,186,82,"germany",63,68,9,6,8,39,7,7,11,12,37,22,44,46,53,60,50,10,9,66,55,69,57,68
5000,26,183,80,"germany",63,64,64,61,45,61,64,64,63,65,64,61,59,64,61,64,67,50,44,12,8,9,14,13
650,24,187,77,"germany",63,69,56,61,60,60,55,66,57,51,49,64,77,75,65,58,70,38,31,13,11,5,7,5
1000,24,180,76,"germany",63,68,64,62,59,58,63,71,71,65,44,63,71,73,76,61,79,17,22,12,12,7,10,10
1000,24,185,78,"germany",63,67,44,64,57,53,57,62,49,44,37,63,76,78,70,58,68,19,16,6,9,13,8,10
3000,23,183,72,"germany",63,70,61,29,59,65,35,60,47,39,55,66,68,66,69,58,66,57,58,14,7,14,6,8
3000,22,184,76,"germany",63,73,63,29,53,59,31,62,45,44,42,63,67,65,67,58,64,61,62,8,10,14,9,13
1000,22,184,74,"germany",63,70,63,38,53,63,35,65,46,37,54,58,65,62,67,63,72,63,61,12,12,6,6,13
1000,22,177,82,"germany",63,70,52,65,52,59,52,65,55,40,48,66,79,71,72,59,75,37,39,6,10,8,10,5
1000,30,172,69,"germany",63,63,58,58,52,58,47,61,32,40,44,60,74,80,88,67,85,45,44,13,9,11,14,12
1000,27,184,80,"germany",63,63,47,64,58,63,58,62,59,34,41,62,70,72,67,60,69,24,17,5,14,7,14,5
2000,29,190,89,"germany",63,64,8,6,11,23,9,7,10,8,18,10,22,37,36,61,30,8,10,65,62,51,64,62
550,24,187,77,"germany",63,68,46,58,58,69,47,62,52,47,65,68,63,54,62,61,61,59,44,12,7,7,13,11
3000,24,175,70,"germany",63,69,58,59,40,66,62,65,49,41,59,66,68,73,77,62,85,54,36,10,6,11,8,11
2000,27,182,73,"germany",63,64,66,55,43,61,44,62,46,35,51,61,81,77,77,63,76,53,52,6,10,14,14,5
1000,27,192,84,"germany",63,64,32,34,62,61,27,39,29,27,56,59,54,54,54,62,37,64,58,6,6,6,5,14
650,26,183,79,"germany",63,63,59,62,54,56,49,64,51,41,48,62,82,84,74,57,73,25,24,9,13,13,9,9
2000,23,194,88,"germany",63,71,60,63,63,64,62,65,45,45,48,66,67,73,63,58,56,43,25,13,14,9,5,6
900,23,186,83,"germany",63,74,50,38,56,61,38,55,61,37,55,60,55,55,58,63,61,64,59,6,10,10,14,15
600,27,189,82,"germany",63,65,36,26,61,65,23,41,30,26,42,58,62,55,53,61,55,62,59,8,11,6,9,14
2000,22,191,85,"germany",63,69,42,33,64,60,33,49,40,42,55,48,48,54,55,60,45,66,59,8,9,6,6,9
1000,23,178,65,"germany",63,69,59,44,25,67,31,70,55,55,57,70,79,68,82,59,82,34,31,6,11,12,10,8
1000,22,175,72,"germany",63,72,56,62,43,59,44,70,65,57,52,69,77,69,87,57,86,25,25,8,6,14,6,6
1000,25,172,67,"germany",63,67,52,58,39,63,58,70,57,42,53,65,76,77,90,57,89,35,29,7,15,9,15,10
2000,26,191,91,"germany",63,68,54,26,64,58,30,39,34,27,45,59,52,73,36,57,45,63,58,13,14,7,14,15
2000,21,170,64,"germany",63,74,58,34,52,63,28,65,39,29,58,63,82,75,82,58,90,62,60,12,11,11,8,12
1000,27,190,78,"germany",63,64,30,64,69,57,54,55,38,32,47,57,61,72,58,55,54,14,12,6,11,14,13,11
3000,23,183,78,"germany",63,68,40,30,49,67,37,55,44,36,59,64,66,66,62,56,68,67,63,9,11,6,7,15
1000,21,182,80,"germany",63,77,50,55,60,65,41,53,36,32,57,61,63,65,64,58,66,68,59,10,8,9,11,6
550,21,190,78,"germany",63,73,41,69,61,51,53,62,59,41,54,63,69,69,54,63,63,23,24,9,10,14,11,12
1000,23,177,77,"germany",63,69,57,43,40,66,34,63,44,40,63,64,82,80,83,56,83,44,46,10,9,8,8,15
4000,21,189,81,"germany",63,75,59,64,54,64,50,59,58,34,41,66,88,89,66,51,57,28,20,9,13,13,13,7
1000,22,180,71,"germany",63,70,47,65,53,64,37,62,31,29,45,67,71,65,75,69,74,42,45,14,10,6,12,9
5000,24,195,95,"germany",63,66,42,68,71,58,59,55,51,39,34,58,40,51,36,60,33,31,19,7,6,10,15,13
750,22,182,74,"germany",63,69,56,36,54,57,33,56,50,41,39,58,85,85,69,49,69,61,61,7,9,10,12,8
650,22,188,80,"germany",63,75,12,9,11,27,5,8,10,12,18,17,29,18,22,45,32,11,14,65,65,61,63,64
2000,22,193,93,"germany",63,72,39,27,63,59,33,33,31,32,55,43,52,55,52,48,50,60,57,7,7,5,6,9
2000,21,188,79,"germany",63,75,46,41,59,64,33,55,42,28,58,60,53,69,47,57,48,64,57,13,11,7,9,14
500,24,194,80,"germany",63,68,35,38,65,53,29,42,26,24,43,48,72,74,43,50,43,65,65,13,5,13,15,14
500,23,180,76,"germany",63,69,52,38,55,65,36,50,42,46,63,53,56,55,69,59,69,64,61,15,14,6,12,8
1000,24,178,72,"germany",63,66,57,53,52,52,49,63,53,35,39,60,93,93,88,52,77,35,35,9,7,8,8,12
3000,26,193,85,"germany",63,65,31,23,58,69,14,48,34,20,55,50,50,55,44,60,41,65,62,14,14,7,12,13
1000,30,185,77,"germany",63,63,58,46,56,60,61,61,44,42,55,60,81,83,64,59,63,55,55,9,6,15,5,8
700,20,175,69,"germany",63,78,61,53,39,62,42,64,40,37,51,66,82,76,85,51,84,22,23,10,6,10,13,14
1000,22,177,70,"germany",63,68,53,63,55,60,62,67,56,38,49,62,85,82,83,60,77,25,21,5,12,7,13,14
3000,21,193,86,"germany",63,72,47,22,65,52,25,38,35,19,38,52,65,75,45,59,52,66,64,14,7,13,5,14
2000,19,198,78,"germany",63,76,43,65,63,64,51,67,44,42,44,68,53,68,34,63,33,30,27,11,8,13,9,8
800,22,192,81,"germany",63,76,31,20,62,56,26,42,23,22,51,47,54,66,47,54,42,62,63,9,11,14,8,6
1000,29,173,69,"germany",63,63,62,30,43,61,54,62,60,50,47,59,75,71,82,52,84,61,59,11,9,11,11,9
1000,23,187,77,"germany",63,68,60,36,50,61,29,64,61,28,45,62,85,86,69,51,65,60,57,10,14,6,15,7
550,24,181,73,"germany",63,66,58,63,56,58,63,67,53,43,51,66,85,84,71,55,73,33,29,14,10,7,11,5
2000,24,196,92,"germany",63,68,33,65,70,45,59,59,30,27,36,61,55,58,51,55,36,20,25,8,13,13,11,5
2000,19,183,80,"germany",63,80,14,6,13,18,9,12,13,10,25,10,22,17,30,50,44,11,11,64,63,64,65,64
3000,19,180,70,"germany",63,75,63,65,63,64,68,64,69,56,57,65,66,67,66,49,74,28,28,9,6,11,6,11
700,26,181,76,"germany",63,66,60,53,60,60,43,63,60,39,61,63,83,78,71,60,75,60,57,7,11,9,8,6
6000,20,170,70,"germany",63,74,49,39,48,73,38,63,46,43,66,67,68,65,68,64,78,58,63,9,12,7,14,5
7000,21,187,80,"germany",63,75,48,23,60,59,27,51,27,30,45,57,59,64,55,62,58,67,64,6,11,11,9,15
2000,19,192,78,"germany",63,74,40,28,55,66,37,49,35,28,67,61,42,62,45,49,41,67,63,11,10,12,8,10
1000,21,187,73,"germany",63,68,62,58,47,61,47,63,52,42,58,64,70,67,62,49,62,46,44,13,15,13,7,13
4000,19,183,74,"germany",63,76,56,65,47,62,58,66,39,28,38,64,81,77,68,57,62,21,19,13,11,8,9,10
1000,19,179,75,"germany",63,77,58,52,50,62,48,65,61,52,54,66,79,75,80,60,68,60,52,11,14,10,11,10
1000,26,187,82,"germany",63,65,28,39,60,59,55,52,36,38,52,54,62,62,58,61,51,65,64,10,11,13,12,6
4000,20,188,79,"germany",63,75,61,22,58,59,21,60,49,55,52,59,55,55,34,57,58,65,62,7,7,11,13,12
3000,19,180,72,"germany",63,76,62,58,39,66,52,67,60,59,57,67,67,66,71,55,60,35,35,10,15,9,8,5
500,30,194,87,"germany",63,63,34,25,68,54,28,43,28,25,48,50,52,53,39,53,38,65,63,13,13,11,14,13
500,27,187,75,"germany",63,65,36,28,67,54,35,47,20,30,43,58,58,56,59,54,56,63,60,10,11,10,8,6
600,28,172,68,"germany",63,63,68,57,47,63,53,61,55,63,62,63,67,68,87,53,85,55,51,8,6,11,15,8
2000,23,182,77,"germany",63,71,59,56,52,55,60,70,63,52,55,60,85,85,66,60,63,31,30,12,9,7,11,14
900,20,180,72,"germany",63,74,64,35,44,60,45,68,56,33,45,64,78,72,81,67,80,57,55,9,14,13,8,12
3000,19,196,84,"germany",63,79,44,30,66,62,35,47,35,33,50,55,52,49,44,55,33,68,66,7,6,10,8,10
2000,23,177,66,"germany",63,68,57,46,53,58,22,54,35,33,52,58,67,72,76,56,75,60,61,13,12,12,7,6
500,21,178,74,"germany",63,73,64,58,48,66,52,67,53,52,61,65,66,68,75,57,72,44,47,13,13,9,7,9
800,34,180,81,"germany",62,62,55,40,51,62,57,52,60,52,61,61,52,50,65,61,67,63,60,16,13,9,10,11
500,31,175,73,"germany",62,62,60,41,56,65,43,59,57,43,60,59,74,73,71,58,69,66,68,12,16,6,12,10
3000,31,184,81,"germany",62,62,53,37,63,59,42,47,48,50,51,59,71,61,64,60,67,66,63,14,16,15,11,8
700,32,174,70,"germany",62,62,59,57,52,58,62,60,62,52,56,62,89,87,81,62,81,30,23,12,11,7,9,13
850,28,187,85,"germany",62,64,33,35,62,60,30,46,38,32,57,55,53,62,50,60,58,63,61,14,15,13,8,10
950,31,190,79,"germany",62,62,34,61,65,54,53,61,41,33,33,64,66,68,63,58,65,28,19,9,11,13,14,10
700,28,196,98,"germany",62,64,17,12,13,33,19,15,15,12,34,23,37,42,26,51,31,13,17,62,58,73,65,61
1000,30,176,69,"germany",62,62,65,34,55,67,60,66,53,39,53,66,73,71,82,64,81,55,52,7,11,7,9,8
1000,30,195,90,"germany",62,62,16,16,20,28,16,13,15,18,25,16,40,49,39,49,58,11,16,64,62,59,61,63
1000,28,179,68,"germany",62,62,49,52,47,67,45,64,49,37,65,65,69,67,77,59,77,55,56,10,9,10,12,7
950,32,178,82,"germany",62,62,38,37,57,58,32,48,29,38,56,56,54,38,63,62,69,63,59,9,13,11,8,16
2000,28,187,86,"germany",62,62,30,58,62,50,56,60,32,27,29,67,71,80,68,60,63,28,26,7,10,10,11,7
550,27,180,75,"germany",62,63,55,40,50,63,38,46,43,45,56,61,69,69,66,58,70,58,57,12,9,6,8,12
2000,26,193,89,"germany",62,64,13,18,14,28,19,17,15,14,20,19,40,42,31,63,42,19,12,63,54,50,62,65
2000,24,191,87,"germany",62,70,12,13,10,28,9,20,14,14,22,23,36,38,33,64,30,13,11,63,61,59,58,63
950,25,172,70,"germany",62,65,58,47,33,63,49,68,61,57,56,64,76,71,90,62,93,21,36,10,14,7,8,16
2000,23,184,75,"germany",62,67,40,60,63,52,45,61,45,40,40,62,76,78,72,56,70,25,25,7,14,7,7,10
7000,25,187,84,"germany",62,67,12,6,10,24,10,8,8,7,20,12,31,35,49,59,40,9,8,59,60,63,60,64
500,25,185,80,"germany",62,65,58,26,51,55,24,57,39,20,51,50,75,69,63,59,64,65,64,8,8,12,12,6
2000,25,183,80,"germany",62,65,60,33,63,56,37,60,49,45,62,59,70,71,66,57,63,62,61,7,9,7,6,12
900,24,173,67,"germany",62,69,55,50,54,63,39,66,64,62,59,65,81,73,83,55,85,64,57,12,14,13,8,13
650,28,176,75,"germany",62,63,53,40,58,64,35,60,48,38,61,59,66,64,72,60,70,61,59,15,5,10,8,7
2000,22,180,63,"germany",62,73,52,44,46,65,49,69,59,58,63,68,65,60,72,58,69,56,53,5,9,7,7,8
2000,22,188,82,"germany",62,70,39,30,60,56,34,37,34,32,43,47,57,65,56,60,58,64,63,6,13,8,13,11
950,28,187,80,"germany",62,63,51,42,42,61,29,52,64,65,57,54,67,64,57,57,76,58,58,12,13,12,6,9
2000,25,197,105,"germany",62,67,13,7,13,19,5,10,11,12,25,18,20,23,18,54,19,13,13,59,59,57,63,66
700,23,179,78,"germany",62,68,26,48,62,58,29,43,28,24,52,47,71,71,70,53,65,63,64,12,7,12,9,9
3000,21,176,68,"germany",62,73,55,49,40,61,45,66,44,43,51,64,76,70,81,54,84,22,28,8,14,5,9,7
4000,22,174,77,"germany",62,71,43,39,55,69,37,64,50,43,66,65,67,70,76,62,77,58,57,9,8,13,10,6
2000,22,195,97,"germany",62,74,12,9,12,18,6,11,12,8,20,14,31,32,36,40,27,12,11,65,62,66,65,63
4000,22,188,73,"germany",62,69,47,40,56,64,30,58,49,49,60,62,57,55,60,58,61,65,65,8,9,7,11,13
3000,20,178,75,"germany",62,75,59,28,48,50,34,62,48,37,35,61,69,63,69,55,68,63,64,7,12,9,7,7
10000,22,185,78,"germany",62,72,53,53,46,69,47,65,50,46,68,67,69,67,69,43,64,36,35,5,8,11,8,15
1000,20,193,80,"germany",62,72,41,66,61,55,58,64,42,33,37,65,64,68,69,52,62,19,20,13,11,11,8,10
1000,26,178,78,"germany",62,63,42,54,44,65,48,60,51,41,62,62,64,62,70,59,72,61,51,5,9,14,11,12
950,21,180,72,"germany",62,75,45,59,40,63,57,66,63,59,51,65,75,79,77,61,74,37,27,14,13,7,15,8
3000,21,184,77,"germany",62,72,43,34,48,65,37,60,55,38,59,62,66,75,63,55,68,64,59,9,6,5,13,14
500,24,187,78,"germany",62,66,49,53,61,63,25,48,33,35,55,58,64,57,58,60,54,59,55,12,9,9,5,15
1000,20,179,71,"germany",62,76,62,55,43,65,57,69,58,44,56,66,75,71,82,59,80,26,24,7,12,9,11,6
500,21,194,90,"germany",62,76,12,8,14,22,7,8,10,9,20,18,27,36,32,51,33,14,13,69,59,57,52,71
500,24,184,75,"germany",62,66,13,7,11,29,7,11,10,11,21,19,33,20,33,55,44,11,9,65,61,58,58,63
1000,21,187,87,"germany",62,68,34,27,51,48,31,43,28,28,40,44,74,72,57,59,66,62,59,13,7,7,10,9
1000,19,186,80,"germany",62,77,10,7,11,23,8,12,12,11,24,15,23,25,27,42,38,9,10,65,62,66,61,64
3000,19,179,76,"germany",62,73,50,60,47,63,50,64,53,48,59,65,69,54,71,49,72,46,42,5,6,12,8,11
1000,20,175,71,"germany",62,74,60,35,48,53,31,54,40,33,42,55,63,69,73,49,71,65,63,12,7,13,9,6
1000,22,186,79,"germany",62,69,64,48,42,57,41,61,60,52,40,60,77,76,62,58,60,58,57,10,6,9,13,12
1000,21,177,70,"germany",62,72,58,43,35,62,49,66,46,38,47,60,80,84,80,53,80,30,34,9,14,13,14,7
1000,24,179,75,"germany",62,65,64,51,44,62,53,65,53,42,54,66,90,87,80,50,80,58,51,13,13,14,10,6
4000,20,180,74,"germany",62,75,47,61,56,55,38,69,37,31,38,66,76,73,81,58,75,14,15,9,6,6,15,12
1000,22,175,73,"germany",62,68,46,26,52,62,24,46,32,34,57,56,71,64,76,56,76,61,60,13,12,10,15,12
1000,23,183,83,"germany",62,68,53,46,51,64,38,58,39,36,59,65,63,62,58,62,61,65,65,12,8,6,14,13
2000,22,177,72,"germany",62,70,62,49,46,60,57,62,60,49,55,59,75,72,77,55,78,41,39,13,12,8,9,10
5000,20,184,67,"germany",62,76,53,64,40,62,53,66,46,41,45,62,79,80,73,65,69,24,28,14,14,14,11,7
3000,19,187,80,"germany",62,78,63,62,40,60,52,70,50,45,53,68,67,67,61,44,59,33,30,9,10,8,7,7
3000,22,183,78,"germany",62,69,58,28,60,64,27,55,31,30,64,60,69,65,65,58,65,61,62,13,6,15,10,10
2000,19,174,69,"germany",62,73,57,45,57,63,40,66,60,40,60,61,75,65,79,58,75,63,60,11,9,10,9,8
2000,20,181,74,"germany",62,76,60,60,43,58,58,63,58,41,54,67,76,74,66,58,71,53,52,13,8,10,13,6
650,21,182,76,"germany",62,70,64,40,50,58,35,61,50,38,44,63,78,79,65,51,61,62,60,14,13,13,11,13
2000,20,188,75,"germany",62,70,59,40,45,62,40,60,42,27,53,63,74,75,67,60,68,59,52,9,15,9,9,10
2000,20,190,88,"germany",62,73,12,8,10,29,8,14,12,10,25,20,25,24,34,45,25,10,13,64,63,62,63,64
1000,22,196,85,"germany",62,70,12,9,11,37,5,6,14,14,34,18,27,29,27,57,29,10,11,60,63,64,59,62
500,22,179,74,"germany",62,68,57,34,45,58,33,61,34,29,45,54,82,82,74,61,73,60,53,8,10,14,13,11
3000,23,172,65,"germany",62,68,59,57,52,62,42,62,62,54,58,63,74,69,77,51,82,48,49,13,13,12,12,6
700,25,190,82,"germany",62,66,34,62,65,53,57,60,39,32,40,62,66,71,59,55,58,23,19,10,13,7,9,13
800,22,186,78,"germany",62,71,42,49,62,64,37,53,44,38,62,59,58,62,57,58,64,60,60,13,12,13,12,7
600,22,192,92,"germany",62,70,8,7,11,22,6,8,12,10,23,14,24,42,38,59,30,8,12,64,60,58,59,62
2000,21,190,83,"germany",62,75,40,63,63,55,60,53,54,43,40,61,66,68,49,60,47,26,31,10,6,9,10,8
1000,18,191,80,"germany",62,77,69,41,57,69,28,54,34,39,59,69,70,69,60,52,60,60,61,11,14,10,7,8
2000,18,194,90,"germany",62,79,36,64,65,57,47,61,43,39,40,62,65,66,50,54,47,24,27,13,8,8,10,14
950,22,190,82,"germany",62,71,29,61,68,52,56,54,38,28,28,58,82,86,54,62,47,25,25,7,10,15,10,13
2000,20,168,72,"germany",62,70,56,60,34,59,45,66,46,38,54,62,85,82,91,52,93,54,50,8,12,10,15,5
600,19,180,77,"germany",62,75,49,41,39,67,43,64,49,40,64,66,67,71,76,63,80,58,54,13,13,9,9,11
700,24,194,82,"germany",62,67,22,29,61,59,35,35,30,22,44,55,53,56,44,50,46,64,59,13,7,15,13,6
3000,22,176,71,"germany",62,70,68,45,45,70,39,58,66,70,66,64,65,66,76,55,72,53,49,6,15,7,14,6
650,19,171,65,"germany",62,73,40,66,56,54,62,65,38,29,37,64,55,60,77,59,74,24,22,7,10,10,11,10
500,23,186,79,"germany",62,68,54,47,57,63,33,54,38,40,59,62,63,64,62,56,67,62,59,14,14,12,10,5
1000,24,194,83,"germany",62,68,45,65,66,58,46,61,30,23,40,62,54,72,52,50,41,20,19,13,7,14,8,13
1000,23,189,81,"germany",62,68,42,55,55,64,29,62,35,37,55,64,68,68,68,63,67,58,49,7,9,14,10,10
750,21,169,63,"germany",62,71,51,58,40,60,53,64,60,42,58,65,80,76,91,54,90,28,25,7,9,9,12,13
550,26,194,84,"germany",62,65,47,29,62,63,32,44,31,39,55,53,57,59,54,56,46,63,53,13,12,5,12,12
2000,20,184,77,"germany",62,74,58,38,58,64,37,58,42,38,60,61,63,68,62,64,62,61,56,9,14,6,13,8
1000,21,181,76,"germany",62,72,58,35,47,60,42,57,48,32,46,58,69,67,70,57,67,63,58,14,10,13,11,8
550,27,184,79,"germany",62,63,57,64,63,54,57,57,56,57,38,61,67,66,60,57,58,28,27,6,11,8,14,10
550,29,185,78,"germany",62,62,61,60,51,59,57,64,58,64,56,61,71,74,80,56,75,28,26,11,7,6,11,7
850,22,180,76,"germany",62,71,50,58,43,61,56,64,52,41,60,67,71,67,71,53,69,38,42,7,7,10,5,14
2000,23,179,69,"germany",62,68,62,57,36,63,54,68,50,40,52,63,67,70,72,59,75,42,46,6,5,13,14,15
500,21,170,70,"germany",62,67,65,62,42,63,58,66,41,32,55,66,72,72,82,42,83,23,23,14,15,10,8,6
500,22,179,70,"germany",62,68,55,63,32,58,62,65,65,30,30,62,78,71,82,65,80,28,28,5,6,6,7,10
500,22,188,74,"germany",62,69,28,23,65,50,20,45,21,29,33,40,56,63,57,60,57,64,63,15,7,7,9,10
500,21,176,72,"germany",62,69,52,27,58,56,20,56,29,28,25,58,74,69,80,53,77,64,64,13,14,11,10,12
2000,19,189,81,"germany",62,77,68,41,58,57,36,57,59,37,48,58,60,68,55,56,54,63,60,10,9,12,6,12
1000,23,194,91,"germany",62,68,29,26,64,49,38,38,37,28,42,47,46,50,44,54,32,62,63,14,14,12,6,13
1000,34,187,82,"germany",61,61,46,24,60,52,31,46,45,35,53,51,38,37,47,56,56,60,57,12,10,15,6,10
2000,22,183,79,"germany",61,70,39,33,57,62,36,47,43,27,58,55,64,54,68,53,68,60,59,11,15,7,9,7
500,24,190,80,"germany",61,68,31,17,62,56,26,51,22,30,48,54,53,53,48,57,43,64,59,11,6,10,12,9
3000,25,187,88,"germany",61,65,9,9,12,20,7,12,10,13,17,13,39,38,37,56,40,9,10,61,59,61,59,62
1000,25,194,88,"germany",61,66,36,27,64,58,33,40,23,25,52,51,52,53,33,61,36,60,58,7,7,9,5,12
1000,22,177,73,"germany",61,70,61,37,38,58,30,60,46,25,44,55,82,73,81,59,79,58,54,14,11,8,5,6
4000,21,185,80,"germany",61,71,56,65,55,64,57,66,56,56,50,68,66,68,67,51,64,25,27,13,13,8,8,8
550,21,180,71,"germany",61,70,58,40,50,52,30,51,63,62,34,59,74,70,69,55,72,62,61,12,13,11,15,14
1000,21,184,72,"germany",61,71,40,62,61,58,56,59,48,38,40,54,80,69,69,62,70,21,17,7,12,8,9,6
600,20,186,76,"germany",61,73,38,25,64,62,26,39,45,25,57,47,55,53,60,60,64,62,54,12,6,10,7,6
600,21,178,76,"germany",61,68,53,28,59,57,40,51,49,28,35,55,76,70,69,52,72,59,57,10,14,12,9,8
500,22,185,81,"germany",61,70,9,5,9,20,7,7,8,10,12,10,40,44,45,45,55,10,12,63,60,58,61,64
3000,21,171,60,"germany",61,74,53,59,33,62,54,65,51,34,49,63,83,79,90,57,90,19,26,11,13,9,8,13
500,21,177,68,"germany",61,71,49,57,44,61,44,60,55,39,55,62,79,77,81,56,89,48,42,10,15,8,8,15
700,23,179,76,"germany",61,67,59,38,50,62,36,61,50,36,55,62,74,83,74,54,70,55,55,6,6,11,6,14
1000,21,183,75,"germany",61,71,55,53,42,55,47,66,55,54,46,64,75,71,72,54,71,35,33,9,14,15,12,7
3000,20,186,76,"germany",61,71,57,32,55,54,35,63,59,28,43,58,80,74,73,57,70,57,53,7,7,9,9,14
3000,21,185,71,"germany",61,70,44,26,64,54,34,29,28,35,48,39,55,61,47,57,54,65,62,10,14,13,8,14
900,22,184,70,"germany",61,70,62,57,56,58,35,65,45,42,53,64,75,76,69,54,72,26,27,8,8,9,9,8
1000,21,187,82,"germany",61,69,52,57,65,59,46,60,39,28,52,63,54,75,63,55,59,21,23,14,6,13,13,6
500,19,185,77,"germany",61,77,26,17,54,51,21,36,23,19,37,59,70,69,68,54,60,64,62,11,13,9,11,14
1000,22,175,68,"germany",61,69,53,42,40,64,43,67,61,40,63,66,70,64,85,60,76,54,49,7,9,6,7,11
1000,20,174,68,"germany",61,76,53,23,50,47,29,55,49,30,43,53,70,70,79,64,81,61,60,10,15,15,12,15
1000,21,180,75,"germany",61,71,55,38,57,61,38,57,40,44,58,60,68,65,65,63,68,58,57,15,7,11,6,13
7000,19,186,71,"germany",61,81,39,67,59,57,48,62,41,32,40,62,67,65,64,54,61,15,16,9,11,11,12,9
1000,20,190,79,"germany",61,75,40,65,61,42,56,55,46,39,31,58,55,62,58,61,51,19,11,8,6,8,10,9
500,22,188,76,"germany",61,70,24,25,58,60,28,59,35,23,52,61,72,66,62,58,59,62,54,10,11,11,10,13
3000,20,185,78,"germany",61,74,16,13,18,31,14,19,16,15,24,25,34,29,26,46,46,15,15,58,60,60,65,62
500,21,180,76,"germany",61,69,46,55,52,62,26,54,48,38,59,62,78,70,71,56,83,60,53,13,7,6,12,14
1000,19,187,81,"germany",61,74,52,31,65,63,29,55,42,31,52,61,63,67,56,54,46,64,57,6,11,8,13,8
850,24,175,73,"germany",61,68,30,59,49,42,55,63,39,34,31,62,79,83,83,65,82,18,10,10,13,13,12,5
2000,19,180,73,"germany",61,79,47,41,47,67,35,60,49,50,64,65,63,55,68,60,68,54,43,11,12,10,14,11
3000,20,183,77,"germany",61,71,52,50,49,66,50,68,63,49,65,65,73,77,67,56,62,54,59,13,8,10,9,7
600,26,182,74,"germany",61,62,38,64,53,53,58,54,54,42,49,55,82,76,66,56,69,30,28,8,6,6,6,8
1000,21,185,78,"germany",61,69,53,32,57,52,33,52,40,40,48,54,60,62,54,56,56,63,60,14,7,9,15,7
800,30,180,67,"germany",61,61,58,60,39,65,60,62,56,44,59,60,70,70,71,43,76,32,33,8,15,8,8,8
850,23,194,81,"germany",61,67,25,20,64,43,28,33,27,25,31,46,56,65,43,59,31,63,58,11,6,6,10,9
1000,19,190,96,"germany",61,75,12,8,13,17,8,11,13,12,15,14,35,36,32,52,31,12,12,63,60,59,57,64
600,21,187,80,"germany",61,69,41,19,60,54,18,39,36,27,48,46,60,56,62,54,57,63,62,5,10,15,10,8
500,25,180,72,"germany",61,64,60,59,48,57,55,61,48,45,48,60,74,77,72,49,69,33,33,6,14,14,12,15
4000,21,180,73,"germany",61,71,60,55,44,60,53,64,51,40,51,62,83,82,71,41,72,35,27,15,5,10,7,10
500,22,202,88,"germany",61,67,28,23,65,55,27,36,27,21,41,47,55,53,34,58,29,62,52,10,12,8,6,10
2000,21,189,78,"germany",61,68,44,22,61,60,23,49,23,26,55,54,58,63,40,54,51,67,64,13,9,9,9,12
1000,22,180,70,"germany",61,67,54,59,53,58,51,64,42,39,47,61,71,70,72,48,68,28,24,9,15,9,14,12
750,22,186,78,"germany",61,68,58,33,47,61,34,52,48,35,58,63,64,60,58,57,57,62,58,15,11,14,7,14
750,24,175,77,"germany",61,65,44,28,45,51,33,52,43,29,43,56,76,80,73,58,80,59,61,11,7,11,13,10
500,22,188,78,"germany",61,69,52,55,39,59,61,60,44,31,44,60,81,85,66,50,63,26,20,11,7,9,13,9
3000,19,183,76,"germany",61,76,52,50,57,67,42,62,52,45,64,59,62,61,62,63,66,55,51,6,6,13,9,15
800,26,175,70,"germany",61,62,57,53,52,66,38,61,52,41,65,63,70,60,80,51,78,38,43,14,14,6,15,13
700,20,183,80,"germany",61,72,59,55,41,61,54,66,57,46,57,63,75,66,68,42,69,29,33,11,15,8,15,9
4000,18,173,60,"germany",61,79,36,66,67,54,53,57,44,42,40,57,69,66,67,55,84,15,16,9,7,12,15,13
1000,18,178,76,"germany",61,77,52,51,29,58,50,70,56,39,47,62,88,84,71,61,70,27,19,10,13,9,14,15
500,17,187,80,"germany",61,79,40,26,60,40,37,32,30,35,40,40,59,63,47,55,55,71,65,14,6,8,6,11
500,25,188,80,"germany",60,63,58,58,61,55,56,61,54,36,37,62,66,66,61,61,66,30,26,14,14,7,14,9
650,24,192,87,"germany",60,67,12,13,16,22,14,12,18,16,20,20,36,34,39,55,35,15,14,62,59,57,57,60
1000,24,194,78,"germany",60,66,27,24,65,58,19,43,26,28,51,50,30,34,54,59,51,65,61,13,14,7,14,14
750,21,180,75,"germany",60,70,53,62,38,57,48,61,50,36,42,58,81,77,69,59,71,26,26,14,14,7,6,15
800,28,187,75,"germany",60,60,49,54,62,63,41,53,44,45,59,59,59,66,62,55,61,64,55,8,13,7,6,13
6000,23,175,65,"germany",60,66,54,43,43,60,39,70,52,44,51,67,73,67,78,46,89,27,22,5,13,7,7,8
500,22,187,80,"germany",60,66,13,5,12,14,6,8,12,10,15,14,27,38,35,49,38,11,13,64,59,59,57,59
750,20,190,77,"germany",60,72,44,61,57,53,54,58,47,30,41,56,70,80,64,57,67,17,19,5,9,13,8,8
500,24,185,78,"germany",60,65,57,43,49,60,38,55,35,32,49,52,67,77,66,55,65,57,54,10,7,14,11,14
500,23,185,78,"germany",60,70,13,9,14,29,7,12,12,13,26,17,36,38,43,57,39,11,11,62,59,64,55,62
800,23,192,84,"germany",60,68,14,9,12,25,8,10,14,11,20,20,32,34,27,57,26,10,11,60,57,57,55,64
1000,22,173,68,"germany",60,64,48,62,55,59,61,62,33,27,45,61,70,76,85,60,85,15,14,8,8,13,11,7
3000,22,182,75,"germany",60,69,39,58,47,63,49,64,48,32,49,60,64,55,68,54,67,36,35,13,10,15,11,11
500,22,182,73,"germany",60,68,49,31,47,59,30,48,34,36,57,55,66,63,70,54,67,58,59,8,14,13,14,8
500,21,190,80,"germany",60,68,10,6,8,23,7,7,9,8,23,14,33,34,30,41,29,9,10,62,61,61,60,62
1000,21,180,85,"germany",60,70,49,60,57,50,50,57,49,37,38,56,69,67,65,55,79,28,18,5,7,14,9,9
500,21,190,78,"germany",60,70,49,59,64,53,53,57,43,33,37,56,74,77,69,54,68,22,13,7,10,7,10,9
1000,21,185,80,"germany",60,71,52,56,47,70,48,57,56,50,64,61,61,52,64,62,65,44,43,10,6,10,9,7
2000,21,181,75,"germany",60,71,43,30,52,65,29,52,46,39,63,58,64,53,66,55,68,62,58,7,5,8,7,9
2000,22,195,85,"germany",60,70,12,6,14,16,9,13,14,11,22,17,19,24,34,54,28,12,13,64,55,59,56,62
8000,20,178,66,"germany",60,74,52,68,45,50,58,63,45,42,43,63,77,75,74,45,71,26,20,8,11,5,14,12
11000,20,174,67,"germany",60,74,56,60,55,55,56,60,54,40,45,60,76,71,77,60,76,33,24,12,8,12,6,12
650,24,190,83,"germany",60,65,49,34,63,49,22,36,38,37,40,39,39,63,46,54,40,64,61,5,12,5,12,8
3000,22,186,85,"germany",60,70,13,8,13,24,10,14,16,15,21,19,45,42,49,59,50,10,11,63,57,57,54,62
550,21,183,75,"germany",60,70,50,43,59,65,43,56,48,46,61,61,61,55,66,54,65,66,62,11,6,11,7,13
3000,19,190,87,"germany",60,77,14,7,10,28,9,14,11,11,26,18,29,28,38,49,25,10,14,62,61,59,58,62
2000,20,183,72,"germany",60,76,42,42,60,67,36,56,42,45,63,62,55,52,61,53,62,63,61,12,6,11,9,11
1000,18,182,81,"germany",60,80,52,61,33,64,44,65,50,39,55,66,69,65,72,40,71,37,36,11,8,15,10,5
2000,19,172,68,"germany",60,74,49,54,51,70,52,60,61,51,66,62,68,61,69,55,73,57,54,8,15,11,11,12
850,24,187,82,"germany",60,66,50,39,56,58,29,48,44,48,53,54,63,63,64,56,64,60,61,15,11,14,10,7
500,17,188,81,"germany",60,82,44,22,62,45,24,44,23,20,36,49,83,86,63,51,57,64,59,12,8,8,10,8
1000,19,190,83,"germany",60,74,10,9,12,29,12,15,13,12,17,20,35,32,29,52,34,10,13,63,58,59,56,65
550,22,186,71,"germany",60,68,50,60,45,56,51,64,60,30,48,59,83,89,80,54,61,40,41,15,12,7,11,13
2000,20,192,83,"germany",60,72,9,4,12,26,4,9,11,10,22,10,24,29,29,50,24,13,11,60,58,56,59,63
2000,20,172,62,"germany",60,70,58,35,40,61,32,55,41,33,40,58,79,73,75,51,87,57,53,8,12,14,14,5
1000,20,190,82,"germany",60,71,37,33,61,55,27,41,29,22,52,42,52,58,48,55,43,62,60,12,11,11,15,12
1000,20,181,78,"germany",60,67,49,60,57,55,49,60,36,30,52,61,69,73,66,58,70,22,20,10,14,6,13,9
1000,18,175,70,"germany",60,71,50,64,39,62,42,66,44,41,49,67,69,66,71,47,76,27,31,10,9,13,10,12
2000,19,193,86,"germany",60,75,27,21,62,55,30,39,26,28,49,50,63,69,48,45,47,65,60,11,11,8,9,11
3000,18,187,84,"germany",60,79,42,66,65,55,55,52,48,35,33,60,59,63,61,53,63,18,22,15,10,11,7,9
2000,21,177,71,"germany",60,70,55,56,46,66,49,63,47,43,59,65,73,64,77,52,78,57,44,12,12,8,10,14
2000,18,188,82,"germany",60,76,34,25,61,36,36,36,35,37,33,47,54,64,44,60,46,66,64,8,14,11,6,9
500,17,172,64,"germany",60,74,45,47,30,57,52,68,54,41,43,62,82,71,89,60,90,39,41,7,14,14,8,7
800,22,193,87,"germany",60,71,34,26,64,50,27,28,31,25,47,44,58,59,56,53,43,65,57,7,12,6,6,8
600,22,194,82,"germany",60,66,28,33,62,46,22,45,28,27,43,50,52,64,52,50,45,63,60,14,9,10,6,11
500,21,189,79,"germany",60,67,53,44,57,58,28,57,45,28,54,55,68,67,50,57,59,63,60,12,12,5,5,13
500,19,185,84,"germany",60,74,35,29,47,60,30,56,33,29,55,62,68,67,66,59,67,57,59,7,7,12,13,11
500,22,185,75,"germany",60,66,49,30,56,51,22,50,29,26,37,50,72,71,67,58,60,62,59,6,14,7,8,11
1000,21,180,80,"germany",60,69,59,59,42,55,49,65,47,45,49,64,69,74,71,50,68,31,30,10,5,6,9,7
1000,20,191,83,"germany",60,73,37,24,52,60,22,33,22,22,57,41,61,54,52,64,48,63,61,7,6,13,11,14
500,20,187,82,"germany",60,68,54,35,51,55,37,60,53,34,52,56,69,67,59,53,61,58,57,7,9,8,12,14
2000,19,181,73,"germany",60,75,45,39,58,63,37,58,45,37,54,63,57,62,55,61,64,64,62,8,6,14,13,9
1000,28,189,87,"germany",59,60,22,18,58,47,15,39,31,32,41,48,60,56,44,54,52,58,57,7,12,15,7,11
700,22,185,75,"germany",59,69,25,25,54,49,23,47,25,27,39,43,60,55,61,55,61,60,57,10,6,5,7,11
700,24,178,70,"germany",59,65,54,50,32,67,42,65,44,35,60,66,75,67,79,52,82,35,34,9,14,8,9,7
1000,22,190,81,"germany",59,66,38,20,62,57,24,49,33,19,50,55,61,50,55,45,53,63,60,6,8,9,6,5
2000,22,191,76,"germany",59,68,26,17,20,30,14,24,21,17,30,29,50,51,30,53,35,20,11,60,57,60,56,63
650,21,183,72,"germany",59,71,52,58,35,57,43,60,52,38,52,66,61,74,70,52,67,30,31,10,12,12,8,5
650,24,179,76,"germany",59,64,52,53,38,61,44,63,37,36,59,60,70,73,74,54,78,43,40,5,9,12,7,6
500,21,188,83,"germany",59,67,11,5,14,20,6,14,12,12,18,15,25,26,32,49,25,11,11,60,60,60,57,60
3000,20,181,76,"germany",59,70,33,25,56,44,35,41,35,31,42,43,64,60,64,54,64,63,62,7,8,15,10,8
3000,21,183,73,"germany",59,73,39,47,54,65,41,63,43,39,61,65,67,67,68,58,67,48,47,12,5,12,6,6
650,21,193,82,"germany",59,69,34,60,61,52,51,51,45,34,38,59,61,66,53,54,46,35,31,11,15,13,11,9
2000,19,174,62,"germany",59,76,37,43,39,63,39,61,48,39,64,65,68,64,78,54,82,58,59,11,9,8,7,11
750,20,177,74,"germany",59,70,42,43,35,58,55,66,63,35,55,64,65,66,73,63,73,40,44,6,11,6,14,12
2000,20,176,69,"germany",59,73,49,51,53,66,58,63,58,60,65,62,68,60,78,57,75,52,52,15,14,11,8,7
750,19,191,82,"germany",59,73,12,8,11,24,7,8,14,11,28,16,23,24,25,40,45,10,9,62,59,57,57,64
3000,19,182,80,"germany",59,74,46,61,46,55,44,57,42,33,35,55,93,90,71,52,73,33,24,13,9,8,13,14
2000,19,192,78,"germany",59,75,33,28,61,52,33,40,26,50,54,48,55,51,42,50,42,66,65,12,8,10,8,7
2000,21,187,80,"germany",59,71,27,24,63,30,26,31,24,23,34,36,62,59,42,49,52,63,55,11,6,6,11,12
3000,20,183,73,"germany",59,68,55,50,55,64,45,60,45,42,62,60,63,62,68,56,69,61,55,7,7,8,12,14
650,22,186,78,"germany",59,68,11,5,10,28,8,12,14,13,18,19,30,18,24,47,34,12,11,60,58,54,59,62
1000,21,181,69,"germany",59,67,51,24,48,53,27,57,36,33,48,47,78,68,63,55,68,60,58,11,10,8,10,8
2000,20,192,89,"germany",59,73,10,8,12,26,6,9,7,9,24,14,20,27,28,54,31,15,12,60,58,56,55,60
2000,19,186,80,"germany",59,71,42,30,61,59,37,54,38,33,55,56,70,66,52,54,52,63,57,12,14,8,15,11
3000,18,173,57,"germany",59,76,52,47,39,65,50,69,54,47,59,70,64,68,71,60,78,52,43,9,7,6,8,5
2000,23,194,86,"germany",59,64,11,5,11,22,5,5,13,13,23,11,23,27,33,44,26,12,12,60,58,61,60,62
2000,18,180,76,"germany",59,79,47,67,62,51,49,47,52,32,32,53,78,77,76,55,65,20,15,10,14,13,7,7
4000,19,180,72,"germany",59,74,55,51,49,58,53,64,56,49,62,62,72,69,60,56,71,43,40,10,14,8,9,12
1000,19,188,92,"germany",59,74,10,4,12,24,6,5,11,8,26,12,21,22,25,51,35,10,11,60,54,57,58,63
4000,18,181,70,"germany",59,76,56,53,39,55,45,69,57,38,42,66,69,66,70,44,67,38,26,14,12,8,14,14
5000,20,180,62,"germany",59,75,50,45,38,60,39,66,52,45,58,62,63,61,72,49,69,31,27,11,9,8,5,12
2000,19,182,75,"germany",59,76,53,50,42,56,45,64,53,48,51,67,70,65,68,51,67,25,22,14,6,9,15,8
4000,22,192,85,"germany",59,68,25,60,64,56,53,48,30,28,32,57,51,58,54,55,41,25,23,13,7,10,10,7
2000,19,183,75,"germany",59,77,55,59,48,42,63,65,57,43,40,66,65,70,67,51,64,21,19,13,13,14,9,11
550,20,181,75,"germany",59,70,60,28,45,58,25,54,48,33,47,51,75,61,84,51,82,56,59,13,7,9,11,15
650,20,174,74,"germany",59,68,50,37,43,65,29,52,42,40,62,60,73,69,81,59,79,56,54,6,9,10,11,9
750,20,184,83,"germany",59,69,35,59,52,54,55,61,42,30,29,56,73,74,70,56,68,19,21,7,6,10,14,9
500,28,178,75,"germany",59,59,56,30,55,52,20,53,30,27,46,57,62,59,75,53,72,60,60,11,12,13,7,15
500,26,187,79,"germany",59,60,55,56,37,54,47,59,39,36,46,61,68,71,57,54,59,57,55,8,8,9,11,11
500,21,188,75,"germany",59,67,40,64,57,53,54,53,48,34,40,63,59,60,63,50,73,19,14,15,8,11,9,6
2000,19,185,71,"germany",59,72,23,25,58,54,24,34,25,26,48,52,57,59,58,54,63,64,63,10,7,13,8,6
700,23,180,70,"germany",59,66,57,55,52,62,53,63,50,45,47,61,70,71,72,39,70,27,28,11,7,6,14,5
1000,20,185,79,"germany",59,71,53,43,51,60,34,60,42,38,58,64,71,61,51,56,54,60,56,11,6,8,9,14
500,18,176,70,"germany",59,74,53,52,36,57,42,63,56,36,50,61,70,65,76,53,73,43,33,14,14,6,10,10
500,18,181,79,"germany",59,70,27,60,58,53,54,52,52,33,43,61,65,61,63,51,64,35,31,7,9,9,9,13
3000,19,171,64,"germany",59,71,50,61,40,56,50,65,39,40,45,60,75,70,75,45,90,31,22,6,7,12,13,7
1000,19,191,88,"germany",59,76,10,9,13,27,5,7,13,11,26,13,31,29,33,42,25,13,13,62,57,59,57,62
750,18,187,80,"germany",59,76,46,51,61,54,47,42,39,40,43,53,54,63,61,57,61,61,57,11,14,8,9,5
2000,18,176,64,"germany",59,77,47,42,59,66,35,58,47,42,57,60,71,70,62,57,78,62,69,12,10,13,15,9
2000,18,181,74,"germany",59,77,33,27,61,43,34,30,36,35,35,34,55,55,45,57,65,68,69,7,12,14,5,8
1000,20,181,72,"germany",59,74,49,56,44,53,35,68,39,38,45,62,72,80,74,52,72,45,34,12,11,8,8,11
500,28,191,83,"germany",59,60,33,28,57,55,20,39,22,26,38,53,53,52,39,50,56,61,60,12,13,10,15,14
2000,21,188,81,"germany",59,68,52,30,57,57,22,50,32,30,48,44,63,68,56,54,50,63,58,13,12,6,10,12
3000,24,186,81,"germany",59,64,52,44,59,60,41,42,42,45,55,51,58,62,56,55,63,57,56,5,11,13,11,11
2000,19,187,83,"germany",59,71,54,29,56,61,29,44,55,65,58,48,55,55,55,54,62,59,66,15,9,5,6,7
1000,18,188,86,"germany",59,75,26,28,60,49,31,39,29,28,42,44,55,55,50,50,41,67,65,13,13,6,11,13
2000,18,175,71,"germany",59,77,52,60,37,54,53,68,52,49,50,65,66,68,66,47,72,28,30,14,15,14,9,8
500,31,179,77,"germany",58,58,54,35,52,62,47,56,48,49,53,61,67,65,75,49,75,53,58,16,10,15,14,10
3000,21,182,84,"germany",58,67,57,61,53,52,41,60,37,24,35,59,71,70,67,52,70,28,18,11,7,10,13,12
800,22,180,77,"germany",58,65,44,42,48,62,36,54,35,34,39,58,64,68,64,45,64,62,57,12,7,6,9,7
500,20,192,79,"germany",58,67,12,12,12,19,12,11,13,14,25,10,18,16,19,57,29,14,13,58,63,56,54,54
500,23,185,80,"germany",58,66,32,61,53,53,55,52,39,27,39,55,63,67,63,53,59,12,18,6,13,12,6,14
2000,22,186,82,"germany",58,68,11,6,15,16,8,10,15,10,22,19,26,30,25,47,37,11,11,62,61,59,56,56
950,20,195,85,"germany",58,69,8,9,11,23,7,11,11,11,17,14,24,25,27,42,20,12,10,59,60,56,55,61
750,21,180,71,"germany",58,69,52,39,39,66,44,62,50,45,63,60,69,65,75,55,74,48,47,15,14,7,6,11
550,24,188,92,"germany",58,66,7,8,10,18,6,9,10,8,14,18,33,50,48,56,47,9,11,59,57,55,54,58
550,21,200,93,"germany",58,70,15,7,11,21,6,8,15,8,20,11,29,42,28,47,22,9,12,65,56,54,58,57
3000,20,174,70,"germany",58,73,59,40,48,60,50,58,45,41,63,60,68,63,78,57,84,58,56,7,9,15,11,14
750,22,188,71,"germany",58,66,39,39,43,65,40,58,45,38,64,59,63,57,60,59,54,54,47,15,10,12,8,12
2000,19,180,70,"germany",58,70,58,38,49,66,36,62,50,46,57,63,66,63,67,49,68,58,54,6,6,5,14,15
2000,21,189,83,"germany",58,65,11,6,12,17,8,8,14,12,25,18,42,37,35,60,38,12,11,58,57,56,54,60
1000,20,190,85,"germany",58,70,11,6,10,29,6,12,14,14,19,18,42,44,46,58,40,12,12,57,55,56,56,62
950,21,186,79,"germany",58,68,12,6,10,20,6,7,14,14,20,15,30,33,36,32,37,13,14,62,59,58,57,65
500,18,179,74,"germany",58,77,47,52,39,63,36,57,40,38,54,66,66,68,78,52,75,25,38,10,10,12,14,6
2000,18,184,73,"germany",58,72,50,51,53,63,49,58,43,33,59,61,55,54,63,58,60,60,61,15,14,12,12,10
1000,19,195,80,"germany",58,73,32,26,63,48,33,38,27,25,40,41,54,52,34,52,34,63,62,8,6,9,12,15
950,20,187,77,"germany",58,72,35,23,53,40,31,28,29,31,33,42,62,68,63,48,55,65,60,10,8,10,8,7
650,18,187,72,"germany",58,70,40,59,39,49,45,59,43,34,47,60,84,83,70,45,70,23,24,12,14,12,14,7
1000,20,183,79,"germany",58,68,53,46,43,51,43,56,56,32,44,52,75,76,67,55,69,57,58,10,7,8,13,6
1000,18,188,80,"germany",58,74,42,40,54,61,43,58,41,49,61,57,52,54,53,46,57,62,62,7,12,12,9,10
500,19,186,78,"germany",58,70,30,18,58,58,25,35,29,24,45,49,53,56,63,39,56,62,57,11,8,11,12,15
500,18,186,90,"germany",58,74,12,6,11,26,9,9,11,13,20,17,28,21,24,39,30,12,9,61,57,53,58,62
600,20,180,74,"germany",58,66,58,59,53,59,43,63,52,42,52,60,69,79,76,38,74,23,26,7,9,10,13,13
500,19,186,79,"germany",58,70,26,20,56,54,26,26,30,32,50,34,56,55,65,49,56,61,60,7,14,9,6,15
550,21,178,68,"germany",58,67,61,36,38,57,28,55,40,29,50,56,76,61,78,48,78,58,60,6,14,8,7,14
500,19,184,79,"germany",58,73,31,27,64,59,26,48,31,33,59,54,61,66,61,53,62,62,59,10,8,10,13,7
500,38,195,90,"germany",58,58,10,5,13,16,8,13,14,13,24,13,27,28,30,46,25,10,11,60,59,60,59,57
500,18,174,67,"germany",58,72,54,55,29,55,51,60,52,44,37,55,79,83,86,52,83,18,22,8,11,12,14,13
500,19,175,68,"germany",58,70,46,56,38,56,42,60,38,36,42,57,83,78,79,46,79,25,27,14,12,9,12,14
950,18,178,68,"germany",58,76,40,53,41,62,42,64,50,47,51,61,63,65,66,52,72,31,38,6,12,9,11,9
500,17,179,75,"germany",58,73,54,46,43,55,43,54,55,26,53,51,70,66,72,52,69,56,54,10,9,7,6,5
3000,18,179,67,"germany",58,75,51,40,55,68,35,59,48,45,64,57,60,64,57,56,70,66,61,11,9,8,12,6
700,18,190,82,"germany",58,76,12,8,13,21,6,9,13,14,15,12,24,29,28,56,22,14,12,60,54,57,54,62
2000,18,178,62,"germany",58,75,34,30,61,39,32,36,33,32,36,43,55,55,53,53,72,69,68,13,7,8,8,12
500,20,180,75,"germany",58,64,53,45,54,58,30,48,32,36,55,57,63,68,63,50,68,60,57,6,14,12,13,6
500,17,186,79,"germany",58,71,44,52,56,61,48,57,46,41,62,59,67,70,59,55,51,59,56,13,10,6,14,11
2000,20,185,76,"germany",58,67,31,21,56,52,35,43,36,31,50,48,61,62,48,52,57,62,61,8,9,7,12,9
600,18,171,67,"germany",58,76,50,54,46,52,52,60,51,43,47,54,81,80,86,54,82,54,51,13,14,8,11,13
2000,19,186,75,"germany",58,70,58,57,32,55,49,66,53,42,50,61,69,69,61,39,56,28,22,8,7,7,9,5
2000,20,177,72,"germany",57,72,45,51,50,62,42,55,46,38,56,60,69,66,71,54,74,56,52,13,14,9,12,6
2000,20,180,75,"germany",57,71,48,55,35,60,42,58,49,56,58,61,62,53,65,44,69,49,44,9,8,14,11,5
2000,20,184,93,"germany",57,67,30,58,59,50,44,50,31,25,28,54,61,69,69,48,76,29,23,9,9,8,14,12
3000,19,182,78,"germany",57,74,49,43,50,63,45,58,55,36,59,60,54,51,68,49,66,57,54,11,6,12,14,6
700,21,189,77,"germany",57,67,37,27,58,44,27,33,23,25,38,42,58,63,56,58,52,59,57,8,13,11,5,13
750,20,194,89,"germany",57,68,44,61,54,50,50,56,50,36,34,56,65,64,69,45,69,24,25,13,7,12,11,11
2000,21,180,73,"germany",57,67,55,53,40,59,41,59,48,47,49,61,69,63,72,46,71,41,43,7,13,14,15,13
700,20,192,83,"germany",57,67,36,34,52,56,32,52,38,34,52,54,60,51,54,48,34,58,55,11,10,6,7,10
2000,19,186,82,"germany",57,69,29,26,60,41,36,27,32,34,35,36,60,62,58,49,53,63,64,12,6,10,15,13
650,22,180,78,"germany",57,66,54,21,41,52,29,52,52,29,45,48,69,71,65,54,64,52,54,5,13,6,12,15
550,19,182,70,"germany",57,69,41,45,46,58,41,58,42,39,49,57,71,73,67,59,73,57,50,9,15,15,15,6
1000,21,171,70,"germany",57,66,48,42,48,67,39,61,46,47,62,64,66,68,77,53,80,51,50,7,14,12,14,10
500,17,192,75,"germany",57,76,27,22,58,44,20,39,24,22,33,44,50,52,48,52,56,61,59,7,6,15,9,9
1000,19,187,75,"germany",57,70,33,61,55,49,47,57,44,40,31,58,72,68,63,51,59,15,17,15,5,9,9,6
500,19,196,85,"germany",57,68,38,34,55,52,27,38,36,24,48,49,50,56,44,50,30,57,55,14,8,10,6,12
550,20,172,70,"germany",57,68,59,34,37,56,24,54,46,31,45,51,77,59,79,47,88,55,59,7,7,8,8,9
500,20,182,74,"germany",57,64,57,53,46,53,50,56,44,33,45,58,69,68,71,47,66,30,29,14,8,13,8,15
500,18,187,80,"germany",57,71,25,19,56,42,18,24,26,27,38,35,60,62,57,48,54,61,60,8,6,7,6,14
550,19,177,70,"germany",57,70,33,31,49,60,37,52,35,38,52,58,71,65,76,53,78,55,52,14,7,9,9,7
500,18,185,75,"germany",57,71,25,19,55,42,18,28,23,24,34,32,53,58,56,52,57,63,60,10,10,8,10,11
850,18,181,77,"germany",57,68,32,55,51,50,48,63,53,29,41,55,81,80,66,55,61,13,12,9,11,6,6,11
1000,21,187,81,"germany",57,65,12,6,12,28,7,7,11,13,26,17,22,21,25,44,31,11,13,59,53,55,58,60
2000,20,189,81,"germany",57,66,32,25,52,55,25,43,24,29,42,53,59,55,48,49,49,60,54,12,11,10,10,5
500,20,192,82,"germany",57,64,13,8,10,24,8,9,12,10,22,13,29,27,24,49,30,13,12,55,59,58,56,55
550,17,177,68,"germany",57,77,58,37,41,65,46,60,56,45,49,62,68,64,77,52,77,39,44,11,14,14,8,12
3000,18,178,73,"germany",57,72,55,51,42,55,51,63,50,43,51,56,64,67,63,50,69,30,29,11,10,8,7,13
500,17,186,78,"germany",57,72,48,43,50,62,42,54,40,37,58,60,65,62,64,57,56,61,56,9,14,11,5,8
2000,22,168,65,"germany",56,62,42,57,32,62,55,59,49,60,56,61,66,66,89,54,93,43,31,14,13,6,10,10
3000,24,196,90,"germany",56,61,10,8,11,28,8,12,11,9,27,17,28,38,29,49,22,14,15,61,57,52,51,56
500,19,178,68,"germany",56,65,13,10,15,25,9,14,12,11,32,22,27,26,29,47,41,12,13,56,58,57,57,53
3000,23,186,80,"germany",56,63,8,8,11,20,6,9,13,11,18,13,40,44,41,53,44,8,12,60,55,60,52,55
750,20,182,74,"germany",56,69,47,56,36,43,45,60,40,38,39,54,80,83,72,55,71,25,24,8,12,6,11,15
500,18,178,71,"germany",56,74,49,30,43,51,26,49,29,25,41,57,82,62,77,51,75,48,50,13,12,11,8,13
1000,18,173,67,"germany",56,70,53,45,34,56,44,62,60,45,52,61,64,55,71,56,80,29,36,7,12,7,13,12
2000,21,178,66,"germany",56,66,51,21,54,53,32,33,29,26,46,59,61,62,68,44,71,59,57,13,7,8,14,8
3000,19,182,74,"germany",56,68,45,64,41,55,47,58,46,36,41,60,75,72,73,44,63,24,30,13,9,7,11,11
650,19,174,65,"germany",56,69,48,31,48,50,27,44,28,30,47,46,72,73,79,51,78,55,54,13,15,13,9,12
500,19,175,67,"germany",56,69,51,56,30,55,49,60,48,32,40,57,67,69,84,46,80,22,21,13,12,7,15,6
500,18,190,80,"germany",56,72,11,7,14,21,5,13,11,11,28,16,26,25,28,53,25,12,11,51,54,55,52,62
500,18,190,80,"germany",56,69,13,8,11,20,7,7,12,11,19,13,28,26,31,48,29,13,12,59,54,52,49,61
550,19,178,73,"germany",56,69,34,60,45,54,48,58,43,35,39,57,69,65,72,50,74,31,29,11,10,5,6,7
500,17,182,75,"germany",56,71,47,37,34,62,39,54,51,35,58,60,63,62,66,50,58,53,48,11,14,9,12,11
500,18,178,76,"germany",56,72,40,51,41,58,42,59,40,40,56,54,71,61,75,56,65,42,37,9,6,10,14,7
500,18,182,77,"germany",56,69,45,22,53,50,23,45,31,34,37,53,62,63,67,54,64,57,54,13,13,12,7,8
750,19,176,65,"germany",56,71,49,56,39,50,50,60,47,40,43,57,77,81,79,37,75,24,21,9,8,9,6,10
3000,22,183,78,"germany",56,64,39,50,53,60,39,54,51,49,55,56,59,63,60,55,63,59,58,15,9,8,8,9
1000,18,178,71,"germany",56,70,57,59,47,54,59,56,58,43,44,57,62,65,61,36,66,28,23,13,7,6,11,10
1000,18,182,74,"germany",56,73,52,34,47,51,34,53,45,35,41,52,62,64,60,57,61,52,49,15,6,13,7,6
500,21,182,75,"germany",55,65,6,7,9,21,9,6,10,7,20,11,34,34,37,39,30,10,11,59,57,51,51,58
500,24,186,80,"germany",55,59,11,7,14,33,9,7,13,13,25,14,32,36,45,41,48,14,10,56,57,56,52,56
2000,20,193,93,"germany",55,69,12,7,10,19,8,5,12,11,19,16,18,28,27,38,24,11,14,55,56,50,55,61
2000,19,183,70,"germany",55,69,33,59,58,53,43,53,40,30,39,58,51,55,69,53,65,29,19,13,6,7,6,8
650,21,188,87,"germany",55,64,13,7,10,23,5,8,8,12,21,14,34,48,44,39,58,9,12,58,56,55,52,57
2000,20,193,83,"germany",55,68,22,18,52,45,21,24,29,25,40,33,58,55,59,47,60,62,57,10,12,13,10,8
850,20,185,76,"germany",55,66,34,60,48,50,47,58,48,28,37,60,63,54,59,47,60,23,21,5,10,13,8,7
550,20,185,81,"germany",55,68,32,58,48,51,42,53,38,29,35,59,73,73,62,55,64,11,19,11,10,6,12,10
1000,20,186,74,"germany",55,65,12,9,10,18,9,11,12,12,21,16,30,31,25,56,28,11,13,55,54,55,52,54
1000,20,194,85,"germany",55,70,11,6,11,26,5,5,12,12,15,19,27,17,33,48,25,12,12,59,51,51,58,50
500,17,170,60,"germany",55,74,51,41,37,62,43,57,50,46,57,58,60,64,61,48,76,30,28,7,7,6,13,14
800,18,182,74,"germany",55,75,55,49,36,56,39,62,52,42,53,60,66,65,67,48,70,29,27,8,8,10,13,6
500,19,177,68,"germany",55,67,48,41,49,59,43,54,49,40,56,55,72,57,79,55,75,54,51,12,6,15,14,7
500,18,188,75,"germany",55,72,9,8,12,17,9,10,12,11,24,17,25,30,40,48,37,12,12,54,55,59,52,55
550,20,182,72,"germany",55,65,56,53,43,59,50,50,51,37,54,57,73,71,74,39,67,30,33,8,7,12,6,10
500,18,188,76,"germany",55,67,33,56,54,49,33,61,39,33,38,56,70,69,61,53,56,19,15,7,12,11,12,12
500,20,198,90,"germany",55,67,13,9,15,21,7,12,11,11,20,18,30,36,28,51,24,12,12,57,51,54,50,58
600,19,178,72,"germany",55,71,31,60,50,55,32,60,36,28,33,53,80,68,73,55,76,12,16,14,6,11,7,13
500,19,195,87,"germany",55,67,15,8,10,22,9,9,12,11,18,13,30,26,25,52,30,13,11,54,58,56,53,52
500,19,180,71,"germany",55,66,39,25,51,33,24,47,31,33,25,51,77,70,71,50,73,54,52,6,13,14,10,7
500,18,186,74,"germany",55,66,33,42,43,61,35,56,47,42,62,58,66,65,64,53,60,54,53,9,8,14,13,14
500,18,172,68,"germany",55,71,35,45,45,62,40,55,50,31,58,55,71,71,88,65,87,52,46,13,8,6,13,10
500,17,183,71,"germany",55,73,27,19,53,35,28,36,31,21,31,36,55,55,46,48,64,59,56,7,15,13,11,11
500,17,180,72,"germany",55,67,47,46,36,55,48,59,50,45,52,58,69,69,73,53,69,33,35,12,9,13,10,15
500,17,189,75,"germany",55,75,10,5,13,23,8,6,12,12,28,12,31,33,30,42,36,14,10,56,55,54,53,59
500,20,187,86,"germany",54,67,13,6,11,22,13,4,12,13,28,23,21,23,45,39,36,13,10,57,54,55,52,58
500,20,189,83,"germany",54,67,11,9,11,19,9,5,12,14,27,15,21,19,27,39,37,11,12,57,55,53,52,56
650,21,198,87,"germany",54,64,11,9,11,20,6,5,14,10,17,14,20,32,25,52,22,11,10,52,49,54,50,59
600,20,168,57,"germany",54,66,43,55,31,52,50,59,46,42,43,56,83,61,86,47,85,34,32,12,8,9,5,12
500,19,190,82,"germany",54,68,12,8,12,16,7,14,12,13,27,19,23,31,32,45,33,10,14,54,53,55,54,57
500,18,187,84,"germany",54,72,7,7,11,26,6,8,10,8,25,14,41,43,35,49,40,9,15,57,55,54,48,55
500,18,193,84,"germany",54,75,10,8,10,22,8,10,10,10,32,21,31,20,26,51,60,13,11,56,55,49,51,54
500,19,193,73,"germany",54,66,14,6,13,23,8,11,13,13,20,12,29,22,31,45,27,10,12,54,51,55,52,57
500,17,187,76,"germany",54,70,35,22,54,55,25,30,27,19,41,46,69,69,55,42,58,57,53,5,9,9,8,5
500,19,190,80,"germany",54,67,55,55,45,37,56,52,42,35,30,57,62,74,53,34,48,22,25,9,11,7,10,5
500,18,184,77,"germany",54,70,20,19,56,43,27,26,21,23,28,30,55,64,50,51,64,58,54,14,13,13,7,6
500,18,180,75,"germany",54,69,55,32,38,57,29,56,48,37,52,58,64,63,60,48,62,42,40,10,12,6,6,12
500,17,177,69,"germany",54,72,47,43,35,59,44,56,51,38,56,58,66,63,75,46,74,29,31,11,6,9,11,13
500,18,183,67,"germany",53,70,39,29,50,59,31,49,35,39,49,59,59,54,67,55,67,52,54,14,14,14,10,11
500,18,175,65,"germany",53,71,40,32,37,53,32,58,31,28,42,57,73,78,73,46,79,50,46,14,8,6,11,10
500,19,186,84,"germany",53,68,28,15,46,50,23,24,26,21,45,29,55,62,64,41,55,61,57,13,13,15,15,6
700,19,181,70,"germany",53,68,40,49,46,59,36,55,40,39,53,58,63,58,59,57,69,35,37,12,13,7,8,7
650,21,190,88,"germany",52,63,11,6,13,21,7,8,9,10,20,16,31,40,30,41,45,15,13,56,54,53,44,55
650,19,188,83,"germany",52,66,13,9,13,22,5,12,12,10,19,15,19,15,21,47,38,12,10,53,45,47,52,57
500,18,182,76,"germany",51,67,37,38,45,57,38,55,39,31,49,50,64,64,63,54,62,50,47,11,11,7,13,7
